trade_date,contract,close,source
2024-09-16,ZQF27,97.1500,yahoo
2024-09-16,ZQF28,96.8750,yahoo
2024-09-16,ZQG27,97.1350,yahoo
2024-09-16,ZQG28,96.8600,yahoo
2024-09-16,ZQH27,97.1200,yahoo
2024-09-16,ZQJ27,97.0800,yahoo
2024-09-16,ZQK27,97.0550,yahoo
2024-09-16,ZQM27,97.0350,yahoo
2024-09-16,ZQN27,97.0150,yahoo
2024-09-16,ZQQ27,96.9350,yahoo
2024-09-16,ZQU26,97.2100,yahoo
2024-09-16,ZQU27,96.9350,yahoo
2024-09-16,ZQV26,97.2050,yahoo
2024-09-16,ZQV27,96.9300,yahoo
2024-09-16,ZQX26,97.1850,yahoo
2024-09-16,ZQX27,96.9100,yahoo
2024-09-16,ZQZ26,97.1650,yahoo
2024-09-16,ZQZ27,96.8900,yahoo
2024-09-17,ZQF27,97.0950,yahoo
2024-09-17,ZQF28,96.8200,yahoo
2024-09-17,ZQG27,97.0800,yahoo
2024-09-17,ZQG28,96.8050,yahoo
2024-09-17,ZQH27,97.0650,yahoo
2024-09-17,ZQJ27,97.0250,yahoo
2024-09-17,ZQK27,97.0000,yahoo
2024-09-17,ZQM27,96.9800,yahoo
2024-09-17,ZQN27,96.9600,yahoo
2024-09-17,ZQQ27,96.8800,yahoo
2024-09-17,ZQU26,97.1550,yahoo
2024-09-17,ZQU27,96.8800,yahoo
2024-09-17,ZQV26,97.1500,yahoo
2024-09-17,ZQV27,96.8750,yahoo
2024-09-17,ZQX26,97.1300,yahoo
2024-09-17,ZQX27,96.8550,yahoo
2024-09-17,ZQZ26,97.1100,yahoo
2024-09-17,ZQZ27,96.8350,yahoo
2024-09-18,ZQF27,97.0650,yahoo
2024-09-18,ZQF28,96.7900,yahoo
2024-09-18,ZQG27,97.0500,yahoo
2024-09-18,ZQG28,96.7750,yahoo
2024-09-18,ZQH27,97.0350,yahoo
2024-09-18,ZQJ27,96.9950,yahoo
2024-09-18,ZQK27,96.9700,yahoo
2024-09-18,ZQM27,96.9500,yahoo
2024-09-18,ZQN27,96.9300,yahoo
2024-09-18,ZQQ27,96.8500,yahoo
2024-09-18,ZQU26,97.1250,yahoo
2024-09-18,ZQU27,96.8500,yahoo
2024-09-18,ZQV26,97.1200,yahoo
2024-09-18,ZQV27,96.8450,yahoo
2024-09-18,ZQX26,97.1000,yahoo
2024-09-18,ZQX27,96.8250,yahoo
2024-09-18,ZQZ26,97.0800,yahoo
2024-09-18,ZQZ27,96.8050,yahoo
2024-09-19,ZQF27,97.0650,yahoo
2024-09-19,ZQF28,96.7900,yahoo
2024-09-19,ZQG27,97.0500,yahoo
2024-09-19,ZQG28,96.7750,yahoo
2024-09-19,ZQH27,97.0350,yahoo
2024-09-19,ZQJ27,96.9950,yahoo
2024-09-19,ZQK27,96.9700,yahoo
2024-09-19,ZQM27,96.9500,yahoo
2024-09-19,ZQN27,96.9300,yahoo
2024-09-19,ZQQ27,96.8500,yahoo
2024-09-19,ZQU26,97.1250,yahoo
2024-09-19,ZQU27,96.8500,yahoo
2024-09-19,ZQV26,97.1200,yahoo
2024-09-19,ZQV27,96.8450,yahoo
2024-09-19,ZQX26,97.1000,yahoo
2024-09-19,ZQX27,96.8250,yahoo
2024-09-19,ZQZ26,97.0800,yahoo
2024-09-19,ZQZ27,96.8050,yahoo
2024-09-20,ZQF27,97.0850,yahoo
2024-09-20,ZQF28,96.8100,yahoo
2024-09-20,ZQG27,97.0700,yahoo
2024-09-20,ZQG28,96.7950,yahoo
2024-09-20,ZQH27,97.0550,yahoo
2024-09-20,ZQJ27,97.0150,yahoo
2024-09-20,ZQK27,96.9900,yahoo
2024-09-20,ZQM27,96.9700,yahoo
2024-09-20,ZQN27,96.9500,yahoo
2024-09-20,ZQQ27,96.8700,yahoo
2024-09-20,ZQU26,97.1450,yahoo
2024-09-20,ZQU27,96.8700,yahoo
2024-09-20,ZQV26,97.1400,yahoo
2024-09-20,ZQV27,96.8650,yahoo
2024-09-20,ZQX26,97.1200,yahoo
2024-09-20,ZQX27,96.8450,yahoo
2024-09-20,ZQZ26,97.1000,yahoo
2024-09-20,ZQZ27,96.8250,yahoo
2024-09-23,ZQF27,97.0800,yahoo
2024-09-23,ZQF28,96.8050,yahoo
2024-09-23,ZQG27,97.0650,yahoo
2024-09-23,ZQG28,96.7900,yahoo
2024-09-23,ZQH27,97.0500,yahoo
2024-09-23,ZQJ27,97.0100,yahoo
2024-09-23,ZQK27,96.9850,yahoo
2024-09-23,ZQM27,96.9650,yahoo
2024-09-23,ZQN27,96.9450,yahoo
2024-09-23,ZQQ27,96.8650,yahoo
2024-09-23,ZQU26,97.1400,yahoo
2024-09-23,ZQU27,96.8650,yahoo
2024-09-23,ZQV26,97.1350,yahoo
2024-09-23,ZQV27,96.8600,yahoo
2024-09-23,ZQX26,97.1150,yahoo
2024-09-23,ZQX27,96.8400,yahoo
2024-09-23,ZQZ26,97.0950,yahoo
2024-09-23,ZQZ27,96.8200,yahoo
2024-09-24,ZQF27,97.1150,yahoo
2024-09-24,ZQF28,96.8400,yahoo
2024-09-24,ZQG27,97.1000,yahoo
2024-09-24,ZQG28,96.8250,yahoo
2024-09-24,ZQH27,97.0850,yahoo
2024-09-24,ZQJ27,97.0450,yahoo
2024-09-24,ZQK27,97.0200,yahoo
2024-09-24,ZQM27,97.0000,yahoo
2024-09-24,ZQN27,96.9800,yahoo
2024-09-24,ZQQ27,96.9000,yahoo
2024-09-24,ZQU26,97.1750,yahoo
2024-09-24,ZQU27,96.9000,yahoo
2024-09-24,ZQV26,97.1700,yahoo
2024-09-24,ZQV27,96.8950,yahoo
2024-09-24,ZQX26,97.1500,yahoo
2024-09-24,ZQX27,96.8750,yahoo
2024-09-24,ZQZ26,97.1300,yahoo
2024-09-24,ZQZ27,96.8550,yahoo
2024-09-25,ZQF27,97.0750,yahoo
2024-09-25,ZQF28,96.8000,yahoo
2024-09-25,ZQG27,97.0600,yahoo
2024-09-25,ZQG28,96.7850,yahoo
2024-09-25,ZQH27,97.0450,yahoo
2024-09-25,ZQJ27,97.0050,yahoo
2024-09-25,ZQK27,96.9800,yahoo
2024-09-25,ZQM27,96.9600,yahoo
2024-09-25,ZQN27,96.9400,yahoo
2024-09-25,ZQQ27,96.8600,yahoo
2024-09-25,ZQU26,97.1350,yahoo
2024-09-25,ZQU27,96.8600,yahoo
2024-09-25,ZQV26,97.1300,yahoo
2024-09-25,ZQV27,96.8550,yahoo
2024-09-25,ZQX26,97.1100,yahoo
2024-09-25,ZQX27,96.8350,yahoo
2024-09-25,ZQZ26,97.0900,yahoo
2024-09-25,ZQZ27,96.8150,yahoo
2024-09-26,ZQF27,96.9850,yahoo
2024-09-26,ZQF28,96.7100,yahoo
2024-09-26,ZQG27,96.9700,yahoo
2024-09-26,ZQG28,96.6950,yahoo
2024-09-26,ZQH27,96.9550,yahoo
2024-09-26,ZQJ27,96.9150,yahoo
2024-09-26,ZQK27,96.8900,yahoo
2024-09-26,ZQM27,96.8700,yahoo
2024-09-26,ZQN27,96.8500,yahoo
2024-09-26,ZQQ27,96.7700,yahoo
2024-09-26,ZQU26,97.0450,yahoo
2024-09-26,ZQU27,96.7700,yahoo
2024-09-26,ZQV26,97.0400,yahoo
2024-09-26,ZQV27,96.7650,yahoo
2024-09-26,ZQX26,97.0200,yahoo
2024-09-26,ZQX27,96.7450,yahoo
2024-09-26,ZQZ26,97.0000,yahoo
2024-09-26,ZQZ27,96.7250,yahoo
2024-09-27,ZQF27,97.0600,yahoo
2024-09-27,ZQF28,96.7850,yahoo
2024-09-27,ZQG27,97.0450,yahoo
2024-09-27,ZQG28,96.7700,yahoo
2024-09-27,ZQH27,97.0300,yahoo
2024-09-27,ZQJ27,96.9900,yahoo
2024-09-27,ZQK27,96.9650,yahoo
2024-09-27,ZQM27,96.9450,yahoo
2024-09-27,ZQN27,96.9250,yahoo
2024-09-27,ZQQ27,96.8450,yahoo
2024-09-27,ZQU26,97.1200,yahoo
2024-09-27,ZQU27,96.8450,yahoo
2024-09-27,ZQV26,97.1150,yahoo
2024-09-27,ZQV27,96.8400,yahoo
2024-09-27,ZQX26,97.0950,yahoo
2024-09-27,ZQX27,96.8200,yahoo
2024-09-27,ZQZ26,97.0750,yahoo
2024-09-27,ZQZ27,96.8000,yahoo
2024-09-30,ZQF27,96.9550,yahoo
2024-09-30,ZQF28,96.6800,yahoo
2024-09-30,ZQG27,96.9400,yahoo
2024-09-30,ZQG28,96.6650,yahoo
2024-09-30,ZQH27,96.9250,yahoo
2024-09-30,ZQJ27,96.8850,yahoo
2024-09-30,ZQK27,96.8600,yahoo
2024-09-30,ZQM27,96.8400,yahoo
2024-09-30,ZQN27,96.8200,yahoo
2024-09-30,ZQQ27,96.7400,yahoo
2024-09-30,ZQU26,97.0150,yahoo
2024-09-30,ZQU27,96.7400,yahoo
2024-09-30,ZQV26,97.0100,yahoo
2024-09-30,ZQV27,96.7350,yahoo
2024-09-30,ZQX26,96.9900,yahoo
2024-09-30,ZQX27,96.7150,yahoo
2024-09-30,ZQZ26,96.9700,yahoo
2024-09-30,ZQZ27,96.6950,yahoo
2024-10-01,ZQF27,96.9950,yahoo
2024-10-01,ZQF28,96.7200,yahoo
2024-10-01,ZQG27,96.9800,yahoo
2024-10-01,ZQG28,96.7050,yahoo
2024-10-01,ZQH27,96.9650,yahoo
2024-10-01,ZQJ27,96.9250,yahoo
2024-10-01,ZQK27,96.9000,yahoo
2024-10-01,ZQM27,96.8800,yahoo
2024-10-01,ZQN27,96.8600,yahoo
2024-10-01,ZQQ27,96.7800,yahoo
2024-10-01,ZQU26,97.0550,yahoo
2024-10-01,ZQU27,96.7800,yahoo
2024-10-01,ZQV26,97.0500,yahoo
2024-10-01,ZQV27,96.7750,yahoo
2024-10-01,ZQX26,97.0300,yahoo
2024-10-01,ZQX27,96.7550,yahoo
2024-10-01,ZQZ26,97.0100,yahoo
2024-10-01,ZQZ27,96.7350,yahoo
2024-10-02,ZQF27,96.9700,yahoo
2024-10-02,ZQF28,96.6950,yahoo
2024-10-02,ZQG27,96.9550,yahoo
2024-10-02,ZQG28,96.6800,yahoo
2024-10-02,ZQH27,96.9400,yahoo
2024-10-02,ZQJ27,96.9000,yahoo
2024-10-02,ZQK27,96.8750,yahoo
2024-10-02,ZQM27,96.8550,yahoo
2024-10-02,ZQN27,96.8350,yahoo
2024-10-02,ZQQ27,96.7550,yahoo
2024-10-02,ZQU26,97.0300,yahoo
2024-10-02,ZQU27,96.7550,yahoo
2024-10-02,ZQV26,97.0250,yahoo
2024-10-02,ZQV27,96.7500,yahoo
2024-10-02,ZQX26,97.0050,yahoo
2024-10-02,ZQX27,96.7300,yahoo
2024-10-02,ZQZ26,96.9850,yahoo
2024-10-02,ZQZ27,96.7100,yahoo
2024-10-03,ZQF27,96.8800,yahoo
2024-10-03,ZQF28,96.6050,yahoo
2024-10-03,ZQG27,96.8650,yahoo
2024-10-03,ZQG28,96.5900,yahoo
2024-10-03,ZQH27,96.8500,yahoo
2024-10-03,ZQJ27,96.8100,yahoo
2024-10-03,ZQK27,96.7850,yahoo
2024-10-03,ZQM27,96.7650,yahoo
2024-10-03,ZQN27,96.7450,yahoo
2024-10-03,ZQQ27,96.6650,yahoo
2024-10-03,ZQU26,96.9400,yahoo
2024-10-03,ZQU27,96.6650,yahoo
2024-10-03,ZQV26,96.9350,yahoo
2024-10-03,ZQV27,96.6600,yahoo
2024-10-03,ZQX26,96.9150,yahoo
2024-10-03,ZQX27,96.6400,yahoo
2024-10-03,ZQZ26,96.8950,yahoo
2024-10-03,ZQZ27,96.6200,yahoo
2024-10-04,ZQF27,96.6100,yahoo
2024-10-04,ZQF28,96.3350,yahoo
2024-10-04,ZQG27,96.5950,yahoo
2024-10-04,ZQG28,96.3200,yahoo
2024-10-04,ZQH27,96.5800,yahoo
2024-10-04,ZQJ27,96.5400,yahoo
2024-10-04,ZQK27,96.5150,yahoo
2024-10-04,ZQM27,96.4950,yahoo
2024-10-04,ZQN27,96.4750,yahoo
2024-10-04,ZQQ27,96.3950,yahoo
2024-10-04,ZQU26,96.6700,yahoo
2024-10-04,ZQU27,96.3950,yahoo
2024-10-04,ZQV26,96.6650,yahoo
2024-10-04,ZQV27,96.3900,yahoo
2024-10-04,ZQX26,96.6450,yahoo
2024-10-04,ZQX27,96.3700,yahoo
2024-10-04,ZQZ26,96.6250,yahoo
2024-10-04,ZQZ27,96.3500,yahoo
2024-10-07,ZQF27,96.5350,yahoo
2024-10-07,ZQF28,96.2600,yahoo
2024-10-07,ZQG27,96.5200,yahoo
2024-10-07,ZQG28,96.2450,yahoo
2024-10-07,ZQH27,96.5050,yahoo
2024-10-07,ZQJ27,96.4650,yahoo
2024-10-07,ZQK27,96.4400,yahoo
2024-10-07,ZQM27,96.4200,yahoo
2024-10-07,ZQN27,96.4000,yahoo
2024-10-07,ZQQ27,96.3200,yahoo
2024-10-07,ZQU26,96.5950,yahoo
2024-10-07,ZQU27,96.3200,yahoo
2024-10-07,ZQV26,96.5900,yahoo
2024-10-07,ZQV27,96.3150,yahoo
2024-10-07,ZQX26,96.5700,yahoo
2024-10-07,ZQX27,96.2950,yahoo
2024-10-07,ZQZ26,96.5500,yahoo
2024-10-07,ZQZ27,96.2750,yahoo
2024-10-08,ZQF27,96.5600,yahoo
2024-10-08,ZQF28,96.2850,yahoo
2024-10-08,ZQG27,96.5450,yahoo
2024-10-08,ZQG28,96.2700,yahoo
2024-10-08,ZQH27,96.5300,yahoo
2024-10-08,ZQJ27,96.4900,yahoo
2024-10-08,ZQK27,96.4650,yahoo
2024-10-08,ZQM27,96.4450,yahoo
2024-10-08,ZQN27,96.4250,yahoo
2024-10-08,ZQQ27,96.3450,yahoo
2024-10-08,ZQU26,96.6200,yahoo
2024-10-08,ZQU27,96.3450,yahoo
2024-10-08,ZQV26,96.6150,yahoo
2024-10-08,ZQV27,96.3400,yahoo
2024-10-08,ZQX26,96.5950,yahoo
2024-10-08,ZQX27,96.3200,yahoo
2024-10-08,ZQZ26,96.5750,yahoo
2024-10-08,ZQZ27,96.3000,yahoo
2024-10-09,ZQF27,96.5100,yahoo
2024-10-09,ZQF28,96.2350,yahoo
2024-10-09,ZQG27,96.4950,yahoo
2024-10-09,ZQG28,96.2200,yahoo
2024-10-09,ZQH27,96.4800,yahoo
2024-10-09,ZQJ27,96.4400,yahoo
2024-10-09,ZQK27,96.4150,yahoo
2024-10-09,ZQM27,96.3950,yahoo
2024-10-09,ZQN27,96.3750,yahoo
2024-10-09,ZQQ27,96.2950,yahoo
2024-10-09,ZQU26,96.5700,yahoo
2024-10-09,ZQU27,96.2950,yahoo
2024-10-09,ZQV26,96.5650,yahoo
2024-10-09,ZQV27,96.2900,yahoo
2024-10-09,ZQX26,96.5450,yahoo
2024-10-09,ZQX27,96.2700,yahoo
2024-10-09,ZQZ26,96.5250,yahoo
2024-10-09,ZQZ27,96.2500,yahoo
2024-10-10,ZQF27,96.5300,yahoo
2024-10-10,ZQF28,96.2550,yahoo
2024-10-10,ZQG27,96.5150,yahoo
2024-10-10,ZQG28,96.2400,yahoo
2024-10-10,ZQH27,96.5000,yahoo
2024-10-10,ZQJ27,96.4600,yahoo
2024-10-10,ZQK27,96.4350,yahoo
2024-10-10,ZQM27,96.4150,yahoo
2024-10-10,ZQN27,96.3950,yahoo
2024-10-10,ZQQ27,96.3150,yahoo
2024-10-10,ZQU26,96.5900,yahoo
2024-10-10,ZQU27,96.3150,yahoo
2024-10-10,ZQV26,96.5850,yahoo
2024-10-10,ZQV27,96.3100,yahoo
2024-10-10,ZQX26,96.5650,yahoo
2024-10-10,ZQX27,96.2900,yahoo
2024-10-10,ZQZ26,96.5450,yahoo
2024-10-10,ZQZ27,96.2700,yahoo
2024-10-11,ZQF27,96.6100,yahoo
2024-10-11,ZQF28,96.3350,yahoo
2024-10-11,ZQG27,96.5950,yahoo
2024-10-11,ZQG28,96.3200,yahoo
2024-10-11,ZQH27,96.5800,yahoo
2024-10-11,ZQJ27,96.5400,yahoo
2024-10-11,ZQK27,96.5150,yahoo
2024-10-11,ZQM27,96.4950,yahoo
2024-10-11,ZQN27,96.4750,yahoo
2024-10-11,ZQQ27,96.3950,yahoo
2024-10-11,ZQU26,96.6700,yahoo
2024-10-11,ZQU27,96.3950,yahoo
2024-10-11,ZQV26,96.6650,yahoo
2024-10-11,ZQV27,96.3900,yahoo
2024-10-11,ZQX26,96.6450,yahoo
2024-10-11,ZQX27,96.3700,yahoo
2024-10-11,ZQZ26,96.6250,yahoo
2024-10-11,ZQZ27,96.3500,yahoo
2024-10-14,ZQF27,96.5400,yahoo
2024-10-14,ZQF28,96.2650,yahoo
2024-10-14,ZQG27,96.5250,yahoo
2024-10-14,ZQG28,96.2500,yahoo
2024-10-14,ZQH27,96.5100,yahoo
2024-10-14,ZQJ27,96.4700,yahoo
2024-10-14,ZQK27,96.4450,yahoo
2024-10-14,ZQM27,96.4250,yahoo
2024-10-14,ZQN27,96.4050,yahoo
2024-10-14,ZQQ27,96.3250,yahoo
2024-10-14,ZQU26,96.6000,yahoo
2024-10-14,ZQU27,96.3250,yahoo
2024-10-14,ZQV26,96.5950,yahoo
2024-10-14,ZQV27,96.3200,yahoo
2024-10-14,ZQX26,96.5750,yahoo
2024-10-14,ZQX27,96.3000,yahoo
2024-10-14,ZQZ26,96.5550,yahoo
2024-10-14,ZQZ27,96.2800,yahoo
2024-10-15,ZQF27,96.5950,yahoo
2024-10-15,ZQF28,96.3200,yahoo
2024-10-15,ZQG27,96.5800,yahoo
2024-10-15,ZQG28,96.3050,yahoo
2024-10-15,ZQH27,96.5650,yahoo
2024-10-15,ZQJ27,96.5250,yahoo
2024-10-15,ZQK27,96.5000,yahoo
2024-10-15,ZQM27,96.4800,yahoo
2024-10-15,ZQN27,96.4600,yahoo
2024-10-15,ZQQ27,96.3800,yahoo
2024-10-15,ZQU26,96.6550,yahoo
2024-10-15,ZQU27,96.3800,yahoo
2024-10-15,ZQV26,96.6500,yahoo
2024-10-15,ZQV27,96.3750,yahoo
2024-10-15,ZQX26,96.6300,yahoo
2024-10-15,ZQX27,96.3550,yahoo
2024-10-15,ZQZ26,96.6100,yahoo
2024-10-15,ZQZ27,96.3350,yahoo
2024-10-16,ZQF27,96.6200,yahoo
2024-10-16,ZQF28,96.3450,yahoo
2024-10-16,ZQG27,96.6050,yahoo
2024-10-16,ZQG28,96.3300,yahoo
2024-10-16,ZQH27,96.5900,yahoo
2024-10-16,ZQJ27,96.5500,yahoo
2024-10-16,ZQK27,96.5250,yahoo
2024-10-16,ZQM27,96.5050,yahoo
2024-10-16,ZQN27,96.4850,yahoo
2024-10-16,ZQQ27,96.4050,yahoo
2024-10-16,ZQU26,96.6800,yahoo
2024-10-16,ZQU27,96.4050,yahoo
2024-10-16,ZQV26,96.6750,yahoo
2024-10-16,ZQV27,96.4000,yahoo
2024-10-16,ZQX26,96.6550,yahoo
2024-10-16,ZQX27,96.3800,yahoo
2024-10-16,ZQZ26,96.6350,yahoo
2024-10-16,ZQZ27,96.3600,yahoo
2024-10-17,ZQF27,96.5650,yahoo
2024-10-17,ZQF28,96.2900,yahoo
2024-10-17,ZQG27,96.5500,yahoo
2024-10-17,ZQG28,96.2750,yahoo
2024-10-17,ZQH27,96.5350,yahoo
2024-10-17,ZQJ27,96.4950,yahoo
2024-10-17,ZQK27,96.4700,yahoo
2024-10-17,ZQM27,96.4500,yahoo
2024-10-17,ZQN27,96.4300,yahoo
2024-10-17,ZQQ27,96.3500,yahoo
2024-10-17,ZQU26,96.6250,yahoo
2024-10-17,ZQU27,96.3500,yahoo
2024-10-17,ZQV26,96.6200,yahoo
2024-10-17,ZQV27,96.3450,yahoo
2024-10-17,ZQX26,96.6000,yahoo
2024-10-17,ZQX27,96.3250,yahoo
2024-10-17,ZQZ26,96.5800,yahoo
2024-10-17,ZQZ27,96.3050,yahoo
2024-10-18,ZQF27,96.5950,yahoo
2024-10-18,ZQF28,96.3200,yahoo
2024-10-18,ZQG27,96.5800,yahoo
2024-10-18,ZQG28,96.3050,yahoo
2024-10-18,ZQH27,96.5650,yahoo
2024-10-18,ZQJ27,96.5250,yahoo
2024-10-18,ZQK27,96.5000,yahoo
2024-10-18,ZQM27,96.4800,yahoo
2024-10-18,ZQN27,96.4600,yahoo
2024-10-18,ZQQ27,96.3800,yahoo
2024-10-18,ZQU26,96.6550,yahoo
2024-10-18,ZQU27,96.3800,yahoo
2024-10-18,ZQV26,96.6500,yahoo
2024-10-18,ZQV27,96.3750,yahoo
2024-10-18,ZQX26,96.6300,yahoo
2024-10-18,ZQX27,96.3550,yahoo
2024-10-18,ZQZ26,96.6100,yahoo
2024-10-18,ZQZ27,96.3350,yahoo
2024-10-21,ZQF27,96.5100,yahoo
2024-10-21,ZQF28,96.2350,yahoo
2024-10-21,ZQG27,96.4950,yahoo
2024-10-21,ZQG28,96.2200,yahoo
2024-10-21,ZQH27,96.4800,yahoo
2024-10-21,ZQJ27,96.4400,yahoo
2024-10-21,ZQK27,96.4150,yahoo
2024-10-21,ZQM27,96.3950,yahoo
2024-10-21,ZQN27,96.3750,yahoo
2024-10-21,ZQQ27,96.2950,yahoo
2024-10-21,ZQU26,96.5700,yahoo
2024-10-21,ZQU27,96.2950,yahoo
2024-10-21,ZQV26,96.5650,yahoo
2024-10-21,ZQV27,96.2900,yahoo
2024-10-21,ZQX26,96.5450,yahoo
2024-10-21,ZQX27,96.2700,yahoo
2024-10-21,ZQZ26,96.5250,yahoo
2024-10-21,ZQZ27,96.2500,yahoo
2024-10-22,ZQF27,96.5000,yahoo
2024-10-22,ZQF28,96.2250,yahoo
2024-10-22,ZQG27,96.4850,yahoo
2024-10-22,ZQG28,96.2100,yahoo
2024-10-22,ZQH27,96.4700,yahoo
2024-10-22,ZQJ27,96.4300,yahoo
2024-10-22,ZQK27,96.4050,yahoo
2024-10-22,ZQM27,96.3850,yahoo
2024-10-22,ZQN27,96.3650,yahoo
2024-10-22,ZQQ27,96.2850,yahoo
2024-10-22,ZQU26,96.5600,yahoo
2024-10-22,ZQU27,96.2850,yahoo
2024-10-22,ZQV26,96.5550,yahoo
2024-10-22,ZQV27,96.2800,yahoo
2024-10-22,ZQX26,96.5350,yahoo
2024-10-22,ZQX27,96.2600,yahoo
2024-10-22,ZQZ26,96.5150,yahoo
2024-10-22,ZQZ27,96.2400,yahoo
2024-10-23,ZQF27,96.4400,yahoo
2024-10-23,ZQF28,96.1650,yahoo
2024-10-23,ZQG27,96.4250,yahoo
2024-10-23,ZQG28,96.1500,yahoo
2024-10-23,ZQH27,96.4100,yahoo
2024-10-23,ZQJ27,96.3700,yahoo
2024-10-23,ZQK27,96.3450,yahoo
2024-10-23,ZQM27,96.3250,yahoo
2024-10-23,ZQN27,96.3050,yahoo
2024-10-23,ZQQ27,96.2250,yahoo
2024-10-23,ZQU26,96.5000,yahoo
2024-10-23,ZQU27,96.2250,yahoo
2024-10-23,ZQV26,96.4950,yahoo
2024-10-23,ZQV27,96.2200,yahoo
2024-10-23,ZQX26,96.4750,yahoo
2024-10-23,ZQX27,96.2000,yahoo
2024-10-23,ZQZ26,96.4550,yahoo
2024-10-23,ZQZ27,96.1800,yahoo
2024-10-24,ZQF27,96.4800,yahoo
2024-10-24,ZQF28,96.2050,yahoo
2024-10-24,ZQG27,96.4650,yahoo
2024-10-24,ZQG28,96.1900,yahoo
2024-10-24,ZQH27,96.4500,yahoo
2024-10-24,ZQJ27,96.4100,yahoo
2024-10-24,ZQK27,96.3850,yahoo
2024-10-24,ZQM27,96.3650,yahoo
2024-10-24,ZQN27,96.3450,yahoo
2024-10-24,ZQQ27,96.2650,yahoo
2024-10-24,ZQU26,96.5400,yahoo
2024-10-24,ZQU27,96.2650,yahoo
2024-10-24,ZQV26,96.5350,yahoo
2024-10-24,ZQV27,96.2600,yahoo
2024-10-24,ZQX26,96.5150,yahoo
2024-10-24,ZQX27,96.2400,yahoo
2024-10-24,ZQZ26,96.4950,yahoo
2024-10-24,ZQZ27,96.2200,yahoo
2024-10-25,ZQF27,96.4800,yahoo
2024-10-25,ZQF28,96.2050,yahoo
2024-10-25,ZQG27,96.4650,yahoo
2024-10-25,ZQG28,96.1900,yahoo
2024-10-25,ZQH27,96.4500,yahoo
2024-10-25,ZQJ27,96.4100,yahoo
2024-10-25,ZQK27,96.3850,yahoo
2024-10-25,ZQM27,96.3650,yahoo
2024-10-25,ZQN27,96.3450,yahoo
2024-10-25,ZQQ27,96.2650,yahoo
2024-10-25,ZQU26,96.4900,yahoo
2024-10-25,ZQU27,96.2650,yahoo
2024-10-25,ZQV26,96.4850,yahoo
2024-10-25,ZQV27,96.2600,yahoo
2024-10-25,ZQX26,96.4650,yahoo
2024-10-25,ZQX27,96.2400,yahoo
2024-10-25,ZQZ26,96.4950,yahoo
2024-10-25,ZQZ27,96.2200,yahoo
2024-10-28,ZQF27,96.4800,yahoo
2024-10-28,ZQF28,96.2050,yahoo
2024-10-28,ZQG27,96.4650,yahoo
2024-10-28,ZQG28,96.1900,yahoo
2024-10-28,ZQH27,96.4500,yahoo
2024-10-28,ZQJ27,96.4100,yahoo
2024-10-28,ZQK27,96.3850,yahoo
2024-10-28,ZQM27,96.3650,yahoo
2024-10-28,ZQN27,96.3450,yahoo
2024-10-28,ZQQ27,96.2650,yahoo
2024-10-28,ZQU26,96.4400,yahoo
2024-10-28,ZQU27,96.2650,yahoo
2024-10-28,ZQV26,96.4350,yahoo
2024-10-28,ZQV27,96.2600,yahoo
2024-10-28,ZQX26,96.4150,yahoo
2024-10-28,ZQX27,96.2400,yahoo
2024-10-28,ZQZ26,96.4950,yahoo
2024-10-28,ZQZ27,96.2200,yahoo
2024-10-29,ZQF27,96.5000,yahoo
2024-10-29,ZQF28,96.2250,yahoo
2024-10-29,ZQG27,96.4850,yahoo
2024-10-29,ZQG28,96.2100,yahoo
2024-10-29,ZQH27,96.4700,yahoo
2024-10-29,ZQJ27,96.4300,yahoo
2024-10-29,ZQK27,96.4050,yahoo
2024-10-29,ZQM27,96.3850,yahoo
2024-10-29,ZQN27,96.3650,yahoo
2024-10-29,ZQQ27,96.2850,yahoo
2024-10-29,ZQU26,96.4600,yahoo
2024-10-29,ZQU27,96.2850,yahoo
2024-10-29,ZQV26,96.4550,yahoo
2024-10-29,ZQV27,96.2800,yahoo
2024-10-29,ZQX26,96.4350,yahoo
2024-10-29,ZQX27,96.2600,yahoo
2024-10-29,ZQZ26,96.5150,yahoo
2024-10-29,ZQZ27,96.2400,yahoo
2024-10-30,ZQF27,96.4800,yahoo
2024-10-30,ZQF28,96.2050,yahoo
2024-10-30,ZQG27,96.4650,yahoo
2024-10-30,ZQG28,96.1900,yahoo
2024-10-30,ZQH27,96.4500,yahoo
2024-10-30,ZQJ27,96.4100,yahoo
2024-10-30,ZQK27,96.3850,yahoo
2024-10-30,ZQM27,96.3650,yahoo
2024-10-30,ZQN27,96.3450,yahoo
2024-10-30,ZQQ27,96.2650,yahoo
2024-10-30,ZQU26,96.4200,yahoo
2024-10-30,ZQU27,96.2650,yahoo
2024-10-30,ZQV26,96.4150,yahoo
2024-10-30,ZQV27,96.2600,yahoo
2024-10-30,ZQX26,96.3950,yahoo
2024-10-30,ZQX27,96.2400,yahoo
2024-10-30,ZQZ26,96.4950,yahoo
2024-10-30,ZQZ27,96.2200,yahoo
2024-10-31,ZQF27,96.4800,yahoo
2024-10-31,ZQF28,96.2050,yahoo
2024-10-31,ZQG27,96.4650,yahoo
2024-10-31,ZQG28,96.1900,yahoo
2024-10-31,ZQH27,96.4500,yahoo
2024-10-31,ZQJ27,96.4100,yahoo
2024-10-31,ZQK27,96.3850,yahoo
2024-10-31,ZQM27,96.3650,yahoo
2024-10-31,ZQN27,96.3450,yahoo
2024-10-31,ZQQ27,96.2650,yahoo
2024-10-31,ZQU26,96.3900,yahoo
2024-10-31,ZQU27,96.2650,yahoo
2024-10-31,ZQV26,96.3850,yahoo
2024-10-31,ZQV27,96.2600,yahoo
2024-10-31,ZQX26,96.3650,yahoo
2024-10-31,ZQX27,96.2400,yahoo
2024-10-31,ZQZ26,96.4950,yahoo
2024-10-31,ZQZ27,96.2200,yahoo
2024-11-01,ZQF27,96.4800,yahoo
2024-11-01,ZQF28,96.2050,yahoo
2024-11-01,ZQG27,96.4650,yahoo
2024-11-01,ZQG28,96.1900,yahoo
2024-11-01,ZQH27,96.4500,yahoo
2024-11-01,ZQJ27,96.4100,yahoo
2024-11-01,ZQK27,96.3850,yahoo
2024-11-01,ZQM27,96.3650,yahoo
2024-11-01,ZQN27,96.3450,yahoo
2024-11-01,ZQQ27,96.2650,yahoo
2024-11-01,ZQU26,96.3500,yahoo
2024-11-01,ZQU27,96.2650,yahoo
2024-11-01,ZQV26,96.3450,yahoo
2024-11-01,ZQV27,96.2600,yahoo
2024-11-01,ZQX26,96.3250,yahoo
2024-11-01,ZQX27,96.2400,yahoo
2024-11-01,ZQZ26,96.4950,yahoo
2024-11-01,ZQZ27,96.2200,yahoo
2024-11-04,ZQF27,96.4950,yahoo
2024-11-04,ZQF28,96.2200,yahoo
2024-11-04,ZQG27,96.4800,yahoo
2024-11-04,ZQG28,96.2050,yahoo
2024-11-04,ZQH27,96.4650,yahoo
2024-11-04,ZQJ27,96.4250,yahoo
2024-11-04,ZQK27,96.4000,yahoo
2024-11-04,ZQM27,96.3800,yahoo
2024-11-04,ZQN27,96.3600,yahoo
2024-11-04,ZQQ27,96.2800,yahoo
2024-11-04,ZQU26,96.3650,yahoo
2024-11-04,ZQU27,96.2800,yahoo
2024-11-04,ZQV26,96.3600,yahoo
2024-11-04,ZQV27,96.2750,yahoo
2024-11-04,ZQX26,96.3400,yahoo
2024-11-04,ZQX27,96.2550,yahoo
2024-11-04,ZQZ26,96.5100,yahoo
2024-11-04,ZQZ27,96.2350,yahoo
2024-11-05,ZQF27,96.4800,yahoo
2024-11-05,ZQF28,96.2050,yahoo
2024-11-05,ZQG27,96.4650,yahoo
2024-11-05,ZQG28,96.1900,yahoo
2024-11-05,ZQH27,96.4500,yahoo
2024-11-05,ZQJ27,96.4100,yahoo
2024-11-05,ZQK27,96.3850,yahoo
2024-11-05,ZQM27,96.3650,yahoo
2024-11-05,ZQN27,96.3450,yahoo
2024-11-05,ZQQ27,96.2650,yahoo
2024-11-05,ZQU26,96.3050,yahoo
2024-11-05,ZQU27,96.2650,yahoo
2024-11-05,ZQV26,96.3000,yahoo
2024-11-05,ZQV27,96.2600,yahoo
2024-11-05,ZQX26,96.2800,yahoo
2024-11-05,ZQX27,96.2400,yahoo
2024-11-05,ZQZ26,96.4950,yahoo
2024-11-05,ZQZ27,96.2200,yahoo
2024-11-06,ZQF27,96.3850,yahoo
2024-11-06,ZQF28,96.1100,yahoo
2024-11-06,ZQG27,96.3700,yahoo
2024-11-06,ZQG28,96.0950,yahoo
2024-11-06,ZQH27,96.3550,yahoo
2024-11-06,ZQJ27,96.3150,yahoo
2024-11-06,ZQK27,96.2900,yahoo
2024-11-06,ZQM27,96.2700,yahoo
2024-11-06,ZQN27,96.2500,yahoo
2024-11-06,ZQQ27,96.1700,yahoo
2024-11-06,ZQU26,96.2100,yahoo
2024-11-06,ZQU27,96.1700,yahoo
2024-11-06,ZQV26,96.2050,yahoo
2024-11-06,ZQV27,96.1650,yahoo
2024-11-06,ZQX26,96.1850,yahoo
2024-11-06,ZQX27,96.1450,yahoo
2024-11-06,ZQZ26,96.4000,yahoo
2024-11-06,ZQZ27,96.1250,yahoo
2024-11-07,ZQF27,96.4400,yahoo
2024-11-07,ZQF28,96.1650,yahoo
2024-11-07,ZQG27,96.4250,yahoo
2024-11-07,ZQG28,96.1500,yahoo
2024-11-07,ZQH27,96.4100,yahoo
2024-11-07,ZQJ27,96.3700,yahoo
2024-11-07,ZQK27,96.3450,yahoo
2024-11-07,ZQM27,96.3250,yahoo
2024-11-07,ZQN27,96.3050,yahoo
2024-11-07,ZQQ27,96.2250,yahoo
2024-11-07,ZQU26,96.2650,yahoo
2024-11-07,ZQU27,96.2250,yahoo
2024-11-07,ZQV26,96.2600,yahoo
2024-11-07,ZQV27,96.2200,yahoo
2024-11-07,ZQX26,96.2400,yahoo
2024-11-07,ZQX27,96.2000,yahoo
2024-11-07,ZQZ26,96.4550,yahoo
2024-11-07,ZQZ27,96.1800,yahoo
2024-11-08,ZQF27,96.3950,yahoo
2024-11-08,ZQF28,96.1200,yahoo
2024-11-08,ZQG27,96.3800,yahoo
2024-11-08,ZQG28,96.1050,yahoo
2024-11-08,ZQH27,96.3650,yahoo
2024-11-08,ZQJ27,96.3250,yahoo
2024-11-08,ZQK27,96.3000,yahoo
2024-11-08,ZQM27,96.2800,yahoo
2024-11-08,ZQN27,96.2600,yahoo
2024-11-08,ZQQ27,96.1800,yahoo
2024-11-08,ZQU26,96.2200,yahoo
2024-11-08,ZQU27,96.1800,yahoo
2024-11-08,ZQV26,96.2150,yahoo
2024-11-08,ZQV27,96.1750,yahoo
2024-11-08,ZQX26,96.1950,yahoo
2024-11-08,ZQX27,96.1550,yahoo
2024-11-08,ZQZ26,96.4100,yahoo
2024-11-08,ZQZ27,96.1350,yahoo
2024-11-11,ZQF27,96.3300,yahoo
2024-11-11,ZQF28,96.0550,yahoo
2024-11-11,ZQG27,96.3150,yahoo
2024-11-11,ZQG28,96.0400,yahoo
2024-11-11,ZQH27,96.3000,yahoo
2024-11-11,ZQJ27,96.2600,yahoo
2024-11-11,ZQK27,96.2350,yahoo
2024-11-11,ZQM27,96.2150,yahoo
2024-11-11,ZQN27,96.1950,yahoo
2024-11-11,ZQQ27,96.1150,yahoo
2024-11-11,ZQU26,96.1550,yahoo
2024-11-11,ZQU27,96.1150,yahoo
2024-11-11,ZQV26,96.1500,yahoo
2024-11-11,ZQV27,96.1100,yahoo
2024-11-11,ZQX26,96.1300,yahoo
2024-11-11,ZQX27,96.0900,yahoo
2024-11-11,ZQZ26,96.3450,yahoo
2024-11-11,ZQZ27,96.0700,yahoo
2024-11-12,ZQF27,96.2800,yahoo
2024-11-12,ZQF28,96.0050,yahoo
2024-11-12,ZQG27,96.2650,yahoo
2024-11-12,ZQG28,95.9900,yahoo
2024-11-12,ZQH27,96.2500,yahoo
2024-11-12,ZQJ27,96.2100,yahoo
2024-11-12,ZQK27,96.1850,yahoo
2024-11-12,ZQM27,96.1650,yahoo
2024-11-12,ZQN27,96.1450,yahoo
2024-11-12,ZQQ27,96.0650,yahoo
2024-11-12,ZQU26,96.1050,yahoo
2024-11-12,ZQU27,96.0650,yahoo
2024-11-12,ZQV26,96.1000,yahoo
2024-11-12,ZQV27,96.0600,yahoo
2024-11-12,ZQX26,96.0800,yahoo
2024-11-12,ZQX27,96.0400,yahoo
2024-11-12,ZQZ26,96.2950,yahoo
2024-11-12,ZQZ27,96.0200,yahoo
2024-11-13,ZQF27,96.3500,yahoo
2024-11-13,ZQF28,96.0750,yahoo
2024-11-13,ZQG27,96.3350,yahoo
2024-11-13,ZQG28,96.0600,yahoo
2024-11-13,ZQH27,96.3200,yahoo
2024-11-13,ZQJ27,96.2800,yahoo
2024-11-13,ZQK27,96.2550,yahoo
2024-11-13,ZQM27,96.2350,yahoo
2024-11-13,ZQN27,96.2150,yahoo
2024-11-13,ZQQ27,96.1350,yahoo
2024-11-13,ZQU26,96.1750,yahoo
2024-11-13,ZQU27,96.1350,yahoo
2024-11-13,ZQV26,96.1700,yahoo
2024-11-13,ZQV27,96.1300,yahoo
2024-11-13,ZQX26,96.1500,yahoo
2024-11-13,ZQX27,96.1100,yahoo
2024-11-13,ZQZ26,96.3650,yahoo
2024-11-13,ZQZ27,96.0900,yahoo
2024-11-14,ZQF27,96.3350,yahoo
2024-11-14,ZQF28,96.0600,yahoo
2024-11-14,ZQG27,96.3200,yahoo
2024-11-14,ZQG28,96.0450,yahoo
2024-11-14,ZQH27,96.3050,yahoo
2024-11-14,ZQJ27,96.2650,yahoo
2024-11-14,ZQK27,96.2400,yahoo
2024-11-14,ZQM27,96.2200,yahoo
2024-11-14,ZQN27,96.2000,yahoo
2024-11-14,ZQQ27,96.1200,yahoo
2024-11-14,ZQU26,96.1600,yahoo
2024-11-14,ZQU27,96.1200,yahoo
2024-11-14,ZQV26,96.1550,yahoo
2024-11-14,ZQV27,96.1150,yahoo
2024-11-14,ZQX26,96.1350,yahoo
2024-11-14,ZQX27,96.0950,yahoo
2024-11-14,ZQZ26,96.3500,yahoo
2024-11-14,ZQZ27,96.0750,yahoo
2024-11-15,ZQF27,96.3150,yahoo
2024-11-15,ZQF28,96.0400,yahoo
2024-11-15,ZQG27,96.3000,yahoo
2024-11-15,ZQG28,96.0250,yahoo
2024-11-15,ZQH27,96.2850,yahoo
2024-11-15,ZQJ27,96.2450,yahoo
2024-11-15,ZQK27,96.2200,yahoo
2024-11-15,ZQM27,96.2000,yahoo
2024-11-15,ZQN27,96.1800,yahoo
2024-11-15,ZQQ27,96.1000,yahoo
2024-11-15,ZQU26,96.1400,yahoo
2024-11-15,ZQU27,96.1000,yahoo
2024-11-15,ZQV26,96.1350,yahoo
2024-11-15,ZQV27,96.0950,yahoo
2024-11-15,ZQX26,96.1150,yahoo
2024-11-15,ZQX27,96.0750,yahoo
2024-11-15,ZQZ26,96.3300,yahoo
2024-11-15,ZQZ27,96.0550,yahoo
2024-11-18,ZQF27,96.3300,yahoo
2024-11-18,ZQF28,96.0550,yahoo
2024-11-18,ZQG27,96.3150,yahoo
2024-11-18,ZQG28,96.0400,yahoo
2024-11-18,ZQH27,96.3000,yahoo
2024-11-18,ZQJ27,96.2600,yahoo
2024-11-18,ZQK27,96.2350,yahoo
2024-11-18,ZQM27,96.2150,yahoo
2024-11-18,ZQN27,96.1950,yahoo
2024-11-18,ZQQ27,96.1150,yahoo
2024-11-18,ZQU26,96.1550,yahoo
2024-11-18,ZQU27,96.1150,yahoo
2024-11-18,ZQV26,96.1500,yahoo
2024-11-18,ZQV27,96.1100,yahoo
2024-11-18,ZQX26,96.1300,yahoo
2024-11-18,ZQX27,96.0900,yahoo
2024-11-18,ZQZ26,96.3450,yahoo
2024-11-18,ZQZ27,96.0700,yahoo
2024-11-19,ZQF27,96.3500,yahoo
2024-11-19,ZQF28,96.0750,yahoo
2024-11-19,ZQG27,96.3350,yahoo
2024-11-19,ZQG28,96.0600,yahoo
2024-11-19,ZQH27,96.3200,yahoo
2024-11-19,ZQJ27,96.2800,yahoo
2024-11-19,ZQK27,96.2550,yahoo
2024-11-19,ZQM27,96.2350,yahoo
2024-11-19,ZQN27,96.2150,yahoo
2024-11-19,ZQQ27,96.1350,yahoo
2024-11-19,ZQU26,96.1750,yahoo
2024-11-19,ZQU27,96.1350,yahoo
2024-11-19,ZQV26,96.1700,yahoo
2024-11-19,ZQV27,96.1300,yahoo
2024-11-19,ZQX26,96.1500,yahoo
2024-11-19,ZQX27,96.1100,yahoo
2024-11-19,ZQZ26,96.3650,yahoo
2024-11-19,ZQZ27,96.0900,yahoo
2024-11-20,ZQF27,96.3150,yahoo
2024-11-20,ZQF28,96.0400,yahoo
2024-11-20,ZQG27,96.3000,yahoo
2024-11-20,ZQG28,96.0250,yahoo
2024-11-20,ZQH27,96.2850,yahoo
2024-11-20,ZQJ27,96.2450,yahoo
2024-11-20,ZQK27,96.2200,yahoo
2024-11-20,ZQM27,96.2000,yahoo
2024-11-20,ZQN27,96.1800,yahoo
2024-11-20,ZQQ27,96.1000,yahoo
2024-11-20,ZQU26,96.1400,yahoo
2024-11-20,ZQU27,96.1000,yahoo
2024-11-20,ZQV26,96.1350,yahoo
2024-11-20,ZQV27,96.0950,yahoo
2024-11-20,ZQX26,96.1150,yahoo
2024-11-20,ZQX27,96.0750,yahoo
2024-11-20,ZQZ26,96.3300,yahoo
2024-11-20,ZQZ27,96.0550,yahoo
2024-11-21,ZQF27,96.3250,yahoo
2024-11-21,ZQF28,96.0500,yahoo
2024-11-21,ZQG27,96.3100,yahoo
2024-11-21,ZQG28,96.0350,yahoo
2024-11-21,ZQH27,96.2950,yahoo
2024-11-21,ZQJ27,96.2550,yahoo
2024-11-21,ZQK27,96.2300,yahoo
2024-11-21,ZQM27,96.2100,yahoo
2024-11-21,ZQN27,96.1900,yahoo
2024-11-21,ZQQ27,96.1100,yahoo
2024-11-21,ZQU26,96.1400,yahoo
2024-11-21,ZQU27,96.1100,yahoo
2024-11-21,ZQV26,96.1450,yahoo
2024-11-21,ZQV27,96.1050,yahoo
2024-11-21,ZQX26,96.1250,yahoo
2024-11-21,ZQX27,96.0850,yahoo
2024-11-21,ZQZ26,96.3400,yahoo
2024-11-21,ZQZ27,96.0650,yahoo
2024-11-22,ZQF27,96.3000,yahoo
2024-11-22,ZQF28,96.0250,yahoo
2024-11-22,ZQG27,96.2850,yahoo
2024-11-22,ZQG28,96.0100,yahoo
2024-11-22,ZQH27,96.2700,yahoo
2024-11-22,ZQJ27,96.2300,yahoo
2024-11-22,ZQK27,96.2050,yahoo
2024-11-22,ZQM27,96.1850,yahoo
2024-11-22,ZQN27,96.1650,yahoo
2024-11-22,ZQQ27,96.0850,yahoo
2024-11-22,ZQU26,96.1150,yahoo
2024-11-22,ZQU27,96.0850,yahoo
2024-11-22,ZQV26,96.1200,yahoo
2024-11-22,ZQV27,96.0800,yahoo
2024-11-22,ZQX26,96.1000,yahoo
2024-11-22,ZQX27,96.0600,yahoo
2024-11-22,ZQZ26,96.3150,yahoo
2024-11-22,ZQZ27,96.0400,yahoo
2024-11-25,ZQF27,96.4000,yahoo
2024-11-25,ZQF28,96.1250,yahoo
2024-11-25,ZQG27,96.3850,yahoo
2024-11-25,ZQG28,96.1100,yahoo
2024-11-25,ZQH27,96.3700,yahoo
2024-11-25,ZQJ27,96.3300,yahoo
2024-11-25,ZQK27,96.3050,yahoo
2024-11-25,ZQM27,96.2850,yahoo
2024-11-25,ZQN27,96.2650,yahoo
2024-11-25,ZQQ27,96.1850,yahoo
2024-11-25,ZQU26,96.2150,yahoo
2024-11-25,ZQU27,96.1850,yahoo
2024-11-25,ZQV26,96.2200,yahoo
2024-11-25,ZQV27,96.1800,yahoo
2024-11-25,ZQX26,96.2000,yahoo
2024-11-25,ZQX27,96.1600,yahoo
2024-11-25,ZQZ26,96.4150,yahoo
2024-11-25,ZQZ27,96.1400,yahoo
2024-11-26,ZQF27,96.3750,yahoo
2024-11-26,ZQF28,96.1000,yahoo
2024-11-26,ZQG27,96.3600,yahoo
2024-11-26,ZQG28,96.0850,yahoo
2024-11-26,ZQH27,96.3450,yahoo
2024-11-26,ZQJ27,96.3050,yahoo
2024-11-26,ZQK27,96.2800,yahoo
2024-11-26,ZQM27,96.2600,yahoo
2024-11-26,ZQN27,96.2400,yahoo
2024-11-26,ZQQ27,96.1600,yahoo
2024-11-26,ZQU26,96.1900,yahoo
2024-11-26,ZQU27,96.1600,yahoo
2024-11-26,ZQV26,96.1950,yahoo
2024-11-26,ZQV27,96.1550,yahoo
2024-11-26,ZQX26,96.1750,yahoo
2024-11-26,ZQX27,96.1350,yahoo
2024-11-26,ZQZ26,96.3900,yahoo
2024-11-26,ZQZ27,96.1150,yahoo
2024-11-27,ZQF27,96.4300,yahoo
2024-11-27,ZQF28,96.1550,yahoo
2024-11-27,ZQG27,96.4150,yahoo
2024-11-27,ZQG28,96.1400,yahoo
2024-11-27,ZQH27,96.4000,yahoo
2024-11-27,ZQJ27,96.3600,yahoo
2024-11-27,ZQK27,96.3350,yahoo
2024-11-27,ZQM27,96.3150,yahoo
2024-11-27,ZQN27,96.2950,yahoo
2024-11-27,ZQQ27,96.2150,yahoo
2024-11-27,ZQU26,96.2450,yahoo
2024-11-27,ZQU27,96.2150,yahoo
2024-11-27,ZQV26,96.2500,yahoo
2024-11-27,ZQV27,96.2100,yahoo
2024-11-27,ZQX26,96.2300,yahoo
2024-11-27,ZQX27,96.1900,yahoo
2024-11-27,ZQZ26,96.4450,yahoo
2024-11-27,ZQZ27,96.1700,yahoo
2024-11-29,ZQF27,96.4750,yahoo
2024-11-29,ZQF28,96.2000,yahoo
2024-11-29,ZQG27,96.4600,yahoo
2024-11-29,ZQG28,96.1850,yahoo
2024-11-29,ZQH27,96.4450,yahoo
2024-11-29,ZQJ27,96.4050,yahoo
2024-11-29,ZQK27,96.3800,yahoo
2024-11-29,ZQM27,96.3600,yahoo
2024-11-29,ZQN27,96.3400,yahoo
2024-11-29,ZQQ27,96.2600,yahoo
2024-11-29,ZQU26,96.2900,yahoo
2024-11-29,ZQU27,96.2600,yahoo
2024-11-29,ZQV26,96.2950,yahoo
2024-11-29,ZQV27,96.2550,yahoo
2024-11-29,ZQX26,96.2750,yahoo
2024-11-29,ZQX27,96.2350,yahoo
2024-11-29,ZQZ26,96.4900,yahoo
2024-11-29,ZQZ27,96.2150,yahoo
2024-12-02,ZQF27,96.4500,yahoo
2024-12-02,ZQF28,96.1750,yahoo
2024-12-02,ZQG27,96.4350,yahoo
2024-12-02,ZQG28,96.1600,yahoo
2024-12-02,ZQH27,96.4200,yahoo
2024-12-02,ZQJ27,96.3800,yahoo
2024-12-02,ZQK27,96.3550,yahoo
2024-12-02,ZQM27,96.3350,yahoo
2024-12-02,ZQN27,96.3150,yahoo
2024-12-02,ZQQ27,96.2350,yahoo
2024-12-02,ZQU26,96.2650,yahoo
2024-12-02,ZQU27,96.2350,yahoo
2024-12-02,ZQV26,96.2700,yahoo
2024-12-02,ZQV27,96.2300,yahoo
2024-12-02,ZQX26,96.2500,yahoo
2024-12-02,ZQX27,96.2100,yahoo
2024-12-02,ZQZ26,96.4650,yahoo
2024-12-02,ZQZ27,96.1900,yahoo
2024-12-03,ZQF27,96.4950,yahoo
2024-12-03,ZQF28,96.2200,yahoo
2024-12-03,ZQG27,96.4800,yahoo
2024-12-03,ZQG28,96.2050,yahoo
2024-12-03,ZQH27,96.4650,yahoo
2024-12-03,ZQJ27,96.4250,yahoo
2024-12-03,ZQK27,96.4000,yahoo
2024-12-03,ZQM27,96.3800,yahoo
2024-12-03,ZQN27,96.3600,yahoo
2024-12-03,ZQQ27,96.2800,yahoo
2024-12-03,ZQU26,96.3100,yahoo
2024-12-03,ZQU27,96.2800,yahoo
2024-12-03,ZQV26,96.3150,yahoo
2024-12-03,ZQV27,96.2750,yahoo
2024-12-03,ZQX26,96.2950,yahoo
2024-12-03,ZQX27,96.2550,yahoo
2024-12-03,ZQZ26,96.5100,yahoo
2024-12-03,ZQZ27,96.2350,yahoo
2024-12-04,ZQF27,96.5500,yahoo
2024-12-04,ZQF28,96.2750,yahoo
2024-12-04,ZQG27,96.5350,yahoo
2024-12-04,ZQG28,96.2600,yahoo
2024-12-04,ZQH27,96.5200,yahoo
2024-12-04,ZQJ27,96.4800,yahoo
2024-12-04,ZQK27,96.4550,yahoo
2024-12-04,ZQM27,96.4350,yahoo
2024-12-04,ZQN27,96.4150,yahoo
2024-12-04,ZQQ27,96.3350,yahoo
2024-12-04,ZQU26,96.3650,yahoo
2024-12-04,ZQU27,96.3350,yahoo
2024-12-04,ZQV26,96.3700,yahoo
2024-12-04,ZQV27,96.3300,yahoo
2024-12-04,ZQX26,96.3500,yahoo
2024-12-04,ZQX27,96.3100,yahoo
2024-12-04,ZQZ26,96.5650,yahoo
2024-12-04,ZQZ27,96.2900,yahoo
2024-12-05,ZQF27,96.5150,yahoo
2024-12-05,ZQF28,96.2400,yahoo
2024-12-05,ZQG27,96.5000,yahoo
2024-12-05,ZQG28,96.2250,yahoo
2024-12-05,ZQH27,96.4850,yahoo
2024-12-05,ZQJ27,96.4450,yahoo
2024-12-05,ZQK27,96.4200,yahoo
2024-12-05,ZQM27,96.4000,yahoo
2024-12-05,ZQN27,96.3800,yahoo
2024-12-05,ZQQ27,96.3000,yahoo
2024-12-05,ZQU26,96.3300,yahoo
2024-12-05,ZQU27,96.3000,yahoo
2024-12-05,ZQV26,96.3350,yahoo
2024-12-05,ZQV27,96.2950,yahoo
2024-12-05,ZQX26,96.3150,yahoo
2024-12-05,ZQX27,96.2750,yahoo
2024-12-05,ZQZ26,96.5300,yahoo
2024-12-05,ZQZ27,96.2550,yahoo
2024-12-06,ZQF27,96.5750,yahoo
2024-12-06,ZQF28,96.3000,yahoo
2024-12-06,ZQG27,96.5600,yahoo
2024-12-06,ZQG28,96.2850,yahoo
2024-12-06,ZQH27,96.5450,yahoo
2024-12-06,ZQJ27,96.5050,yahoo
2024-12-06,ZQK27,96.4800,yahoo
2024-12-06,ZQM27,96.4600,yahoo
2024-12-06,ZQN27,96.4400,yahoo
2024-12-06,ZQQ27,96.3600,yahoo
2024-12-06,ZQU26,96.3900,yahoo
2024-12-06,ZQU27,96.3600,yahoo
2024-12-06,ZQV26,96.3950,yahoo
2024-12-06,ZQV27,96.3550,yahoo
2024-12-06,ZQX26,96.3750,yahoo
2024-12-06,ZQX27,96.3350,yahoo
2024-12-06,ZQZ26,96.5900,yahoo
2024-12-06,ZQZ27,96.3150,yahoo
2024-12-09,ZQF27,96.5500,yahoo
2024-12-09,ZQF28,96.2750,yahoo
2024-12-09,ZQG27,96.5350,yahoo
2024-12-09,ZQG28,96.2600,yahoo
2024-12-09,ZQH27,96.5200,yahoo
2024-12-09,ZQJ27,96.4800,yahoo
2024-12-09,ZQK27,96.4550,yahoo
2024-12-09,ZQM27,96.4350,yahoo
2024-12-09,ZQN27,96.4150,yahoo
2024-12-09,ZQQ27,96.3350,yahoo
2024-12-09,ZQU26,96.3650,yahoo
2024-12-09,ZQU27,96.3350,yahoo
2024-12-09,ZQV26,96.3700,yahoo
2024-12-09,ZQV27,96.3300,yahoo
2024-12-09,ZQX26,96.3500,yahoo
2024-12-09,ZQX27,96.3100,yahoo
2024-12-09,ZQZ26,96.5650,yahoo
2024-12-09,ZQZ27,96.2900,yahoo
2024-12-10,ZQF27,96.5150,yahoo
2024-12-10,ZQF28,96.2400,yahoo
2024-12-10,ZQG27,96.5000,yahoo
2024-12-10,ZQG28,96.2250,yahoo
2024-12-10,ZQH27,96.4850,yahoo
2024-12-10,ZQJ27,96.4450,yahoo
2024-12-10,ZQK27,96.4200,yahoo
2024-12-10,ZQM27,96.4000,yahoo
2024-12-10,ZQN27,96.3800,yahoo
2024-12-10,ZQQ27,96.3000,yahoo
2024-12-10,ZQU26,96.3300,yahoo
2024-12-10,ZQU27,96.3000,yahoo
2024-12-10,ZQV26,96.3350,yahoo
2024-12-10,ZQV27,96.2950,yahoo
2024-12-10,ZQX26,96.3150,yahoo
2024-12-10,ZQX27,96.2750,yahoo
2024-12-10,ZQZ26,96.5300,yahoo
2024-12-10,ZQZ27,96.2550,yahoo
2024-12-11,ZQF27,96.4950,yahoo
2024-12-11,ZQF28,96.2200,yahoo
2024-12-11,ZQG27,96.4800,yahoo
2024-12-11,ZQG28,96.2050,yahoo
2024-12-11,ZQH27,96.4650,yahoo
2024-12-11,ZQJ27,96.4250,yahoo
2024-12-11,ZQK27,96.4000,yahoo
2024-12-11,ZQM27,96.3800,yahoo
2024-12-11,ZQN27,96.3600,yahoo
2024-12-11,ZQQ27,96.2800,yahoo
2024-12-11,ZQU26,96.3100,yahoo
2024-12-11,ZQU27,96.2800,yahoo
2024-12-11,ZQV26,96.3150,yahoo
2024-12-11,ZQV27,96.2750,yahoo
2024-12-11,ZQX26,96.2950,yahoo
2024-12-11,ZQX27,96.2550,yahoo
2024-12-11,ZQZ26,96.5100,yahoo
2024-12-11,ZQZ27,96.2350,yahoo
2024-12-12,ZQF27,96.4550,yahoo
2024-12-12,ZQF28,96.1800,yahoo
2024-12-12,ZQG27,96.4400,yahoo
2024-12-12,ZQG28,96.1650,yahoo
2024-12-12,ZQH27,96.4250,yahoo
2024-12-12,ZQJ27,96.3850,yahoo
2024-12-12,ZQK27,96.3600,yahoo
2024-12-12,ZQM27,96.3400,yahoo
2024-12-12,ZQN27,96.3200,yahoo
2024-12-12,ZQQ27,96.2400,yahoo
2024-12-12,ZQU26,96.2700,yahoo
2024-12-12,ZQU27,96.2400,yahoo
2024-12-12,ZQV26,96.2750,yahoo
2024-12-12,ZQV27,96.2350,yahoo
2024-12-12,ZQX26,96.2550,yahoo
2024-12-12,ZQX27,96.2150,yahoo
2024-12-12,ZQZ26,96.4700,yahoo
2024-12-12,ZQZ27,96.1950,yahoo
2024-12-13,ZQF27,96.4000,yahoo
2024-12-13,ZQF28,96.1250,yahoo
2024-12-13,ZQG27,96.3850,yahoo
2024-12-13,ZQG28,96.1100,yahoo
2024-12-13,ZQH27,96.3700,yahoo
2024-12-13,ZQJ27,96.3300,yahoo
2024-12-13,ZQK27,96.3050,yahoo
2024-12-13,ZQM27,96.2850,yahoo
2024-12-13,ZQN27,96.2650,yahoo
2024-12-13,ZQQ27,96.1850,yahoo
2024-12-13,ZQU26,96.2150,yahoo
2024-12-13,ZQU27,96.1850,yahoo
2024-12-13,ZQV26,96.2200,yahoo
2024-12-13,ZQV27,96.1800,yahoo
2024-12-13,ZQX26,96.2000,yahoo
2024-12-13,ZQX27,96.1600,yahoo
2024-12-13,ZQZ26,96.4150,yahoo
2024-12-13,ZQZ27,96.1400,yahoo
2024-12-16,ZQF27,96.3850,yahoo
2024-12-16,ZQF28,96.1100,yahoo
2024-12-16,ZQG27,96.3700,yahoo
2024-12-16,ZQG28,96.0950,yahoo
2024-12-16,ZQH27,96.3550,yahoo
2024-12-16,ZQJ27,96.3150,yahoo
2024-12-16,ZQK27,96.2900,yahoo
2024-12-16,ZQM27,96.2700,yahoo
2024-12-16,ZQN27,96.2500,yahoo
2024-12-16,ZQQ27,96.1700,yahoo
2024-12-16,ZQU26,96.2000,yahoo
2024-12-16,ZQU27,96.1700,yahoo
2024-12-16,ZQV26,96.2050,yahoo
2024-12-16,ZQV27,96.1650,yahoo
2024-12-16,ZQX26,96.1850,yahoo
2024-12-16,ZQX27,96.1450,yahoo
2024-12-16,ZQZ26,96.4000,yahoo
2024-12-16,ZQZ27,96.1250,yahoo
2024-12-17,ZQF27,96.3800,yahoo
2024-12-17,ZQF28,96.1050,yahoo
2024-12-17,ZQG27,96.3650,yahoo
2024-12-17,ZQG28,96.0900,yahoo
2024-12-17,ZQH27,96.3500,yahoo
2024-12-17,ZQJ27,96.3100,yahoo
2024-12-17,ZQK27,96.2850,yahoo
2024-12-17,ZQM27,96.2650,yahoo
2024-12-17,ZQN27,96.2450,yahoo
2024-12-17,ZQQ27,96.1650,yahoo
2024-12-17,ZQU26,96.1950,yahoo
2024-12-17,ZQU27,96.1650,yahoo
2024-12-17,ZQV26,96.2000,yahoo
2024-12-17,ZQV27,96.1600,yahoo
2024-12-17,ZQX26,96.1800,yahoo
2024-12-17,ZQX27,96.1400,yahoo
2024-12-17,ZQZ26,96.3950,yahoo
2024-12-17,ZQZ27,96.1200,yahoo
2024-12-18,ZQF27,96.2400,yahoo
2024-12-18,ZQF28,95.9650,yahoo
2024-12-18,ZQG27,96.2250,yahoo
2024-12-18,ZQG28,95.9500,yahoo
2024-12-18,ZQH27,96.2100,yahoo
2024-12-18,ZQJ27,96.1700,yahoo
2024-12-18,ZQK27,96.1450,yahoo
2024-12-18,ZQM27,96.1250,yahoo
2024-12-18,ZQN27,96.1050,yahoo
2024-12-18,ZQQ27,96.0250,yahoo
2024-12-18,ZQU26,96.0550,yahoo
2024-12-18,ZQU27,96.0250,yahoo
2024-12-18,ZQV26,96.0600,yahoo
2024-12-18,ZQV27,96.0200,yahoo
2024-12-18,ZQX26,96.0400,yahoo
2024-12-18,ZQX27,96.0000,yahoo
2024-12-18,ZQZ26,96.2550,yahoo
2024-12-18,ZQZ27,95.9800,yahoo
2024-12-19,ZQF27,96.2550,yahoo
2024-12-19,ZQF28,95.9800,yahoo
2024-12-19,ZQG27,96.2400,yahoo
2024-12-19,ZQG28,95.9650,yahoo
2024-12-19,ZQH27,96.2250,yahoo
2024-12-19,ZQJ27,96.1850,yahoo
2024-12-19,ZQK27,96.1600,yahoo
2024-12-19,ZQM27,96.1400,yahoo
2024-12-19,ZQN27,96.1200,yahoo
2024-12-19,ZQQ27,96.0400,yahoo
2024-12-19,ZQU26,96.0700,yahoo
2024-12-19,ZQU27,96.0400,yahoo
2024-12-19,ZQV26,96.0750,yahoo
2024-12-19,ZQV27,96.0350,yahoo
2024-12-19,ZQX26,96.0550,yahoo
2024-12-19,ZQX27,96.0150,yahoo
2024-12-19,ZQZ26,96.2700,yahoo
2024-12-19,ZQZ27,95.9950,yahoo
2024-12-20,ZQF27,96.2650,yahoo
2024-12-20,ZQF28,95.9900,yahoo
2024-12-20,ZQG27,96.2500,yahoo
2024-12-20,ZQG28,95.9750,yahoo
2024-12-20,ZQH27,96.2350,yahoo
2024-12-20,ZQJ27,96.1950,yahoo
2024-12-20,ZQK27,96.1700,yahoo
2024-12-20,ZQM27,96.1500,yahoo
2024-12-20,ZQN27,96.1300,yahoo
2024-12-20,ZQQ27,96.0500,yahoo
2024-12-20,ZQU26,96.0800,yahoo
2024-12-20,ZQU27,96.0500,yahoo
2024-12-20,ZQV26,96.0850,yahoo
2024-12-20,ZQV27,96.0450,yahoo
2024-12-20,ZQX26,96.0650,yahoo
2024-12-20,ZQX27,96.0250,yahoo
2024-12-20,ZQZ26,96.2800,yahoo
2024-12-20,ZQZ27,96.0050,yahoo
2024-12-23,ZQF27,96.2200,yahoo
2024-12-23,ZQF28,95.9450,yahoo
2024-12-23,ZQG27,96.2050,yahoo
2024-12-23,ZQG28,95.9300,yahoo
2024-12-23,ZQH27,96.1900,yahoo
2024-12-23,ZQJ27,96.1500,yahoo
2024-12-23,ZQK27,96.1250,yahoo
2024-12-23,ZQM27,96.1050,yahoo
2024-12-23,ZQN27,96.0850,yahoo
2024-12-23,ZQQ27,96.0050,yahoo
2024-12-23,ZQU26,96.0350,yahoo
2024-12-23,ZQU27,96.0050,yahoo
2024-12-23,ZQV26,96.0400,yahoo
2024-12-23,ZQV27,96.0000,yahoo
2024-12-23,ZQX26,96.0200,yahoo
2024-12-23,ZQX27,95.9800,yahoo
2024-12-23,ZQZ26,96.2350,yahoo
2024-12-23,ZQZ27,95.9600,yahoo
2024-12-24,ZQF27,96.2400,yahoo
2024-12-24,ZQF28,95.9650,yahoo
2024-12-24,ZQG27,96.2250,yahoo
2024-12-24,ZQG28,95.9500,yahoo
2024-12-24,ZQH27,96.2100,yahoo
2024-12-24,ZQJ27,96.1700,yahoo
2024-12-24,ZQK27,96.1450,yahoo
2024-12-24,ZQM27,96.1250,yahoo
2024-12-24,ZQN27,96.1050,yahoo
2024-12-24,ZQQ27,96.0250,yahoo
2024-12-24,ZQU26,96.0550,yahoo
2024-12-24,ZQU27,96.0250,yahoo
2024-12-24,ZQV26,96.0600,yahoo
2024-12-24,ZQV27,96.0200,yahoo
2024-12-24,ZQX26,96.0400,yahoo
2024-12-24,ZQX27,96.0000,yahoo
2024-12-24,ZQZ26,96.2550,yahoo
2024-12-24,ZQZ27,95.9800,yahoo
2024-12-26,ZQF27,96.2400,yahoo
2024-12-26,ZQF28,95.9650,yahoo
2024-12-26,ZQG27,96.2250,yahoo
2024-12-26,ZQG28,95.9500,yahoo
2024-12-26,ZQH27,96.2100,yahoo
2024-12-26,ZQJ27,96.1700,yahoo
2024-12-26,ZQK27,96.1450,yahoo
2024-12-26,ZQM27,96.1250,yahoo
2024-12-26,ZQN27,96.1050,yahoo
2024-12-26,ZQQ27,96.0250,yahoo
2024-12-26,ZQU26,96.0550,yahoo
2024-12-26,ZQU27,96.0250,yahoo
2024-12-26,ZQV26,96.0600,yahoo
2024-12-26,ZQV27,96.0200,yahoo
2024-12-26,ZQX26,96.0400,yahoo
2024-12-26,ZQX27,96.0000,yahoo
2024-12-26,ZQZ26,96.2550,yahoo
2024-12-26,ZQZ27,95.9800,yahoo
2024-12-27,ZQF27,96.2450,yahoo
2024-12-27,ZQF28,95.9700,yahoo
2024-12-27,ZQG27,96.2300,yahoo
2024-12-27,ZQG28,95.9550,yahoo
2024-12-27,ZQH27,96.2150,yahoo
2024-12-27,ZQJ27,96.1750,yahoo
2024-12-27,ZQK27,96.1500,yahoo
2024-12-27,ZQM27,96.1300,yahoo
2024-12-27,ZQN27,96.1100,yahoo
2024-12-27,ZQQ27,96.0300,yahoo
2024-12-27,ZQU26,96.0600,yahoo
2024-12-27,ZQU27,96.0300,yahoo
2024-12-27,ZQV26,96.0650,yahoo
2024-12-27,ZQV27,96.0250,yahoo
2024-12-27,ZQX26,96.0450,yahoo
2024-12-27,ZQX27,96.0050,yahoo
2024-12-27,ZQZ26,96.2600,yahoo
2024-12-27,ZQZ27,95.9850,yahoo
2024-12-30,ZQF27,96.3000,yahoo
2024-12-30,ZQF28,96.0250,yahoo
2024-12-30,ZQG27,96.2850,yahoo
2024-12-30,ZQG28,96.0100,yahoo
2024-12-30,ZQH27,96.2700,yahoo
2024-12-30,ZQJ27,96.2300,yahoo
2024-12-30,ZQK27,96.2050,yahoo
2024-12-30,ZQM27,96.1850,yahoo
2024-12-30,ZQN27,96.1650,yahoo
2024-12-30,ZQQ27,96.0850,yahoo
2024-12-30,ZQU26,96.1150,yahoo
2024-12-30,ZQU27,96.0850,yahoo
2024-12-30,ZQV26,96.1200,yahoo
2024-12-30,ZQV27,96.0800,yahoo
2024-12-30,ZQX26,96.1000,yahoo
2024-12-30,ZQX27,96.0600,yahoo
2024-12-30,ZQZ26,96.3150,yahoo
2024-12-30,ZQZ27,96.0400,yahoo
2024-12-31,ZQF27,96.2900,yahoo
2024-12-31,ZQF28,96.0150,yahoo
2024-12-31,ZQG27,96.2750,yahoo
2024-12-31,ZQG28,96.0000,yahoo
2024-12-31,ZQH27,96.2600,yahoo
2024-12-31,ZQJ27,96.2200,yahoo
2024-12-31,ZQK27,96.1950,yahoo
2024-12-31,ZQM27,96.1750,yahoo
2024-12-31,ZQN27,96.1550,yahoo
2024-12-31,ZQQ27,96.0750,yahoo
2024-12-31,ZQU26,96.1050,yahoo
2024-12-31,ZQU27,96.0750,yahoo
2024-12-31,ZQV26,96.1100,yahoo
2024-12-31,ZQV27,96.0700,yahoo
2024-12-31,ZQX26,96.0900,yahoo
2024-12-31,ZQX27,96.0500,yahoo
2024-12-31,ZQZ26,96.3050,yahoo
2024-12-31,ZQZ27,96.0300,yahoo
2025-01-02,ZQF27,96.2900,yahoo
2025-01-02,ZQF28,96.0150,yahoo
2025-01-02,ZQG27,96.2750,yahoo
2025-01-02,ZQG28,96.0000,yahoo
2025-01-02,ZQH27,96.2600,yahoo
2025-01-02,ZQJ27,96.2200,yahoo
2025-01-02,ZQK27,96.1950,yahoo
2025-01-02,ZQM27,96.1750,yahoo
2025-01-02,ZQN27,96.1550,yahoo
2025-01-02,ZQQ27,96.0750,yahoo
2025-01-02,ZQU26,96.1050,yahoo
2025-01-02,ZQU27,96.0750,yahoo
2025-01-02,ZQV26,96.1100,yahoo
2025-01-02,ZQV27,96.0700,yahoo
2025-01-02,ZQX26,96.0900,yahoo
2025-01-02,ZQX27,96.0500,yahoo
2025-01-02,ZQZ26,96.3050,yahoo
2025-01-02,ZQZ27,96.0300,yahoo
2025-01-03,ZQF27,96.2550,yahoo
2025-01-03,ZQF28,95.9800,yahoo
2025-01-03,ZQG27,96.2400,yahoo
2025-01-03,ZQG28,95.9650,yahoo
2025-01-03,ZQH27,96.2250,yahoo
2025-01-03,ZQJ27,96.1850,yahoo
2025-01-03,ZQK27,96.1600,yahoo
2025-01-03,ZQM27,96.1400,yahoo
2025-01-03,ZQN27,96.1200,yahoo
2025-01-03,ZQQ27,96.0400,yahoo
2025-01-03,ZQU26,96.0700,yahoo
2025-01-03,ZQU27,96.0400,yahoo
2025-01-03,ZQV26,96.0750,yahoo
2025-01-03,ZQV27,96.0350,yahoo
2025-01-03,ZQX26,96.0550,yahoo
2025-01-03,ZQX27,96.0150,yahoo
2025-01-03,ZQZ26,96.2700,yahoo
2025-01-03,ZQZ27,95.9950,yahoo
2025-01-06,ZQF27,96.2550,yahoo
2025-01-06,ZQF28,95.9800,yahoo
2025-01-06,ZQG27,96.2400,yahoo
2025-01-06,ZQG28,95.9650,yahoo
2025-01-06,ZQH27,96.2250,yahoo
2025-01-06,ZQJ27,96.1850,yahoo
2025-01-06,ZQK27,96.1600,yahoo
2025-01-06,ZQM27,96.1400,yahoo
2025-01-06,ZQN27,96.1200,yahoo
2025-01-06,ZQQ27,96.0400,yahoo
2025-01-06,ZQU26,96.0700,yahoo
2025-01-06,ZQU27,96.0400,yahoo
2025-01-06,ZQV26,96.0750,yahoo
2025-01-06,ZQV27,96.0350,yahoo
2025-01-06,ZQX26,96.0550,yahoo
2025-01-06,ZQX27,96.0150,yahoo
2025-01-06,ZQZ26,96.2700,yahoo
2025-01-06,ZQZ27,95.9950,yahoo
2025-01-07,ZQF27,96.2150,yahoo
2025-01-07,ZQF28,95.9400,yahoo
2025-01-07,ZQG27,96.2000,yahoo
2025-01-07,ZQG28,95.9250,yahoo
2025-01-07,ZQH27,96.1850,yahoo
2025-01-07,ZQJ27,96.1450,yahoo
2025-01-07,ZQK27,96.1200,yahoo
2025-01-07,ZQM27,96.1000,yahoo
2025-01-07,ZQN27,96.0800,yahoo
2025-01-07,ZQQ27,96.0000,yahoo
2025-01-07,ZQU26,96.0250,yahoo
2025-01-07,ZQU27,96.0000,yahoo
2025-01-07,ZQV26,96.0300,yahoo
2025-01-07,ZQV27,95.9950,yahoo
2025-01-07,ZQX26,96.0100,yahoo
2025-01-07,ZQX27,95.9750,yahoo
2025-01-07,ZQZ26,96.2300,yahoo
2025-01-07,ZQZ27,95.9550,yahoo
2025-01-08,ZQF27,96.2400,yahoo
2025-01-08,ZQF28,95.9650,yahoo
2025-01-08,ZQG27,96.2250,yahoo
2025-01-08,ZQG28,95.9500,yahoo
2025-01-08,ZQH27,96.2100,yahoo
2025-01-08,ZQJ27,96.1700,yahoo
2025-01-08,ZQK27,96.1450,yahoo
2025-01-08,ZQM27,96.1250,yahoo
2025-01-08,ZQN27,96.1050,yahoo
2025-01-08,ZQQ27,96.0250,yahoo
2025-01-08,ZQU26,96.0500,yahoo
2025-01-08,ZQU27,96.0250,yahoo
2025-01-08,ZQV26,96.0550,yahoo
2025-01-08,ZQV27,96.0200,yahoo
2025-01-08,ZQX26,96.0350,yahoo
2025-01-08,ZQX27,96.0000,yahoo
2025-01-08,ZQZ26,96.2550,yahoo
2025-01-08,ZQZ27,95.9800,yahoo
2025-01-09,ZQF27,96.2750,yahoo
2025-01-09,ZQF28,96.0000,yahoo
2025-01-09,ZQG27,96.2600,yahoo
2025-01-09,ZQG28,95.9850,yahoo
2025-01-09,ZQH27,96.2450,yahoo
2025-01-09,ZQJ27,96.2050,yahoo
2025-01-09,ZQK27,96.1800,yahoo
2025-01-09,ZQM27,96.1600,yahoo
2025-01-09,ZQN27,96.1400,yahoo
2025-01-09,ZQQ27,96.0600,yahoo
2025-01-09,ZQU26,96.0850,yahoo
2025-01-09,ZQU27,96.0600,yahoo
2025-01-09,ZQV26,96.0900,yahoo
2025-01-09,ZQV27,96.0550,yahoo
2025-01-09,ZQX26,96.0700,yahoo
2025-01-09,ZQX27,96.0350,yahoo
2025-01-09,ZQZ26,96.2900,yahoo
2025-01-09,ZQZ27,96.0150,yahoo
2025-01-10,ZQF27,96.1200,yahoo
2025-01-10,ZQF28,95.8450,yahoo
2025-01-10,ZQG27,96.1050,yahoo
2025-01-10,ZQG28,95.8300,yahoo
2025-01-10,ZQH27,96.0900,yahoo
2025-01-10,ZQJ27,96.0500,yahoo
2025-01-10,ZQK27,96.0250,yahoo
2025-01-10,ZQM27,96.0050,yahoo
2025-01-10,ZQN27,95.9850,yahoo
2025-01-10,ZQQ27,95.9050,yahoo
2025-01-10,ZQU26,95.9300,yahoo
2025-01-10,ZQU27,95.9050,yahoo
2025-01-10,ZQV26,95.9350,yahoo
2025-01-10,ZQV27,95.9000,yahoo
2025-01-10,ZQX26,95.9150,yahoo
2025-01-10,ZQX27,95.8800,yahoo
2025-01-10,ZQZ26,96.1350,yahoo
2025-01-10,ZQZ27,95.8600,yahoo
2025-01-13,ZQF27,96.0950,yahoo
2025-01-13,ZQF28,95.8200,yahoo
2025-01-13,ZQG27,96.0800,yahoo
2025-01-13,ZQG28,95.8050,yahoo
2025-01-13,ZQH27,96.0650,yahoo
2025-01-13,ZQJ27,96.0250,yahoo
2025-01-13,ZQK27,96.0000,yahoo
2025-01-13,ZQM27,95.9800,yahoo
2025-01-13,ZQN27,95.9600,yahoo
2025-01-13,ZQQ27,95.8800,yahoo
2025-01-13,ZQU26,95.9050,yahoo
2025-01-13,ZQU27,95.8800,yahoo
2025-01-13,ZQV26,95.9100,yahoo
2025-01-13,ZQV27,95.8750,yahoo
2025-01-13,ZQX26,95.8900,yahoo
2025-01-13,ZQX27,95.8550,yahoo
2025-01-13,ZQZ26,96.1100,yahoo
2025-01-13,ZQZ27,95.8350,yahoo
2025-01-14,ZQF27,96.1350,yahoo
2025-01-14,ZQF28,95.8600,yahoo
2025-01-14,ZQG27,96.1200,yahoo
2025-01-14,ZQG28,95.8450,yahoo
2025-01-14,ZQH27,96.1050,yahoo
2025-01-14,ZQJ27,96.0650,yahoo
2025-01-14,ZQK27,96.0400,yahoo
2025-01-14,ZQM27,96.0200,yahoo
2025-01-14,ZQN27,96.0000,yahoo
2025-01-14,ZQQ27,95.9200,yahoo
2025-01-14,ZQU26,95.9450,yahoo
2025-01-14,ZQU27,95.9200,yahoo
2025-01-14,ZQV26,95.9500,yahoo
2025-01-14,ZQV27,95.9150,yahoo
2025-01-14,ZQX26,95.9300,yahoo
2025-01-14,ZQX27,95.8950,yahoo
2025-01-14,ZQZ26,96.1500,yahoo
2025-01-14,ZQZ27,95.8750,yahoo
2025-01-15,ZQF27,96.2400,yahoo
2025-01-15,ZQF28,95.9650,yahoo
2025-01-15,ZQG27,96.2250,yahoo
2025-01-15,ZQG28,95.9500,yahoo
2025-01-15,ZQH27,96.2100,yahoo
2025-01-15,ZQJ27,96.1700,yahoo
2025-01-15,ZQK27,96.1450,yahoo
2025-01-15,ZQM27,96.1250,yahoo
2025-01-15,ZQN27,96.1050,yahoo
2025-01-15,ZQQ27,96.0250,yahoo
2025-01-15,ZQU26,96.0500,yahoo
2025-01-15,ZQU27,96.0250,yahoo
2025-01-15,ZQV26,96.0550,yahoo
2025-01-15,ZQV27,96.0200,yahoo
2025-01-15,ZQX26,96.0350,yahoo
2025-01-15,ZQX27,96.0000,yahoo
2025-01-15,ZQZ26,96.2550,yahoo
2025-01-15,ZQZ27,95.9800,yahoo
2025-01-16,ZQF27,96.2750,yahoo
2025-01-16,ZQF28,96.0000,yahoo
2025-01-16,ZQG27,96.2600,yahoo
2025-01-16,ZQG28,95.9850,yahoo
2025-01-16,ZQH27,96.2450,yahoo
2025-01-16,ZQJ27,96.2050,yahoo
2025-01-16,ZQK27,96.1800,yahoo
2025-01-16,ZQM27,96.1600,yahoo
2025-01-16,ZQN27,96.1400,yahoo
2025-01-16,ZQQ27,96.0600,yahoo
2025-01-16,ZQU26,96.0850,yahoo
2025-01-16,ZQU27,96.0600,yahoo
2025-01-16,ZQV26,96.0900,yahoo
2025-01-16,ZQV27,96.0550,yahoo
2025-01-16,ZQX26,96.0700,yahoo
2025-01-16,ZQX27,96.0350,yahoo
2025-01-16,ZQZ26,96.2900,yahoo
2025-01-16,ZQZ27,96.0150,yahoo
2025-01-17,ZQF27,96.2400,yahoo
2025-01-17,ZQF28,95.9650,yahoo
2025-01-17,ZQG27,96.2250,yahoo
2025-01-17,ZQG28,95.9500,yahoo
2025-01-17,ZQH27,96.2100,yahoo
2025-01-17,ZQJ27,96.1700,yahoo
2025-01-17,ZQK27,96.1450,yahoo
2025-01-17,ZQM27,96.1250,yahoo
2025-01-17,ZQN27,96.1050,yahoo
2025-01-17,ZQQ27,96.0250,yahoo
2025-01-17,ZQU26,96.0500,yahoo
2025-01-17,ZQU27,96.0250,yahoo
2025-01-17,ZQV26,96.0550,yahoo
2025-01-17,ZQV27,96.0200,yahoo
2025-01-17,ZQX26,96.0350,yahoo
2025-01-17,ZQX27,96.0000,yahoo
2025-01-17,ZQZ26,96.2550,yahoo
2025-01-17,ZQZ27,95.9800,yahoo
2025-01-21,ZQF27,96.2350,yahoo
2025-01-21,ZQF28,95.9600,yahoo
2025-01-21,ZQG27,96.2200,yahoo
2025-01-21,ZQG28,95.9450,yahoo
2025-01-21,ZQH27,96.2050,yahoo
2025-01-21,ZQJ27,96.1650,yahoo
2025-01-21,ZQK27,96.1400,yahoo
2025-01-21,ZQM27,96.1200,yahoo
2025-01-21,ZQN27,96.1000,yahoo
2025-01-21,ZQQ27,96.0200,yahoo
2025-01-21,ZQU26,96.0450,yahoo
2025-01-21,ZQU27,96.0200,yahoo
2025-01-21,ZQV26,96.0500,yahoo
2025-01-21,ZQV27,96.0150,yahoo
2025-01-21,ZQX26,96.0300,yahoo
2025-01-21,ZQX27,95.9950,yahoo
2025-01-21,ZQZ26,96.2500,yahoo
2025-01-21,ZQZ27,95.9750,yahoo
2025-01-22,ZQF27,96.2400,yahoo
2025-01-22,ZQF28,95.9650,yahoo
2025-01-22,ZQG27,96.2250,yahoo
2025-01-22,ZQG28,95.9500,yahoo
2025-01-22,ZQH27,96.2100,yahoo
2025-01-22,ZQJ27,96.1700,yahoo
2025-01-22,ZQK27,96.1450,yahoo
2025-01-22,ZQM27,96.1250,yahoo
2025-01-22,ZQN27,96.1050,yahoo
2025-01-22,ZQQ27,96.0250,yahoo
2025-01-22,ZQU26,96.0500,yahoo
2025-01-22,ZQU27,96.0250,yahoo
2025-01-22,ZQV26,96.0550,yahoo
2025-01-22,ZQV27,96.0200,yahoo
2025-01-22,ZQX26,96.0350,yahoo
2025-01-22,ZQX27,96.0000,yahoo
2025-01-22,ZQZ26,96.2550,yahoo
2025-01-22,ZQZ27,95.9800,yahoo
2025-01-23,ZQF27,96.2550,yahoo
2025-01-23,ZQF28,95.9800,yahoo
2025-01-23,ZQG27,96.2400,yahoo
2025-01-23,ZQG28,95.9650,yahoo
2025-01-23,ZQH27,96.2250,yahoo
2025-01-23,ZQJ27,96.1850,yahoo
2025-01-23,ZQK27,96.1600,yahoo
2025-01-23,ZQM27,96.1400,yahoo
2025-01-23,ZQN27,96.1200,yahoo
2025-01-23,ZQQ27,96.0400,yahoo
2025-01-23,ZQU26,96.0650,yahoo
2025-01-23,ZQU27,96.0400,yahoo
2025-01-23,ZQV26,96.0700,yahoo
2025-01-23,ZQV27,96.0350,yahoo
2025-01-23,ZQX26,96.0500,yahoo
2025-01-23,ZQX27,96.0150,yahoo
2025-01-23,ZQZ26,96.2700,yahoo
2025-01-23,ZQZ27,95.9950,yahoo
2025-01-24,ZQF27,96.2700,yahoo
2025-01-24,ZQF28,95.9950,yahoo
2025-01-24,ZQG27,96.2550,yahoo
2025-01-24,ZQG28,95.9800,yahoo
2025-01-24,ZQH27,96.2400,yahoo
2025-01-24,ZQJ27,96.2000,yahoo
2025-01-24,ZQK27,96.1750,yahoo
2025-01-24,ZQM27,96.1550,yahoo
2025-01-24,ZQN27,96.1350,yahoo
2025-01-24,ZQQ27,96.0550,yahoo
2025-01-24,ZQU26,96.0800,yahoo
2025-01-24,ZQU27,96.0550,yahoo
2025-01-24,ZQV26,96.0850,yahoo
2025-01-24,ZQV27,96.0500,yahoo
2025-01-24,ZQX26,96.0650,yahoo
2025-01-24,ZQX27,96.0300,yahoo
2025-01-24,ZQZ26,96.2850,yahoo
2025-01-24,ZQZ27,96.0100,yahoo
2025-01-27,ZQF27,96.3700,yahoo
2025-01-27,ZQF28,96.0950,yahoo
2025-01-27,ZQG27,96.3550,yahoo
2025-01-27,ZQG28,96.0800,yahoo
2025-01-27,ZQH27,96.3400,yahoo
2025-01-27,ZQJ27,96.3000,yahoo
2025-01-27,ZQK27,96.2750,yahoo
2025-01-27,ZQM27,96.2550,yahoo
2025-01-27,ZQN27,96.2350,yahoo
2025-01-27,ZQQ27,96.1550,yahoo
2025-01-27,ZQU26,96.1800,yahoo
2025-01-27,ZQU27,96.1550,yahoo
2025-01-27,ZQV26,96.1850,yahoo
2025-01-27,ZQV27,96.1500,yahoo
2025-01-27,ZQX26,96.1650,yahoo
2025-01-27,ZQX27,96.1300,yahoo
2025-01-27,ZQZ26,96.3850,yahoo
2025-01-27,ZQZ27,96.1100,yahoo
2025-01-28,ZQF27,96.3500,yahoo
2025-01-28,ZQF28,96.0750,yahoo
2025-01-28,ZQG27,96.3350,yahoo
2025-01-28,ZQG28,96.0600,yahoo
2025-01-28,ZQH27,96.3200,yahoo
2025-01-28,ZQJ27,96.2800,yahoo
2025-01-28,ZQK27,96.2550,yahoo
2025-01-28,ZQM27,96.2350,yahoo
2025-01-28,ZQN27,96.2150,yahoo
2025-01-28,ZQQ27,96.1350,yahoo
2025-01-28,ZQU26,96.1600,yahoo
2025-01-28,ZQU27,96.1350,yahoo
2025-01-28,ZQV26,96.1650,yahoo
2025-01-28,ZQV27,96.1300,yahoo
2025-01-28,ZQX26,96.1450,yahoo
2025-01-28,ZQX27,96.1100,yahoo
2025-01-28,ZQZ26,96.3650,yahoo
2025-01-28,ZQZ27,96.0900,yahoo
2025-01-29,ZQF27,96.3350,yahoo
2025-01-29,ZQF28,96.0600,yahoo
2025-01-29,ZQG27,96.3200,yahoo
2025-01-29,ZQG28,96.0450,yahoo
2025-01-29,ZQH27,96.3050,yahoo
2025-01-29,ZQJ27,96.2650,yahoo
2025-01-29,ZQK27,96.2400,yahoo
2025-01-29,ZQM27,96.2200,yahoo
2025-01-29,ZQN27,96.2000,yahoo
2025-01-29,ZQQ27,96.1200,yahoo
2025-01-29,ZQU26,96.1450,yahoo
2025-01-29,ZQU27,96.1200,yahoo
2025-01-29,ZQV26,96.1500,yahoo
2025-01-29,ZQV27,96.1150,yahoo
2025-01-29,ZQX26,96.1300,yahoo
2025-01-29,ZQX27,96.0950,yahoo
2025-01-29,ZQZ26,96.3500,yahoo
2025-01-29,ZQZ27,96.0750,yahoo
2025-01-30,ZQF27,96.3650,yahoo
2025-01-30,ZQF28,96.0900,yahoo
2025-01-30,ZQG27,96.3500,yahoo
2025-01-30,ZQG28,96.0750,yahoo
2025-01-30,ZQH27,96.3350,yahoo
2025-01-30,ZQJ27,96.2950,yahoo
2025-01-30,ZQK27,96.2700,yahoo
2025-01-30,ZQM27,96.2500,yahoo
2025-01-30,ZQN27,96.2300,yahoo
2025-01-30,ZQQ27,96.1500,yahoo
2025-01-30,ZQU26,96.1750,yahoo
2025-01-30,ZQU27,96.1500,yahoo
2025-01-30,ZQV26,96.1800,yahoo
2025-01-30,ZQV27,96.1450,yahoo
2025-01-30,ZQX26,96.1600,yahoo
2025-01-30,ZQX27,96.1250,yahoo
2025-01-30,ZQZ26,96.3800,yahoo
2025-01-30,ZQZ27,96.1050,yahoo
2025-01-31,ZQF27,96.2950,yahoo
2025-01-31,ZQF28,96.0200,yahoo
2025-01-31,ZQG27,96.2800,yahoo
2025-01-31,ZQG28,96.0050,yahoo
2025-01-31,ZQH27,96.2650,yahoo
2025-01-31,ZQJ27,96.2250,yahoo
2025-01-31,ZQK27,96.2000,yahoo
2025-01-31,ZQM27,96.1800,yahoo
2025-01-31,ZQN27,96.1600,yahoo
2025-01-31,ZQQ27,96.0800,yahoo
2025-01-31,ZQU26,96.1400,yahoo
2025-01-31,ZQU27,96.0800,yahoo
2025-01-31,ZQV26,96.1450,yahoo
2025-01-31,ZQV27,96.0750,yahoo
2025-01-31,ZQX26,96.1250,yahoo
2025-01-31,ZQX27,96.0550,yahoo
2025-01-31,ZQZ26,96.3100,yahoo
2025-01-31,ZQZ27,96.0350,yahoo
2025-02-03,ZQF27,96.2550,yahoo
2025-02-03,ZQF28,95.9800,yahoo
2025-02-03,ZQG27,96.2400,yahoo
2025-02-03,ZQG28,95.9650,yahoo
2025-02-03,ZQH27,96.2250,yahoo
2025-02-03,ZQJ27,96.1850,yahoo
2025-02-03,ZQK27,96.1600,yahoo
2025-02-03,ZQM27,96.1400,yahoo
2025-02-03,ZQN27,96.1200,yahoo
2025-02-03,ZQQ27,96.0400,yahoo
2025-02-03,ZQU26,96.1050,yahoo
2025-02-03,ZQU27,96.0400,yahoo
2025-02-03,ZQV26,96.1100,yahoo
2025-02-03,ZQV27,96.0350,yahoo
2025-02-03,ZQX26,96.0900,yahoo
2025-02-03,ZQX27,96.0150,yahoo
2025-02-03,ZQZ26,96.2700,yahoo
2025-02-03,ZQZ27,95.9950,yahoo
2025-02-04,ZQF27,96.3000,yahoo
2025-02-04,ZQF28,96.0250,yahoo
2025-02-04,ZQG27,96.2850,yahoo
2025-02-04,ZQG28,96.0100,yahoo
2025-02-04,ZQH27,96.2700,yahoo
2025-02-04,ZQJ27,96.2300,yahoo
2025-02-04,ZQK27,96.2050,yahoo
2025-02-04,ZQM27,96.1850,yahoo
2025-02-04,ZQN27,96.1650,yahoo
2025-02-04,ZQQ27,96.0850,yahoo
2025-02-04,ZQU26,96.1550,yahoo
2025-02-04,ZQU27,96.0850,yahoo
2025-02-04,ZQV26,96.1600,yahoo
2025-02-04,ZQV27,96.0800,yahoo
2025-02-04,ZQX26,96.1400,yahoo
2025-02-04,ZQX27,96.0600,yahoo
2025-02-04,ZQZ26,96.3150,yahoo
2025-02-04,ZQZ27,96.0400,yahoo
2025-02-05,ZQF27,96.3200,yahoo
2025-02-05,ZQF28,96.0450,yahoo
2025-02-05,ZQG27,96.3050,yahoo
2025-02-05,ZQG28,96.0300,yahoo
2025-02-05,ZQH27,96.2900,yahoo
2025-02-05,ZQJ27,96.2500,yahoo
2025-02-05,ZQK27,96.2250,yahoo
2025-02-05,ZQM27,96.2050,yahoo
2025-02-05,ZQN27,96.1850,yahoo
2025-02-05,ZQQ27,96.1050,yahoo
2025-02-05,ZQU26,96.1950,yahoo
2025-02-05,ZQU27,96.1050,yahoo
2025-02-05,ZQV26,96.2000,yahoo
2025-02-05,ZQV27,96.1000,yahoo
2025-02-05,ZQX26,96.1800,yahoo
2025-02-05,ZQX27,96.0800,yahoo
2025-02-05,ZQZ26,96.3350,yahoo
2025-02-05,ZQZ27,96.0600,yahoo
2025-02-06,ZQF27,96.2950,yahoo
2025-02-06,ZQF28,96.0200,yahoo
2025-02-06,ZQG27,96.2800,yahoo
2025-02-06,ZQG28,96.0050,yahoo
2025-02-06,ZQH27,96.2650,yahoo
2025-02-06,ZQJ27,96.2250,yahoo
2025-02-06,ZQK27,96.2000,yahoo
2025-02-06,ZQM27,96.1800,yahoo
2025-02-06,ZQN27,96.1600,yahoo
2025-02-06,ZQQ27,96.0800,yahoo
2025-02-06,ZQU26,96.1700,yahoo
2025-02-06,ZQU27,96.0800,yahoo
2025-02-06,ZQV26,96.1750,yahoo
2025-02-06,ZQV27,96.0750,yahoo
2025-02-06,ZQX26,96.1550,yahoo
2025-02-06,ZQX27,96.0550,yahoo
2025-02-06,ZQZ26,96.3100,yahoo
2025-02-06,ZQZ27,96.0350,yahoo
2025-02-07,ZQF27,96.2100,yahoo
2025-02-07,ZQF28,95.9350,yahoo
2025-02-07,ZQG27,96.1950,yahoo
2025-02-07,ZQG28,95.9200,yahoo
2025-02-07,ZQH27,96.1800,yahoo
2025-02-07,ZQJ27,96.1400,yahoo
2025-02-07,ZQK27,96.1150,yahoo
2025-02-07,ZQM27,96.0950,yahoo
2025-02-07,ZQN27,96.0750,yahoo
2025-02-07,ZQQ27,95.9950,yahoo
2025-02-07,ZQU26,96.0850,yahoo
2025-02-07,ZQU27,95.9950,yahoo
2025-02-07,ZQV26,96.0900,yahoo
2025-02-07,ZQV27,95.9900,yahoo
2025-02-07,ZQX26,96.0700,yahoo
2025-02-07,ZQX27,95.9700,yahoo
2025-02-07,ZQZ26,96.2250,yahoo
2025-02-07,ZQZ27,95.9500,yahoo
2025-02-10,ZQF27,96.2200,yahoo
2025-02-10,ZQF28,95.9450,yahoo
2025-02-10,ZQG27,96.2050,yahoo
2025-02-10,ZQG28,95.9300,yahoo
2025-02-10,ZQH27,96.1900,yahoo
2025-02-10,ZQJ27,96.1500,yahoo
2025-02-10,ZQK27,96.1250,yahoo
2025-02-10,ZQM27,96.1050,yahoo
2025-02-10,ZQN27,96.0850,yahoo
2025-02-10,ZQQ27,96.0050,yahoo
2025-02-10,ZQU26,96.0950,yahoo
2025-02-10,ZQU27,96.0050,yahoo
2025-02-10,ZQV26,96.1000,yahoo
2025-02-10,ZQV27,96.0000,yahoo
2025-02-10,ZQX26,96.0800,yahoo
2025-02-10,ZQX27,95.9800,yahoo
2025-02-10,ZQZ26,96.2350,yahoo
2025-02-10,ZQZ27,95.9600,yahoo
2025-02-11,ZQF27,96.1950,yahoo
2025-02-11,ZQF28,95.9200,yahoo
2025-02-11,ZQG27,96.1800,yahoo
2025-02-11,ZQG28,95.9050,yahoo
2025-02-11,ZQH27,96.1650,yahoo
2025-02-11,ZQJ27,96.1250,yahoo
2025-02-11,ZQK27,96.1000,yahoo
2025-02-11,ZQM27,96.0800,yahoo
2025-02-11,ZQN27,96.0600,yahoo
2025-02-11,ZQQ27,95.9800,yahoo
2025-02-11,ZQU26,96.0700,yahoo
2025-02-11,ZQU27,95.9800,yahoo
2025-02-11,ZQV26,96.0750,yahoo
2025-02-11,ZQV27,95.9750,yahoo
2025-02-11,ZQX26,96.0550,yahoo
2025-02-11,ZQX27,95.9550,yahoo
2025-02-11,ZQZ26,96.2100,yahoo
2025-02-11,ZQZ27,95.9350,yahoo
2025-02-12,ZQF27,96.1000,yahoo
2025-02-12,ZQF28,95.8250,yahoo
2025-02-12,ZQG27,96.0850,yahoo
2025-02-12,ZQG28,95.8100,yahoo
2025-02-12,ZQH27,96.0700,yahoo
2025-02-12,ZQJ27,96.0300,yahoo
2025-02-12,ZQK27,96.0050,yahoo
2025-02-12,ZQM27,95.9850,yahoo
2025-02-12,ZQN27,95.9650,yahoo
2025-02-12,ZQQ27,95.8850,yahoo
2025-02-12,ZQU26,95.9750,yahoo
2025-02-12,ZQU27,95.8850,yahoo
2025-02-12,ZQV26,95.9800,yahoo
2025-02-12,ZQV27,95.8800,yahoo
2025-02-12,ZQX26,95.9600,yahoo
2025-02-12,ZQX27,95.8600,yahoo
2025-02-12,ZQZ26,96.1150,yahoo
2025-02-12,ZQZ27,95.8400,yahoo
2025-02-13,ZQF27,96.1600,yahoo
2025-02-13,ZQF28,95.8850,yahoo
2025-02-13,ZQG27,96.1450,yahoo
2025-02-13,ZQG28,95.8700,yahoo
2025-02-13,ZQH27,96.1300,yahoo
2025-02-13,ZQJ27,96.0900,yahoo
2025-02-13,ZQK27,96.0650,yahoo
2025-02-13,ZQM27,96.0450,yahoo
2025-02-13,ZQN27,96.0250,yahoo
2025-02-13,ZQQ27,95.9450,yahoo
2025-02-13,ZQU26,96.0350,yahoo
2025-02-13,ZQU27,95.9450,yahoo
2025-02-13,ZQV26,96.0400,yahoo
2025-02-13,ZQV27,95.9400,yahoo
2025-02-13,ZQX26,96.0200,yahoo
2025-02-13,ZQX27,95.9200,yahoo
2025-02-13,ZQZ26,96.1750,yahoo
2025-02-13,ZQZ27,95.9000,yahoo
2025-02-14,ZQF27,96.2450,yahoo
2025-02-14,ZQF28,95.9700,yahoo
2025-02-14,ZQG27,96.2300,yahoo
2025-02-14,ZQG28,95.9550,yahoo
2025-02-14,ZQH27,96.2150,yahoo
2025-02-14,ZQJ27,96.1750,yahoo
2025-02-14,ZQK27,96.1500,yahoo
2025-02-14,ZQM27,96.1300,yahoo
2025-02-14,ZQN27,96.1100,yahoo
2025-02-14,ZQQ27,96.0300,yahoo
2025-02-14,ZQU26,96.1200,yahoo
2025-02-14,ZQU27,96.0300,yahoo
2025-02-14,ZQV26,96.1250,yahoo
2025-02-14,ZQV27,96.0250,yahoo
2025-02-14,ZQX26,96.1050,yahoo
2025-02-14,ZQX27,96.0050,yahoo
2025-02-14,ZQZ26,96.2600,yahoo
2025-02-14,ZQZ27,95.9850,yahoo
2025-02-18,ZQF27,96.2000,yahoo
2025-02-18,ZQF28,95.9250,yahoo
2025-02-18,ZQG27,96.1850,yahoo
2025-02-18,ZQG28,95.9100,yahoo
2025-02-18,ZQH27,96.1700,yahoo
2025-02-18,ZQJ27,96.1300,yahoo
2025-02-18,ZQK27,96.1050,yahoo
2025-02-18,ZQM27,96.0850,yahoo
2025-02-18,ZQN27,96.0650,yahoo
2025-02-18,ZQQ27,95.9850,yahoo
2025-02-18,ZQU26,96.0750,yahoo
2025-02-18,ZQU27,95.9850,yahoo
2025-02-18,ZQV26,96.0800,yahoo
2025-02-18,ZQV27,95.9800,yahoo
2025-02-18,ZQX26,96.0600,yahoo
2025-02-18,ZQX27,95.9600,yahoo
2025-02-18,ZQZ26,96.2150,yahoo
2025-02-18,ZQZ27,95.9400,yahoo
2025-02-19,ZQF27,96.2100,yahoo
2025-02-19,ZQF28,95.9350,yahoo
2025-02-19,ZQG27,96.1950,yahoo
2025-02-19,ZQG28,95.9200,yahoo
2025-02-19,ZQH27,96.1800,yahoo
2025-02-19,ZQJ27,96.1400,yahoo
2025-02-19,ZQK27,96.1150,yahoo
2025-02-19,ZQM27,96.0950,yahoo
2025-02-19,ZQN27,96.0750,yahoo
2025-02-19,ZQQ27,95.9950,yahoo
2025-02-19,ZQU26,96.0850,yahoo
2025-02-19,ZQU27,95.9950,yahoo
2025-02-19,ZQV26,96.0900,yahoo
2025-02-19,ZQV27,95.9900,yahoo
2025-02-19,ZQX26,96.0700,yahoo
2025-02-19,ZQX27,95.9700,yahoo
2025-02-19,ZQZ26,96.2250,yahoo
2025-02-19,ZQZ27,95.9500,yahoo
2025-02-20,ZQF27,96.2300,yahoo
2025-02-20,ZQF28,95.9550,yahoo
2025-02-20,ZQG27,96.2150,yahoo
2025-02-20,ZQG28,95.9400,yahoo
2025-02-20,ZQH27,96.2000,yahoo
2025-02-20,ZQJ27,96.1600,yahoo
2025-02-20,ZQK27,96.1350,yahoo
2025-02-20,ZQM27,96.1150,yahoo
2025-02-20,ZQN27,96.0950,yahoo
2025-02-20,ZQQ27,96.0150,yahoo
2025-02-20,ZQU26,96.1050,yahoo
2025-02-20,ZQU27,96.0150,yahoo
2025-02-20,ZQV26,96.1100,yahoo
2025-02-20,ZQV27,96.0100,yahoo
2025-02-20,ZQX26,96.0900,yahoo
2025-02-20,ZQX27,95.9900,yahoo
2025-02-20,ZQZ26,96.2450,yahoo
2025-02-20,ZQZ27,95.9700,yahoo
2025-02-21,ZQF27,96.3300,yahoo
2025-02-21,ZQF28,96.0550,yahoo
2025-02-21,ZQG27,96.3150,yahoo
2025-02-21,ZQG28,96.0400,yahoo
2025-02-21,ZQH27,96.3000,yahoo
2025-02-21,ZQJ27,96.2600,yahoo
2025-02-21,ZQK27,96.2350,yahoo
2025-02-21,ZQM27,96.2150,yahoo
2025-02-21,ZQN27,96.1950,yahoo
2025-02-21,ZQQ27,96.1150,yahoo
2025-02-21,ZQU26,96.2050,yahoo
2025-02-21,ZQU27,96.1150,yahoo
2025-02-21,ZQV26,96.2100,yahoo
2025-02-21,ZQV27,96.1100,yahoo
2025-02-21,ZQX26,96.1900,yahoo
2025-02-21,ZQX27,96.0900,yahoo
2025-02-21,ZQZ26,96.3450,yahoo
2025-02-21,ZQZ27,96.0700,yahoo
2025-02-24,ZQF27,96.3750,yahoo
2025-02-24,ZQF28,96.1000,yahoo
2025-02-24,ZQG27,96.3600,yahoo
2025-02-24,ZQG28,96.0850,yahoo
2025-02-24,ZQH27,96.3450,yahoo
2025-02-24,ZQJ27,96.3050,yahoo
2025-02-24,ZQK27,96.2800,yahoo
2025-02-24,ZQM27,96.2600,yahoo
2025-02-24,ZQN27,96.2400,yahoo
2025-02-24,ZQQ27,96.1600,yahoo
2025-02-24,ZQU26,96.2500,yahoo
2025-02-24,ZQU27,96.1600,yahoo
2025-02-24,ZQV26,96.2550,yahoo
2025-02-24,ZQV27,96.1550,yahoo
2025-02-24,ZQX26,96.2350,yahoo
2025-02-24,ZQX27,96.1350,yahoo
2025-02-24,ZQZ26,96.3900,yahoo
2025-02-24,ZQZ27,96.1150,yahoo
2025-02-25,ZQF27,96.4750,yahoo
2025-02-25,ZQF28,96.2000,yahoo
2025-02-25,ZQG27,96.4600,yahoo
2025-02-25,ZQG28,96.1850,yahoo
2025-02-25,ZQH27,96.4450,yahoo
2025-02-25,ZQJ27,96.4050,yahoo
2025-02-25,ZQK27,96.3800,yahoo
2025-02-25,ZQM27,96.3600,yahoo
2025-02-25,ZQN27,96.3400,yahoo
2025-02-25,ZQQ27,96.2600,yahoo
2025-02-25,ZQU26,96.3500,yahoo
2025-02-25,ZQU27,96.2600,yahoo
2025-02-25,ZQV26,96.3550,yahoo
2025-02-25,ZQV27,96.2550,yahoo
2025-02-25,ZQX26,96.3350,yahoo
2025-02-25,ZQX27,96.2350,yahoo
2025-02-25,ZQZ26,96.4900,yahoo
2025-02-25,ZQZ27,96.2150,yahoo
2025-02-26,ZQF27,96.5200,yahoo
2025-02-26,ZQF28,96.2450,yahoo
2025-02-26,ZQG27,96.5050,yahoo
2025-02-26,ZQG28,96.2300,yahoo
2025-02-26,ZQH27,96.4900,yahoo
2025-02-26,ZQJ27,96.4500,yahoo
2025-02-26,ZQK27,96.4250,yahoo
2025-02-26,ZQM27,96.4050,yahoo
2025-02-26,ZQN27,96.3850,yahoo
2025-02-26,ZQQ27,96.3050,yahoo
2025-02-26,ZQU26,96.3950,yahoo
2025-02-26,ZQU27,96.3050,yahoo
2025-02-26,ZQV26,96.4000,yahoo
2025-02-26,ZQV27,96.3000,yahoo
2025-02-26,ZQX26,96.3800,yahoo
2025-02-26,ZQX27,96.2800,yahoo
2025-02-26,ZQZ26,96.5350,yahoo
2025-02-26,ZQZ27,96.2600,yahoo
2025-02-27,ZQF27,96.5100,yahoo
2025-02-27,ZQF28,96.2350,yahoo
2025-02-27,ZQG27,96.4950,yahoo
2025-02-27,ZQG28,96.2200,yahoo
2025-02-27,ZQH27,96.4800,yahoo
2025-02-27,ZQJ27,96.4400,yahoo
2025-02-27,ZQK27,96.4150,yahoo
2025-02-27,ZQM27,96.3950,yahoo
2025-02-27,ZQN27,96.3750,yahoo
2025-02-27,ZQQ27,96.2950,yahoo
2025-02-27,ZQU26,96.3850,yahoo
2025-02-27,ZQU27,96.2950,yahoo
2025-02-27,ZQV26,96.3900,yahoo
2025-02-27,ZQV27,96.2900,yahoo
2025-02-27,ZQX26,96.3700,yahoo
2025-02-27,ZQX27,96.2700,yahoo
2025-02-27,ZQZ26,96.5250,yahoo
2025-02-27,ZQZ27,96.2500,yahoo
2025-02-28,ZQF27,96.6200,yahoo
2025-02-28,ZQF28,96.3450,yahoo
2025-02-28,ZQG27,96.6050,yahoo
2025-02-28,ZQG28,96.3300,yahoo
2025-02-28,ZQH27,96.5900,yahoo
2025-02-28,ZQJ27,96.5500,yahoo
2025-02-28,ZQK27,96.5250,yahoo
2025-02-28,ZQM27,96.5050,yahoo
2025-02-28,ZQN27,96.4850,yahoo
2025-02-28,ZQQ27,96.4050,yahoo
2025-02-28,ZQU26,96.4950,yahoo
2025-02-28,ZQU27,96.4050,yahoo
2025-02-28,ZQV26,96.5000,yahoo
2025-02-28,ZQV27,96.4000,yahoo
2025-02-28,ZQX26,96.4800,yahoo
2025-02-28,ZQX27,96.3800,yahoo
2025-02-28,ZQZ26,96.6350,yahoo
2025-02-28,ZQZ27,96.3600,yahoo
2025-03-03,ZQF27,96.6250,yahoo
2025-03-03,ZQF28,96.3500,yahoo
2025-03-03,ZQG27,96.6100,yahoo
2025-03-03,ZQG28,96.3350,yahoo
2025-03-03,ZQH27,96.5950,yahoo
2025-03-03,ZQJ27,96.5550,yahoo
2025-03-03,ZQK27,96.5300,yahoo
2025-03-03,ZQM27,96.5100,yahoo
2025-03-03,ZQN27,96.4900,yahoo
2025-03-03,ZQQ27,96.4100,yahoo
2025-03-03,ZQU26,96.5000,yahoo
2025-03-03,ZQU27,96.4100,yahoo
2025-03-03,ZQV26,96.5050,yahoo
2025-03-03,ZQV27,96.4050,yahoo
2025-03-03,ZQX26,96.4850,yahoo
2025-03-03,ZQX27,96.3850,yahoo
2025-03-03,ZQZ26,96.6400,yahoo
2025-03-03,ZQZ27,96.3650,yahoo
2025-03-04,ZQF27,96.6600,yahoo
2025-03-04,ZQF28,96.3850,yahoo
2025-03-04,ZQG27,96.6450,yahoo
2025-03-04,ZQG28,96.3700,yahoo
2025-03-04,ZQH27,96.6300,yahoo
2025-03-04,ZQJ27,96.5900,yahoo
2025-03-04,ZQK27,96.5650,yahoo
2025-03-04,ZQM27,96.5450,yahoo
2025-03-04,ZQN27,96.5250,yahoo
2025-03-04,ZQQ27,96.4450,yahoo
2025-03-04,ZQU26,96.5350,yahoo
2025-03-04,ZQU27,96.4450,yahoo
2025-03-04,ZQV26,96.5400,yahoo
2025-03-04,ZQV27,96.4400,yahoo
2025-03-04,ZQX26,96.5200,yahoo
2025-03-04,ZQX27,96.4200,yahoo
2025-03-04,ZQZ26,96.6750,yahoo
2025-03-04,ZQZ27,96.4000,yahoo
2025-03-05,ZQF27,96.6250,yahoo
2025-03-05,ZQF28,96.3500,yahoo
2025-03-05,ZQG27,96.6100,yahoo
2025-03-05,ZQG28,96.3350,yahoo
2025-03-05,ZQH27,96.5950,yahoo
2025-03-05,ZQJ27,96.5550,yahoo
2025-03-05,ZQK27,96.5300,yahoo
2025-03-05,ZQM27,96.5100,yahoo
2025-03-05,ZQN27,96.4900,yahoo
2025-03-05,ZQQ27,96.4100,yahoo
2025-03-05,ZQU26,96.5000,yahoo
2025-03-05,ZQU27,96.4100,yahoo
2025-03-05,ZQV26,96.5050,yahoo
2025-03-05,ZQV27,96.4050,yahoo
2025-03-05,ZQX26,96.4850,yahoo
2025-03-05,ZQX27,96.3850,yahoo
2025-03-05,ZQZ26,96.6400,yahoo
2025-03-05,ZQZ27,96.3650,yahoo
2025-03-06,ZQF27,96.6500,yahoo
2025-03-06,ZQF28,96.3750,yahoo
2025-03-06,ZQG27,96.6350,yahoo
2025-03-06,ZQG28,96.3600,yahoo
2025-03-06,ZQH27,96.6200,yahoo
2025-03-06,ZQJ27,96.5800,yahoo
2025-03-06,ZQK27,96.5550,yahoo
2025-03-06,ZQM27,96.5350,yahoo
2025-03-06,ZQN27,96.5150,yahoo
2025-03-06,ZQQ27,96.4350,yahoo
2025-03-06,ZQU26,96.5250,yahoo
2025-03-06,ZQU27,96.4350,yahoo
2025-03-06,ZQV26,96.5300,yahoo
2025-03-06,ZQV27,96.4300,yahoo
2025-03-06,ZQX26,96.5100,yahoo
2025-03-06,ZQX27,96.4100,yahoo
2025-03-06,ZQZ26,96.6650,yahoo
2025-03-06,ZQZ27,96.3900,yahoo
2025-03-07,ZQF27,96.6050,yahoo
2025-03-07,ZQF28,96.3300,yahoo
2025-03-07,ZQG27,96.5900,yahoo
2025-03-07,ZQG28,96.3150,yahoo
2025-03-07,ZQH27,96.5750,yahoo
2025-03-07,ZQJ27,96.5350,yahoo
2025-03-07,ZQK27,96.5100,yahoo
2025-03-07,ZQM27,96.4900,yahoo
2025-03-07,ZQN27,96.4700,yahoo
2025-03-07,ZQQ27,96.3900,yahoo
2025-03-07,ZQU26,96.4800,yahoo
2025-03-07,ZQU27,96.3900,yahoo
2025-03-07,ZQV26,96.4850,yahoo
2025-03-07,ZQV27,96.3850,yahoo
2025-03-07,ZQX26,96.4650,yahoo
2025-03-07,ZQX27,96.3650,yahoo
2025-03-07,ZQZ26,96.6200,yahoo
2025-03-07,ZQZ27,96.3450,yahoo
2025-03-10,ZQF27,96.7400,yahoo
2025-03-10,ZQF28,96.4650,yahoo
2025-03-10,ZQG27,96.7250,yahoo
2025-03-10,ZQG28,96.4500,yahoo
2025-03-10,ZQH27,96.7100,yahoo
2025-03-10,ZQJ27,96.6700,yahoo
2025-03-10,ZQK27,96.6450,yahoo
2025-03-10,ZQM27,96.6250,yahoo
2025-03-10,ZQN27,96.6050,yahoo
2025-03-10,ZQQ27,96.5250,yahoo
2025-03-10,ZQU26,96.6150,yahoo
2025-03-10,ZQU27,96.5250,yahoo
2025-03-10,ZQV26,96.6200,yahoo
2025-03-10,ZQV27,96.5200,yahoo
2025-03-10,ZQX26,96.6000,yahoo
2025-03-10,ZQX27,96.5000,yahoo
2025-03-10,ZQZ26,96.7550,yahoo
2025-03-10,ZQZ27,96.4800,yahoo
2025-03-11,ZQF27,96.6950,yahoo
2025-03-11,ZQF28,96.4200,yahoo
2025-03-11,ZQG27,96.6800,yahoo
2025-03-11,ZQG28,96.4050,yahoo
2025-03-11,ZQH27,96.6650,yahoo
2025-03-11,ZQJ27,96.6250,yahoo
2025-03-11,ZQK27,96.6000,yahoo
2025-03-11,ZQM27,96.5800,yahoo
2025-03-11,ZQN27,96.5600,yahoo
2025-03-11,ZQQ27,96.4800,yahoo
2025-03-11,ZQU26,96.5700,yahoo
2025-03-11,ZQU27,96.4800,yahoo
2025-03-11,ZQV26,96.5750,yahoo
2025-03-11,ZQV27,96.4750,yahoo
2025-03-11,ZQX26,96.5550,yahoo
2025-03-11,ZQX27,96.4550,yahoo
2025-03-11,ZQZ26,96.7100,yahoo
2025-03-11,ZQZ27,96.4350,yahoo
2025-03-12,ZQF27,96.6250,yahoo
2025-03-12,ZQF28,96.3500,yahoo
2025-03-12,ZQG27,96.6100,yahoo
2025-03-12,ZQG28,96.3350,yahoo
2025-03-12,ZQH27,96.5950,yahoo
2025-03-12,ZQJ27,96.5550,yahoo
2025-03-12,ZQK27,96.5300,yahoo
2025-03-12,ZQM27,96.5100,yahoo
2025-03-12,ZQN27,96.4900,yahoo
2025-03-12,ZQQ27,96.4100,yahoo
2025-03-12,ZQU26,96.5000,yahoo
2025-03-12,ZQU27,96.4100,yahoo
2025-03-12,ZQV26,96.5050,yahoo
2025-03-12,ZQV27,96.4050,yahoo
2025-03-12,ZQX26,96.4850,yahoo
2025-03-12,ZQX27,96.3850,yahoo
2025-03-12,ZQZ26,96.6400,yahoo
2025-03-12,ZQZ27,96.3650,yahoo
2025-03-13,ZQF27,96.6600,yahoo
2025-03-13,ZQF28,96.3850,yahoo
2025-03-13,ZQG27,96.6450,yahoo
2025-03-13,ZQG28,96.3700,yahoo
2025-03-13,ZQH27,96.6300,yahoo
2025-03-13,ZQJ27,96.5900,yahoo
2025-03-13,ZQK27,96.5650,yahoo
2025-03-13,ZQM27,96.5450,yahoo
2025-03-13,ZQN27,96.5250,yahoo
2025-03-13,ZQQ27,96.4450,yahoo
2025-03-13,ZQU26,96.5350,yahoo
2025-03-13,ZQU27,96.4450,yahoo
2025-03-13,ZQV26,96.5400,yahoo
2025-03-13,ZQV27,96.4400,yahoo
2025-03-13,ZQX26,96.5200,yahoo
2025-03-13,ZQX27,96.4200,yahoo
2025-03-13,ZQZ26,96.6750,yahoo
2025-03-13,ZQZ27,96.4000,yahoo
2025-03-14,ZQF27,96.5800,yahoo
2025-03-14,ZQF28,96.3050,yahoo
2025-03-14,ZQG27,96.5650,yahoo
2025-03-14,ZQG28,96.2900,yahoo
2025-03-14,ZQH27,96.5500,yahoo
2025-03-14,ZQJ27,96.5100,yahoo
2025-03-14,ZQK27,96.4850,yahoo
2025-03-14,ZQM27,96.4650,yahoo
2025-03-14,ZQN27,96.4450,yahoo
2025-03-14,ZQQ27,96.3650,yahoo
2025-03-14,ZQU26,96.4550,yahoo
2025-03-14,ZQU27,96.3650,yahoo
2025-03-14,ZQV26,96.4600,yahoo
2025-03-14,ZQV27,96.3600,yahoo
2025-03-14,ZQX26,96.4400,yahoo
2025-03-14,ZQX27,96.3400,yahoo
2025-03-14,ZQZ26,96.5950,yahoo
2025-03-14,ZQZ27,96.3200,yahoo
2025-03-17,ZQF27,96.5350,yahoo
2025-03-17,ZQF28,96.2600,yahoo
2025-03-17,ZQG27,96.5200,yahoo
2025-03-17,ZQG28,96.2450,yahoo
2025-03-17,ZQH27,96.5050,yahoo
2025-03-17,ZQJ27,96.4650,yahoo
2025-03-17,ZQK27,96.4400,yahoo
2025-03-17,ZQM27,96.4200,yahoo
2025-03-17,ZQN27,96.4000,yahoo
2025-03-17,ZQQ27,96.3200,yahoo
2025-03-17,ZQU26,96.4100,yahoo
2025-03-17,ZQU27,96.3200,yahoo
2025-03-17,ZQV26,96.4150,yahoo
2025-03-17,ZQV27,96.3150,yahoo
2025-03-17,ZQX26,96.3950,yahoo
2025-03-17,ZQX27,96.2950,yahoo
2025-03-17,ZQZ26,96.5500,yahoo
2025-03-17,ZQZ27,96.2750,yahoo
2025-03-18,ZQF27,96.5550,yahoo
2025-03-18,ZQF28,96.2800,yahoo
2025-03-18,ZQG27,96.5400,yahoo
2025-03-18,ZQG28,96.2650,yahoo
2025-03-18,ZQH27,96.5250,yahoo
2025-03-18,ZQJ27,96.4850,yahoo
2025-03-18,ZQK27,96.4600,yahoo
2025-03-18,ZQM27,96.4400,yahoo
2025-03-18,ZQN27,96.4200,yahoo
2025-03-18,ZQQ27,96.3400,yahoo
2025-03-18,ZQU26,96.4300,yahoo
2025-03-18,ZQU27,96.3400,yahoo
2025-03-18,ZQV26,96.4350,yahoo
2025-03-18,ZQV27,96.3350,yahoo
2025-03-18,ZQX26,96.4150,yahoo
2025-03-18,ZQX27,96.3150,yahoo
2025-03-18,ZQZ26,96.5700,yahoo
2025-03-18,ZQZ27,96.2950,yahoo
2025-03-19,ZQF27,96.6400,yahoo
2025-03-19,ZQF28,96.3650,yahoo
2025-03-19,ZQG27,96.6250,yahoo
2025-03-19,ZQG28,96.3500,yahoo
2025-03-19,ZQH27,96.6100,yahoo
2025-03-19,ZQJ27,96.5700,yahoo
2025-03-19,ZQK27,96.5450,yahoo
2025-03-19,ZQM27,96.5250,yahoo
2025-03-19,ZQN27,96.5050,yahoo
2025-03-19,ZQQ27,96.4250,yahoo
2025-03-19,ZQU26,96.5150,yahoo
2025-03-19,ZQU27,96.4250,yahoo
2025-03-19,ZQV26,96.5200,yahoo
2025-03-19,ZQV27,96.4200,yahoo
2025-03-19,ZQX26,96.5000,yahoo
2025-03-19,ZQX27,96.4000,yahoo
2025-03-19,ZQZ26,96.6550,yahoo
2025-03-19,ZQZ27,96.3800,yahoo
2025-03-20,ZQF27,96.6850,yahoo
2025-03-20,ZQF28,96.4100,yahoo
2025-03-20,ZQG27,96.6700,yahoo
2025-03-20,ZQG28,96.3950,yahoo
2025-03-20,ZQH27,96.6550,yahoo
2025-03-20,ZQJ27,96.6150,yahoo
2025-03-20,ZQK27,96.5900,yahoo
2025-03-20,ZQM27,96.5700,yahoo
2025-03-20,ZQN27,96.5500,yahoo
2025-03-20,ZQQ27,96.4700,yahoo
2025-03-20,ZQU26,96.5600,yahoo
2025-03-20,ZQU27,96.4700,yahoo
2025-03-20,ZQV26,96.5650,yahoo
2025-03-20,ZQV27,96.4650,yahoo
2025-03-20,ZQX26,96.5450,yahoo
2025-03-20,ZQX27,96.4450,yahoo
2025-03-20,ZQZ26,96.7000,yahoo
2025-03-20,ZQZ27,96.4250,yahoo
2025-03-21,ZQF27,96.7100,yahoo
2025-03-21,ZQF28,96.4350,yahoo
2025-03-21,ZQG27,96.6950,yahoo
2025-03-21,ZQG28,96.4200,yahoo
2025-03-21,ZQH27,96.6800,yahoo
2025-03-21,ZQJ27,96.6400,yahoo
2025-03-21,ZQK27,96.6150,yahoo
2025-03-21,ZQM27,96.5950,yahoo
2025-03-21,ZQN27,96.5750,yahoo
2025-03-21,ZQQ27,96.4950,yahoo
2025-03-21,ZQU26,96.5850,yahoo
2025-03-21,ZQU27,96.4950,yahoo
2025-03-21,ZQV26,96.5900,yahoo
2025-03-21,ZQV27,96.4900,yahoo
2025-03-21,ZQX26,96.5700,yahoo
2025-03-21,ZQX27,96.4700,yahoo
2025-03-21,ZQZ26,96.7250,yahoo
2025-03-21,ZQZ27,96.4500,yahoo
2025-03-24,ZQF27,96.6100,yahoo
2025-03-24,ZQF28,96.3350,yahoo
2025-03-24,ZQG27,96.5950,yahoo
2025-03-24,ZQG28,96.3200,yahoo
2025-03-24,ZQH27,96.5800,yahoo
2025-03-24,ZQJ27,96.5400,yahoo
2025-03-24,ZQK27,96.5150,yahoo
2025-03-24,ZQM27,96.4950,yahoo
2025-03-24,ZQN27,96.4750,yahoo
2025-03-24,ZQQ27,96.3950,yahoo
2025-03-24,ZQU26,96.4850,yahoo
2025-03-24,ZQU27,96.3950,yahoo
2025-03-24,ZQV26,96.4900,yahoo
2025-03-24,ZQV27,96.3900,yahoo
2025-03-24,ZQX26,96.4700,yahoo
2025-03-24,ZQX27,96.3700,yahoo
2025-03-24,ZQZ26,96.6250,yahoo
2025-03-24,ZQZ27,96.3500,yahoo
2025-03-25,ZQF27,96.6400,yahoo
2025-03-25,ZQF28,96.3650,yahoo
2025-03-25,ZQG27,96.6250,yahoo
2025-03-25,ZQG28,96.3500,yahoo
2025-03-25,ZQH27,96.6100,yahoo
2025-03-25,ZQJ27,96.5700,yahoo
2025-03-25,ZQK27,96.5450,yahoo
2025-03-25,ZQM27,96.5250,yahoo
2025-03-25,ZQN27,96.5050,yahoo
2025-03-25,ZQQ27,96.4250,yahoo
2025-03-25,ZQU26,96.5150,yahoo
2025-03-25,ZQU27,96.4250,yahoo
2025-03-25,ZQV26,96.5200,yahoo
2025-03-25,ZQV27,96.4200,yahoo
2025-03-25,ZQX26,96.5000,yahoo
2025-03-25,ZQX27,96.4000,yahoo
2025-03-25,ZQZ26,96.6550,yahoo
2025-03-25,ZQZ27,96.3800,yahoo
2025-03-26,ZQF27,96.6250,yahoo
2025-03-26,ZQF28,96.3500,yahoo
2025-03-26,ZQG27,96.6100,yahoo
2025-03-26,ZQG28,96.3350,yahoo
2025-03-26,ZQH27,96.5950,yahoo
2025-03-26,ZQJ27,96.5550,yahoo
2025-03-26,ZQK27,96.5300,yahoo
2025-03-26,ZQM27,96.5100,yahoo
2025-03-26,ZQN27,96.4900,yahoo
2025-03-26,ZQQ27,96.4100,yahoo
2025-03-26,ZQU26,96.5000,yahoo
2025-03-26,ZQU27,96.4100,yahoo
2025-03-26,ZQV26,96.5050,yahoo
2025-03-26,ZQV27,96.4050,yahoo
2025-03-26,ZQX26,96.4850,yahoo
2025-03-26,ZQX27,96.3850,yahoo
2025-03-26,ZQZ26,96.6400,yahoo
2025-03-26,ZQZ27,96.3650,yahoo
2025-03-27,ZQF27,96.6350,yahoo
2025-03-27,ZQF28,96.3600,yahoo
2025-03-27,ZQG27,96.6200,yahoo
2025-03-27,ZQG28,96.3450,yahoo
2025-03-27,ZQH27,96.6050,yahoo
2025-03-27,ZQJ27,96.5650,yahoo
2025-03-27,ZQK27,96.5400,yahoo
2025-03-27,ZQM27,96.5200,yahoo
2025-03-27,ZQN27,96.5000,yahoo
2025-03-27,ZQQ27,96.4200,yahoo
2025-03-27,ZQU26,96.5100,yahoo
2025-03-27,ZQU27,96.4200,yahoo
2025-03-27,ZQV26,96.5150,yahoo
2025-03-27,ZQV27,96.4150,yahoo
2025-03-27,ZQX26,96.4950,yahoo
2025-03-27,ZQX27,96.3950,yahoo
2025-03-27,ZQZ26,96.6500,yahoo
2025-03-27,ZQZ27,96.3750,yahoo
2025-03-28,ZQF27,96.7450,yahoo
2025-03-28,ZQF28,96.4700,yahoo
2025-03-28,ZQG27,96.7300,yahoo
2025-03-28,ZQG28,96.4550,yahoo
2025-03-28,ZQH27,96.7150,yahoo
2025-03-28,ZQJ27,96.6750,yahoo
2025-03-28,ZQK27,96.6500,yahoo
2025-03-28,ZQM27,96.6300,yahoo
2025-03-28,ZQN27,96.6100,yahoo
2025-03-28,ZQQ27,96.5300,yahoo
2025-03-28,ZQU26,96.6200,yahoo
2025-03-28,ZQU27,96.5300,yahoo
2025-03-28,ZQV26,96.6250,yahoo
2025-03-28,ZQV27,96.5250,yahoo
2025-03-28,ZQX26,96.6050,yahoo
2025-03-28,ZQX27,96.5050,yahoo
2025-03-28,ZQZ26,96.7600,yahoo
2025-03-28,ZQZ27,96.4850,yahoo
2025-03-31,ZQF27,96.7450,yahoo
2025-03-31,ZQF28,96.4700,yahoo
2025-03-31,ZQG27,96.7300,yahoo
2025-03-31,ZQG28,96.4550,yahoo
2025-03-31,ZQH27,96.7150,yahoo
2025-03-31,ZQJ27,96.6750,yahoo
2025-03-31,ZQK27,96.6500,yahoo
2025-03-31,ZQM27,96.6300,yahoo
2025-03-31,ZQN27,96.6100,yahoo
2025-03-31,ZQQ27,96.5300,yahoo
2025-03-31,ZQU26,96.6200,yahoo
2025-03-31,ZQU27,96.5300,yahoo
2025-03-31,ZQV26,96.6250,yahoo
2025-03-31,ZQV27,96.5250,yahoo
2025-03-31,ZQX26,96.6050,yahoo
2025-03-31,ZQX27,96.5050,yahoo
2025-03-31,ZQZ26,96.7600,yahoo
2025-03-31,ZQZ27,96.4850,yahoo
2025-04-01,ZQF27,96.8050,yahoo
2025-04-01,ZQF28,96.5300,yahoo
2025-04-01,ZQG27,96.7900,yahoo
2025-04-01,ZQG28,96.5150,yahoo
2025-04-01,ZQH27,96.7750,yahoo
2025-04-01,ZQJ27,96.7350,yahoo
2025-04-01,ZQK27,96.7100,yahoo
2025-04-01,ZQM27,96.6900,yahoo
2025-04-01,ZQN27,96.6700,yahoo
2025-04-01,ZQQ27,96.5900,yahoo
2025-04-01,ZQU26,96.6800,yahoo
2025-04-01,ZQU27,96.5900,yahoo
2025-04-01,ZQV26,96.6850,yahoo
2025-04-01,ZQV27,96.5850,yahoo
2025-04-01,ZQX26,96.6650,yahoo
2025-04-01,ZQX27,96.5650,yahoo
2025-04-01,ZQZ26,96.8200,yahoo
2025-04-01,ZQZ27,96.5450,yahoo
2025-04-02,ZQF27,96.7600,yahoo
2025-04-02,ZQF28,96.4850,yahoo
2025-04-02,ZQG27,96.7450,yahoo
2025-04-02,ZQG28,96.4700,yahoo
2025-04-02,ZQH27,96.7300,yahoo
2025-04-02,ZQJ27,96.6900,yahoo
2025-04-02,ZQK27,96.6650,yahoo
2025-04-02,ZQM27,96.6450,yahoo
2025-04-02,ZQN27,96.6250,yahoo
2025-04-02,ZQQ27,96.5450,yahoo
2025-04-02,ZQU26,96.6350,yahoo
2025-04-02,ZQU27,96.5450,yahoo
2025-04-02,ZQV26,96.6400,yahoo
2025-04-02,ZQV27,96.5400,yahoo
2025-04-02,ZQX26,96.6200,yahoo
2025-04-02,ZQX27,96.5200,yahoo
2025-04-02,ZQZ26,96.7750,yahoo
2025-04-02,ZQZ27,96.5000,yahoo
2025-04-03,ZQF27,97.0050,yahoo
2025-04-03,ZQF28,96.7300,yahoo
2025-04-03,ZQG27,96.9900,yahoo
2025-04-03,ZQG28,96.7150,yahoo
2025-04-03,ZQH27,96.9750,yahoo
2025-04-03,ZQJ27,96.9350,yahoo
2025-04-03,ZQK27,96.9100,yahoo
2025-04-03,ZQM27,96.8900,yahoo
2025-04-03,ZQN27,96.8700,yahoo
2025-04-03,ZQQ27,96.7900,yahoo
2025-04-03,ZQU26,96.8800,yahoo
2025-04-03,ZQU27,96.7900,yahoo
2025-04-03,ZQV26,96.8850,yahoo
2025-04-03,ZQV27,96.7850,yahoo
2025-04-03,ZQX26,96.8650,yahoo
2025-04-03,ZQX27,96.7650,yahoo
2025-04-03,ZQZ26,97.0200,yahoo
2025-04-03,ZQZ27,96.7450,yahoo
2025-04-04,ZQF27,97.0850,yahoo
2025-04-04,ZQF28,96.8100,yahoo
2025-04-04,ZQG27,97.0700,yahoo
2025-04-04,ZQG28,96.7950,yahoo
2025-04-04,ZQH27,97.0550,yahoo
2025-04-04,ZQJ27,97.0150,yahoo
2025-04-04,ZQK27,96.9900,yahoo
2025-04-04,ZQM27,96.9700,yahoo
2025-04-04,ZQN27,96.9500,yahoo
2025-04-04,ZQQ27,96.8700,yahoo
2025-04-04,ZQU26,96.9600,yahoo
2025-04-04,ZQU27,96.8700,yahoo
2025-04-04,ZQV26,96.9650,yahoo
2025-04-04,ZQV27,96.8650,yahoo
2025-04-04,ZQX26,96.9450,yahoo
2025-04-04,ZQX27,96.8450,yahoo
2025-04-04,ZQZ26,97.1000,yahoo
2025-04-04,ZQZ27,96.8250,yahoo
2025-04-07,ZQF27,97.0350,yahoo
2025-04-07,ZQF28,96.7600,yahoo
2025-04-07,ZQG27,97.0200,yahoo
2025-04-07,ZQG28,96.7450,yahoo
2025-04-07,ZQH27,97.0050,yahoo
2025-04-07,ZQJ27,96.9650,yahoo
2025-04-07,ZQK27,96.9400,yahoo
2025-04-07,ZQM27,96.9200,yahoo
2025-04-07,ZQN27,96.9000,yahoo
2025-04-07,ZQQ27,96.8200,yahoo
2025-04-07,ZQU26,96.9100,yahoo
2025-04-07,ZQU27,96.8200,yahoo
2025-04-07,ZQV26,96.9150,yahoo
2025-04-07,ZQV27,96.8150,yahoo
2025-04-07,ZQX26,96.8950,yahoo
2025-04-07,ZQX27,96.7950,yahoo
2025-04-07,ZQZ26,97.0500,yahoo
2025-04-07,ZQZ27,96.7750,yahoo
2025-04-08,ZQF27,97.0450,yahoo
2025-04-08,ZQF28,96.7700,yahoo
2025-04-08,ZQG27,97.0300,yahoo
2025-04-08,ZQG28,96.7550,yahoo
2025-04-08,ZQH27,97.0150,yahoo
2025-04-08,ZQJ27,96.9750,yahoo
2025-04-08,ZQK27,96.9500,yahoo
2025-04-08,ZQM27,96.9300,yahoo
2025-04-08,ZQN27,96.9100,yahoo
2025-04-08,ZQQ27,96.8300,yahoo
2025-04-08,ZQU26,96.9350,yahoo
2025-04-08,ZQU27,96.8300,yahoo
2025-04-08,ZQV26,96.9400,yahoo
2025-04-08,ZQV27,96.8250,yahoo
2025-04-08,ZQX26,96.9200,yahoo
2025-04-08,ZQX27,96.8050,yahoo
2025-04-08,ZQZ26,97.0600,yahoo
2025-04-08,ZQZ27,96.7850,yahoo
2025-04-09,ZQF27,96.7400,yahoo
2025-04-09,ZQF28,96.4650,yahoo
2025-04-09,ZQG27,96.7250,yahoo
2025-04-09,ZQG28,96.4500,yahoo
2025-04-09,ZQH27,96.7100,yahoo
2025-04-09,ZQJ27,96.6700,yahoo
2025-04-09,ZQK27,96.6450,yahoo
2025-04-09,ZQM27,96.6250,yahoo
2025-04-09,ZQN27,96.6050,yahoo
2025-04-09,ZQQ27,96.5250,yahoo
2025-04-09,ZQU26,96.6300,yahoo
2025-04-09,ZQU27,96.5250,yahoo
2025-04-09,ZQV26,96.6350,yahoo
2025-04-09,ZQV27,96.5200,yahoo
2025-04-09,ZQX26,96.6150,yahoo
2025-04-09,ZQX27,96.5000,yahoo
2025-04-09,ZQZ26,96.7550,yahoo
2025-04-09,ZQZ27,96.4800,yahoo
2025-04-10,ZQF27,96.8650,yahoo
2025-04-10,ZQF28,96.5900,yahoo
2025-04-10,ZQG27,96.8500,yahoo
2025-04-10,ZQG28,96.5750,yahoo
2025-04-10,ZQH27,96.8350,yahoo
2025-04-10,ZQJ27,96.7950,yahoo
2025-04-10,ZQK27,96.7700,yahoo
2025-04-10,ZQM27,96.7500,yahoo
2025-04-10,ZQN27,96.7300,yahoo
2025-04-10,ZQQ27,96.6500,yahoo
2025-04-10,ZQU26,96.7550,yahoo
2025-04-10,ZQU27,96.6500,yahoo
2025-04-10,ZQV26,96.7600,yahoo
2025-04-10,ZQV27,96.6450,yahoo
2025-04-10,ZQX26,96.7400,yahoo
2025-04-10,ZQX27,96.6250,yahoo
2025-04-10,ZQZ26,96.8800,yahoo
2025-04-10,ZQZ27,96.6050,yahoo
2025-04-11,ZQF27,96.7550,yahoo
2025-04-11,ZQF28,96.4800,yahoo
2025-04-11,ZQG27,96.7400,yahoo
2025-04-11,ZQG28,96.4650,yahoo
2025-04-11,ZQH27,96.7250,yahoo
2025-04-11,ZQJ27,96.6850,yahoo
2025-04-11,ZQK27,96.6600,yahoo
2025-04-11,ZQM27,96.6400,yahoo
2025-04-11,ZQN27,96.6200,yahoo
2025-04-11,ZQQ27,96.5400,yahoo
2025-04-11,ZQU26,96.6450,yahoo
2025-04-11,ZQU27,96.5400,yahoo
2025-04-11,ZQV26,96.6500,yahoo
2025-04-11,ZQV27,96.5350,yahoo
2025-04-11,ZQX26,96.6300,yahoo
2025-04-11,ZQX27,96.5150,yahoo
2025-04-11,ZQZ26,96.7700,yahoo
2025-04-11,ZQZ27,96.4950,yahoo
2025-04-14,ZQF27,96.8800,yahoo
2025-04-14,ZQF28,96.6050,yahoo
2025-04-14,ZQG27,96.8650,yahoo
2025-04-14,ZQG28,96.5900,yahoo
2025-04-14,ZQH27,96.8500,yahoo
2025-04-14,ZQJ27,96.8100,yahoo
2025-04-14,ZQK27,96.7850,yahoo
2025-04-14,ZQM27,96.7650,yahoo
2025-04-14,ZQN27,96.7450,yahoo
2025-04-14,ZQQ27,96.6650,yahoo
2025-04-14,ZQU26,96.7700,yahoo
2025-04-14,ZQU27,96.6650,yahoo
2025-04-14,ZQV26,96.7750,yahoo
2025-04-14,ZQV27,96.6600,yahoo
2025-04-14,ZQX26,96.7550,yahoo
2025-04-14,ZQX27,96.6400,yahoo
2025-04-14,ZQZ26,96.8950,yahoo
2025-04-14,ZQZ27,96.6200,yahoo
2025-04-15,ZQF27,96.8350,yahoo
2025-04-15,ZQF28,96.5600,yahoo
2025-04-15,ZQG27,96.8200,yahoo
2025-04-15,ZQG28,96.5450,yahoo
2025-04-15,ZQH27,96.8050,yahoo
2025-04-15,ZQJ27,96.7650,yahoo
2025-04-15,ZQK27,96.7400,yahoo
2025-04-15,ZQM27,96.7200,yahoo
2025-04-15,ZQN27,96.7000,yahoo
2025-04-15,ZQQ27,96.6200,yahoo
2025-04-15,ZQU26,96.7750,yahoo
2025-04-15,ZQU27,96.6200,yahoo
2025-04-15,ZQV26,96.7800,yahoo
2025-04-15,ZQV27,96.6150,yahoo
2025-04-15,ZQX26,96.7600,yahoo
2025-04-15,ZQX27,96.5950,yahoo
2025-04-15,ZQZ26,96.8500,yahoo
2025-04-15,ZQZ27,96.5750,yahoo
2025-04-16,ZQF27,96.8350,yahoo
2025-04-16,ZQF28,96.5600,yahoo
2025-04-16,ZQG27,96.8200,yahoo
2025-04-16,ZQG28,96.5450,yahoo
2025-04-16,ZQH27,96.8050,yahoo
2025-04-16,ZQJ27,96.7650,yahoo
2025-04-16,ZQK27,96.7400,yahoo
2025-04-16,ZQM27,96.7200,yahoo
2025-04-16,ZQN27,96.7000,yahoo
2025-04-16,ZQQ27,96.6200,yahoo
2025-04-16,ZQU26,96.8450,yahoo
2025-04-16,ZQU27,96.6200,yahoo
2025-04-16,ZQV26,96.8500,yahoo
2025-04-16,ZQV27,96.6150,yahoo
2025-04-16,ZQX26,96.8300,yahoo
2025-04-16,ZQX27,96.5950,yahoo
2025-04-16,ZQZ26,96.8500,yahoo
2025-04-16,ZQZ27,96.5750,yahoo
2025-04-17,ZQF27,96.8650,yahoo
2025-04-17,ZQF28,96.5900,yahoo
2025-04-17,ZQG27,96.8500,yahoo
2025-04-17,ZQG28,96.5750,yahoo
2025-04-17,ZQH27,96.8350,yahoo
2025-04-17,ZQJ27,96.7950,yahoo
2025-04-17,ZQK27,96.7700,yahoo
2025-04-17,ZQM27,96.7500,yahoo
2025-04-17,ZQN27,96.7300,yahoo
2025-04-17,ZQQ27,96.6500,yahoo
2025-04-17,ZQU26,96.8600,yahoo
2025-04-17,ZQU27,96.6500,yahoo
2025-04-17,ZQV26,96.8650,yahoo
2025-04-17,ZQV27,96.6450,yahoo
2025-04-17,ZQX26,96.8600,yahoo
2025-04-17,ZQX27,96.6250,yahoo
2025-04-17,ZQZ26,96.8800,yahoo
2025-04-17,ZQZ27,96.6050,yahoo
2025-04-21,ZQF27,96.8850,yahoo
2025-04-21,ZQF28,96.6100,yahoo
2025-04-21,ZQG27,96.8700,yahoo
2025-04-21,ZQG28,96.5950,yahoo
2025-04-21,ZQH27,96.8550,yahoo
2025-04-21,ZQJ27,96.8150,yahoo
2025-04-21,ZQK27,96.7900,yahoo
2025-04-21,ZQM27,96.7700,yahoo
2025-04-21,ZQN27,96.7500,yahoo
2025-04-21,ZQQ27,96.6700,yahoo
2025-04-21,ZQU26,96.9550,yahoo
2025-04-21,ZQU27,96.6700,yahoo
2025-04-21,ZQV26,96.9600,yahoo
2025-04-21,ZQV27,96.6650,yahoo
2025-04-21,ZQX26,96.9550,yahoo
2025-04-21,ZQX27,96.6450,yahoo
2025-04-21,ZQZ26,96.9000,yahoo
2025-04-21,ZQZ27,96.6250,yahoo
2025-04-22,ZQF27,96.8000,yahoo
2025-04-22,ZQF28,96.5250,yahoo
2025-04-22,ZQG27,96.7850,yahoo
2025-04-22,ZQG28,96.5100,yahoo
2025-04-22,ZQH27,96.7700,yahoo
2025-04-22,ZQJ27,96.7300,yahoo
2025-04-22,ZQK27,96.7050,yahoo
2025-04-22,ZQM27,96.6850,yahoo
2025-04-22,ZQN27,96.6650,yahoo
2025-04-22,ZQQ27,96.5850,yahoo
2025-04-22,ZQU26,96.8700,yahoo
2025-04-22,ZQU27,96.5850,yahoo
2025-04-22,ZQV26,96.8750,yahoo
2025-04-22,ZQV27,96.5800,yahoo
2025-04-22,ZQX26,96.8700,yahoo
2025-04-22,ZQX27,96.5600,yahoo
2025-04-22,ZQZ26,96.8150,yahoo
2025-04-22,ZQZ27,96.5400,yahoo
2025-04-23,ZQF27,96.7150,yahoo
2025-04-23,ZQF28,96.4400,yahoo
2025-04-23,ZQG27,96.7000,yahoo
2025-04-23,ZQG28,96.4250,yahoo
2025-04-23,ZQH27,96.6850,yahoo
2025-04-23,ZQJ27,96.6450,yahoo
2025-04-23,ZQK27,96.6200,yahoo
2025-04-23,ZQM27,96.6000,yahoo
2025-04-23,ZQN27,96.5800,yahoo
2025-04-23,ZQQ27,96.5000,yahoo
2025-04-23,ZQU26,96.7850,yahoo
2025-04-23,ZQU27,96.5000,yahoo
2025-04-23,ZQV26,96.7900,yahoo
2025-04-23,ZQV27,96.4950,yahoo
2025-04-23,ZQX26,96.7850,yahoo
2025-04-23,ZQX27,96.4750,yahoo
2025-04-23,ZQZ26,96.7300,yahoo
2025-04-23,ZQZ27,96.4550,yahoo
2025-04-24,ZQF27,96.8000,yahoo
2025-04-24,ZQF28,96.5250,yahoo
2025-04-24,ZQG27,96.7850,yahoo
2025-04-24,ZQG28,96.5100,yahoo
2025-04-24,ZQH27,96.7700,yahoo
2025-04-24,ZQJ27,96.7300,yahoo
2025-04-24,ZQK27,96.7050,yahoo
2025-04-24,ZQM27,96.6850,yahoo
2025-04-24,ZQN27,96.6650,yahoo
2025-04-24,ZQQ27,96.5850,yahoo
2025-04-24,ZQU26,96.8650,yahoo
2025-04-24,ZQU27,96.5850,yahoo
2025-04-24,ZQV26,96.8700,yahoo
2025-04-24,ZQV27,96.5800,yahoo
2025-04-24,ZQX26,96.8700,yahoo
2025-04-24,ZQX27,96.5600,yahoo
2025-04-24,ZQZ26,96.8150,yahoo
2025-04-24,ZQZ27,96.5400,yahoo
2025-04-25,ZQF27,96.8400,yahoo
2025-04-25,ZQF28,96.5650,yahoo
2025-04-25,ZQG27,96.8250,yahoo
2025-04-25,ZQG28,96.5500,yahoo
2025-04-25,ZQH27,96.8100,yahoo
2025-04-25,ZQJ27,96.7700,yahoo
2025-04-25,ZQK27,96.7450,yahoo
2025-04-25,ZQM27,96.7250,yahoo
2025-04-25,ZQN27,96.7050,yahoo
2025-04-25,ZQQ27,96.6250,yahoo
2025-04-25,ZQU26,96.9000,yahoo
2025-04-25,ZQU27,96.6250,yahoo
2025-04-25,ZQV26,96.9050,yahoo
2025-04-25,ZQV27,96.6200,yahoo
2025-04-25,ZQX26,96.9100,yahoo
2025-04-25,ZQX27,96.6000,yahoo
2025-04-25,ZQZ26,96.8550,yahoo
2025-04-25,ZQZ27,96.5800,yahoo
2025-04-28,ZQF27,96.9300,yahoo
2025-04-28,ZQF28,96.6550,yahoo
2025-04-28,ZQG27,96.9150,yahoo
2025-04-28,ZQG28,96.6400,yahoo
2025-04-28,ZQH27,96.9000,yahoo
2025-04-28,ZQJ27,96.8600,yahoo
2025-04-28,ZQK27,96.8350,yahoo
2025-04-28,ZQM27,96.8150,yahoo
2025-04-28,ZQN27,96.7950,yahoo
2025-04-28,ZQQ27,96.7150,yahoo
2025-04-28,ZQU26,96.9900,yahoo
2025-04-28,ZQU27,96.7150,yahoo
2025-04-28,ZQV26,96.9950,yahoo
2025-04-28,ZQV27,96.7100,yahoo
2025-04-28,ZQX26,97.0050,yahoo
2025-04-28,ZQX27,96.6900,yahoo
2025-04-28,ZQZ26,96.9000,yahoo
2025-04-28,ZQZ27,96.6700,yahoo
2025-04-29,ZQF27,96.9800,yahoo
2025-04-29,ZQF28,96.7050,yahoo
2025-04-29,ZQG27,96.9650,yahoo
2025-04-29,ZQG28,96.6900,yahoo
2025-04-29,ZQH27,96.9500,yahoo
2025-04-29,ZQJ27,96.9100,yahoo
2025-04-29,ZQK27,96.8850,yahoo
2025-04-29,ZQM27,96.8650,yahoo
2025-04-29,ZQN27,96.8450,yahoo
2025-04-29,ZQQ27,96.7650,yahoo
2025-04-29,ZQU26,97.0400,yahoo
2025-04-29,ZQU27,96.7650,yahoo
2025-04-29,ZQV26,97.0450,yahoo
2025-04-29,ZQV27,96.7600,yahoo
2025-04-29,ZQX26,97.0550,yahoo
2025-04-29,ZQX27,96.7400,yahoo
2025-04-29,ZQZ26,96.9500,yahoo
2025-04-29,ZQZ27,96.7200,yahoo
2025-04-30,ZQF27,97.0450,yahoo
2025-04-30,ZQF28,96.7700,yahoo
2025-04-30,ZQG27,97.0300,yahoo
2025-04-30,ZQG28,96.7550,yahoo
2025-04-30,ZQH27,97.0150,yahoo
2025-04-30,ZQJ27,96.9750,yahoo
2025-04-30,ZQK27,96.9500,yahoo
2025-04-30,ZQM27,96.9300,yahoo
2025-04-30,ZQN27,96.9100,yahoo
2025-04-30,ZQQ27,96.8300,yahoo
2025-04-30,ZQU26,97.0900,yahoo
2025-04-30,ZQU27,96.8300,yahoo
2025-04-30,ZQV26,97.1100,yahoo
2025-04-30,ZQV27,96.8250,yahoo
2025-04-30,ZQX26,97.1200,yahoo
2025-04-30,ZQX27,96.8050,yahoo
2025-04-30,ZQZ26,97.0150,yahoo
2025-04-30,ZQZ27,96.7850,yahoo
2025-05-01,ZQF27,96.9400,yahoo
2025-05-01,ZQF28,96.6650,yahoo
2025-05-01,ZQG27,96.9250,yahoo
2025-05-01,ZQG28,96.6500,yahoo
2025-05-01,ZQH27,96.9100,yahoo
2025-05-01,ZQJ27,96.8700,yahoo
2025-05-01,ZQK27,96.8450,yahoo
2025-05-01,ZQM27,96.8250,yahoo
2025-05-01,ZQN27,96.8050,yahoo
2025-05-01,ZQQ27,96.7250,yahoo
2025-05-01,ZQU26,96.9700,yahoo
2025-05-01,ZQU27,96.7250,yahoo
2025-05-01,ZQV26,96.9950,yahoo
2025-05-01,ZQV27,96.7200,yahoo
2025-05-01,ZQX26,97.0050,yahoo
2025-05-01,ZQX27,96.7000,yahoo
2025-05-01,ZQZ26,96.9000,yahoo
2025-05-01,ZQZ27,96.6800,yahoo
2025-05-02,ZQF27,96.7850,yahoo
2025-05-02,ZQF28,96.5100,yahoo
2025-05-02,ZQG27,96.7700,yahoo
2025-05-02,ZQG28,96.4950,yahoo
2025-05-02,ZQH27,96.7550,yahoo
2025-05-02,ZQJ27,96.7150,yahoo
2025-05-02,ZQK27,96.6900,yahoo
2025-05-02,ZQM27,96.6700,yahoo
2025-05-02,ZQN27,96.6500,yahoo
2025-05-02,ZQQ27,96.5700,yahoo
2025-05-02,ZQU26,96.8050,yahoo
2025-05-02,ZQU27,96.5700,yahoo
2025-05-02,ZQV26,96.8350,yahoo
2025-05-02,ZQV27,96.5650,yahoo
2025-05-02,ZQX26,96.8450,yahoo
2025-05-02,ZQX27,96.5450,yahoo
2025-05-02,ZQZ26,96.7450,yahoo
2025-05-02,ZQZ27,96.5250,yahoo
2025-05-05,ZQF27,96.7850,yahoo
2025-05-05,ZQF28,96.5100,yahoo
2025-05-05,ZQG27,96.7700,yahoo
2025-05-05,ZQG28,96.4950,yahoo
2025-05-05,ZQH27,96.7550,yahoo
2025-05-05,ZQJ27,96.7150,yahoo
2025-05-05,ZQK27,96.6900,yahoo
2025-05-05,ZQM27,96.6700,yahoo
2025-05-05,ZQN27,96.6500,yahoo
2025-05-05,ZQQ27,96.5700,yahoo
2025-05-05,ZQU26,96.8000,yahoo
2025-05-05,ZQU27,96.5700,yahoo
2025-05-05,ZQV26,96.8300,yahoo
2025-05-05,ZQV27,96.5650,yahoo
2025-05-05,ZQX26,96.8400,yahoo
2025-05-05,ZQX27,96.5450,yahoo
2025-05-05,ZQZ26,96.7400,yahoo
2025-05-05,ZQZ27,96.5250,yahoo
2025-05-06,ZQF27,96.9100,yahoo
2025-05-06,ZQF28,96.6350,yahoo
2025-05-06,ZQG27,96.8950,yahoo
2025-05-06,ZQG28,96.6200,yahoo
2025-05-06,ZQH27,96.8800,yahoo
2025-05-06,ZQJ27,96.8400,yahoo
2025-05-06,ZQK27,96.8150,yahoo
2025-05-06,ZQM27,96.7950,yahoo
2025-05-06,ZQN27,96.7750,yahoo
2025-05-06,ZQQ27,96.6950,yahoo
2025-05-06,ZQU26,96.8800,yahoo
2025-05-06,ZQU27,96.6950,yahoo
2025-05-06,ZQV26,96.9100,yahoo
2025-05-06,ZQV27,96.6900,yahoo
2025-05-06,ZQX26,96.9200,yahoo
2025-05-06,ZQX27,96.6700,yahoo
2025-05-06,ZQZ26,96.8950,yahoo
2025-05-06,ZQZ27,96.6500,yahoo
2025-05-07,ZQF27,96.9150,yahoo
2025-05-07,ZQF28,96.6400,yahoo
2025-05-07,ZQG27,96.9000,yahoo
2025-05-07,ZQG28,96.6250,yahoo
2025-05-07,ZQH27,96.8850,yahoo
2025-05-07,ZQJ27,96.8450,yahoo
2025-05-07,ZQK27,96.8200,yahoo
2025-05-07,ZQM27,96.8000,yahoo
2025-05-07,ZQN27,96.7800,yahoo
2025-05-07,ZQQ27,96.7000,yahoo
2025-05-07,ZQU26,96.8850,yahoo
2025-05-07,ZQU27,96.7000,yahoo
2025-05-07,ZQV26,96.9150,yahoo
2025-05-07,ZQV27,96.6950,yahoo
2025-05-07,ZQX26,96.9250,yahoo
2025-05-07,ZQX27,96.6750,yahoo
2025-05-07,ZQZ26,96.9000,yahoo
2025-05-07,ZQZ27,96.6550,yahoo
2025-05-08,ZQF27,96.7650,yahoo
2025-05-08,ZQF28,96.4900,yahoo
2025-05-08,ZQG27,96.7500,yahoo
2025-05-08,ZQG28,96.4750,yahoo
2025-05-08,ZQH27,96.7350,yahoo
2025-05-08,ZQJ27,96.6950,yahoo
2025-05-08,ZQK27,96.6700,yahoo
2025-05-08,ZQM27,96.6500,yahoo
2025-05-08,ZQN27,96.6300,yahoo
2025-05-08,ZQQ27,96.5500,yahoo
2025-05-08,ZQU26,96.7350,yahoo
2025-05-08,ZQU27,96.5500,yahoo
2025-05-08,ZQV26,96.7650,yahoo
2025-05-08,ZQV27,96.5450,yahoo
2025-05-08,ZQX26,96.7750,yahoo
2025-05-08,ZQX27,96.5250,yahoo
2025-05-08,ZQZ26,96.7500,yahoo
2025-05-08,ZQZ27,96.5050,yahoo
2025-05-09,ZQF27,96.7750,yahoo
2025-05-09,ZQF28,96.5000,yahoo
2025-05-09,ZQG27,96.7600,yahoo
2025-05-09,ZQG28,96.4850,yahoo
2025-05-09,ZQH27,96.7450,yahoo
2025-05-09,ZQJ27,96.7050,yahoo
2025-05-09,ZQK27,96.6800,yahoo
2025-05-09,ZQM27,96.6600,yahoo
2025-05-09,ZQN27,96.6400,yahoo
2025-05-09,ZQQ27,96.5600,yahoo
2025-05-09,ZQU26,96.7450,yahoo
2025-05-09,ZQU27,96.5600,yahoo
2025-05-09,ZQV26,96.7750,yahoo
2025-05-09,ZQV27,96.5550,yahoo
2025-05-09,ZQX26,96.7850,yahoo
2025-05-09,ZQX27,96.5350,yahoo
2025-05-09,ZQZ26,96.7600,yahoo
2025-05-09,ZQZ27,96.5150,yahoo
2025-05-12,ZQF27,96.6250,yahoo
2025-05-12,ZQF28,96.3500,yahoo
2025-05-12,ZQG27,96.6100,yahoo
2025-05-12,ZQG28,96.3350,yahoo
2025-05-12,ZQH27,96.5950,yahoo
2025-05-12,ZQJ27,96.5550,yahoo
2025-05-12,ZQK27,96.5300,yahoo
2025-05-12,ZQM27,96.5100,yahoo
2025-05-12,ZQN27,96.4900,yahoo
2025-05-12,ZQQ27,96.4100,yahoo
2025-05-12,ZQU26,96.5950,yahoo
2025-05-12,ZQU27,96.4100,yahoo
2025-05-12,ZQV26,96.6250,yahoo
2025-05-12,ZQV27,96.4050,yahoo
2025-05-12,ZQX26,96.6350,yahoo
2025-05-12,ZQX27,96.3850,yahoo
2025-05-12,ZQZ26,96.6100,yahoo
2025-05-12,ZQZ27,96.3650,yahoo
2025-05-13,ZQF27,96.5950,yahoo
2025-05-13,ZQF28,96.3200,yahoo
2025-05-13,ZQG27,96.5800,yahoo
2025-05-13,ZQG28,96.3050,yahoo
2025-05-13,ZQH27,96.5650,yahoo
2025-05-13,ZQJ27,96.5250,yahoo
2025-05-13,ZQK27,96.5000,yahoo
2025-05-13,ZQM27,96.4800,yahoo
2025-05-13,ZQN27,96.4600,yahoo
2025-05-13,ZQQ27,96.3800,yahoo
2025-05-13,ZQU26,96.5650,yahoo
2025-05-13,ZQU27,96.3800,yahoo
2025-05-13,ZQV26,96.5950,yahoo
2025-05-13,ZQV27,96.3750,yahoo
2025-05-13,ZQX26,96.6050,yahoo
2025-05-13,ZQX27,96.3550,yahoo
2025-05-13,ZQZ26,96.5800,yahoo
2025-05-13,ZQZ27,96.3350,yahoo
2025-05-14,ZQF27,96.5450,yahoo
2025-05-14,ZQF28,96.2700,yahoo
2025-05-14,ZQG27,96.5300,yahoo
2025-05-14,ZQG28,96.2550,yahoo
2025-05-14,ZQH27,96.5150,yahoo
2025-05-14,ZQJ27,96.4750,yahoo
2025-05-14,ZQK27,96.4500,yahoo
2025-05-14,ZQM27,96.4300,yahoo
2025-05-14,ZQN27,96.4100,yahoo
2025-05-14,ZQQ27,96.3300,yahoo
2025-05-14,ZQU26,96.5150,yahoo
2025-05-14,ZQU27,96.3300,yahoo
2025-05-14,ZQV26,96.5450,yahoo
2025-05-14,ZQV27,96.3250,yahoo
2025-05-14,ZQX26,96.5550,yahoo
2025-05-14,ZQX27,96.3050,yahoo
2025-05-14,ZQZ26,96.5300,yahoo
2025-05-14,ZQZ27,96.2850,yahoo
2025-05-15,ZQF27,96.6450,yahoo
2025-05-15,ZQF28,96.3700,yahoo
2025-05-15,ZQG27,96.6300,yahoo
2025-05-15,ZQG28,96.3550,yahoo
2025-05-15,ZQH27,96.6150,yahoo
2025-05-15,ZQJ27,96.5750,yahoo
2025-05-15,ZQK27,96.5500,yahoo
2025-05-15,ZQM27,96.5300,yahoo
2025-05-15,ZQN27,96.5100,yahoo
2025-05-15,ZQQ27,96.4300,yahoo
2025-05-15,ZQU26,96.6150,yahoo
2025-05-15,ZQU27,96.4300,yahoo
2025-05-15,ZQV26,96.6450,yahoo
2025-05-15,ZQV27,96.4250,yahoo
2025-05-15,ZQX26,96.6550,yahoo
2025-05-15,ZQX27,96.4050,yahoo
2025-05-15,ZQZ26,96.6300,yahoo
2025-05-15,ZQZ27,96.3850,yahoo
2025-05-16,ZQF27,96.6350,yahoo
2025-05-16,ZQF28,96.3700,yahoo
2025-05-16,ZQG27,96.6300,yahoo
2025-05-16,ZQG28,96.3550,yahoo
2025-05-16,ZQH27,96.6150,yahoo
2025-05-16,ZQJ27,96.5750,yahoo
2025-05-16,ZQK27,96.5500,yahoo
2025-05-16,ZQM27,96.5300,yahoo
2025-05-16,ZQN27,96.5100,yahoo
2025-05-16,ZQQ27,96.4300,yahoo
2025-05-16,ZQU26,96.5950,yahoo
2025-05-16,ZQU27,96.4300,yahoo
2025-05-16,ZQV26,96.6300,yahoo
2025-05-16,ZQV27,96.4250,yahoo
2025-05-16,ZQX26,96.6400,yahoo
2025-05-16,ZQX27,96.4050,yahoo
2025-05-16,ZQZ26,96.6200,yahoo
2025-05-16,ZQZ27,96.3850,yahoo
2025-05-19,ZQF27,96.6550,yahoo
2025-05-19,ZQF28,96.3900,yahoo
2025-05-19,ZQG27,96.6500,yahoo
2025-05-19,ZQG28,96.3750,yahoo
2025-05-19,ZQH27,96.6350,yahoo
2025-05-19,ZQJ27,96.5950,yahoo
2025-05-19,ZQK27,96.5700,yahoo
2025-05-19,ZQM27,96.5500,yahoo
2025-05-19,ZQN27,96.5300,yahoo
2025-05-19,ZQQ27,96.4500,yahoo
2025-05-19,ZQU26,96.6150,yahoo
2025-05-19,ZQU27,96.4500,yahoo
2025-05-19,ZQV26,96.6500,yahoo
2025-05-19,ZQV27,96.4450,yahoo
2025-05-19,ZQX26,96.6600,yahoo
2025-05-19,ZQX27,96.4250,yahoo
2025-05-19,ZQZ26,96.6400,yahoo
2025-05-19,ZQZ27,96.4050,yahoo
2025-05-20,ZQF27,96.6750,yahoo
2025-05-20,ZQF28,96.4100,yahoo
2025-05-20,ZQG27,96.6700,yahoo
2025-05-20,ZQG28,96.3950,yahoo
2025-05-20,ZQH27,96.6550,yahoo
2025-05-20,ZQJ27,96.6150,yahoo
2025-05-20,ZQK27,96.5900,yahoo
2025-05-20,ZQM27,96.5700,yahoo
2025-05-20,ZQN27,96.5500,yahoo
2025-05-20,ZQQ27,96.4700,yahoo
2025-05-20,ZQU26,96.6350,yahoo
2025-05-20,ZQU27,96.4700,yahoo
2025-05-20,ZQV26,96.6700,yahoo
2025-05-20,ZQV27,96.4650,yahoo
2025-05-20,ZQX26,96.6800,yahoo
2025-05-20,ZQX27,96.4450,yahoo
2025-05-20,ZQZ26,96.6600,yahoo
2025-05-20,ZQZ27,96.4250,yahoo
2025-05-21,ZQF27,96.6450,yahoo
2025-05-21,ZQF28,96.3800,yahoo
2025-05-21,ZQG27,96.6400,yahoo
2025-05-21,ZQG28,96.3650,yahoo
2025-05-21,ZQH27,96.6250,yahoo
2025-05-21,ZQJ27,96.5850,yahoo
2025-05-21,ZQK27,96.5600,yahoo
2025-05-21,ZQM27,96.5400,yahoo
2025-05-21,ZQN27,96.5200,yahoo
2025-05-21,ZQQ27,96.4400,yahoo
2025-05-21,ZQU26,96.5900,yahoo
2025-05-21,ZQU27,96.4400,yahoo
2025-05-21,ZQV26,96.6250,yahoo
2025-05-21,ZQV27,96.4350,yahoo
2025-05-21,ZQX26,96.6350,yahoo
2025-05-21,ZQX27,96.4150,yahoo
2025-05-21,ZQZ26,96.6300,yahoo
2025-05-21,ZQZ27,96.3950,yahoo
2025-05-22,ZQF27,96.6550,yahoo
2025-05-22,ZQF28,96.3900,yahoo
2025-05-22,ZQG27,96.6500,yahoo
2025-05-22,ZQG28,96.3750,yahoo
2025-05-22,ZQH27,96.6350,yahoo
2025-05-22,ZQJ27,96.5950,yahoo
2025-05-22,ZQK27,96.5700,yahoo
2025-05-22,ZQM27,96.5500,yahoo
2025-05-22,ZQN27,96.5300,yahoo
2025-05-22,ZQQ27,96.4500,yahoo
2025-05-22,ZQU26,96.5950,yahoo
2025-05-22,ZQU27,96.4500,yahoo
2025-05-22,ZQV26,96.6300,yahoo
2025-05-22,ZQV27,96.4450,yahoo
2025-05-22,ZQX26,96.6450,yahoo
2025-05-22,ZQX27,96.4250,yahoo
2025-05-22,ZQZ26,96.6400,yahoo
2025-05-22,ZQZ27,96.4050,yahoo
2025-05-23,ZQF27,96.7000,yahoo
2025-05-23,ZQF28,96.4350,yahoo
2025-05-23,ZQG27,96.6950,yahoo
2025-05-23,ZQG28,96.4200,yahoo
2025-05-23,ZQH27,96.6800,yahoo
2025-05-23,ZQJ27,96.6400,yahoo
2025-05-23,ZQK27,96.6150,yahoo
2025-05-23,ZQM27,96.5950,yahoo
2025-05-23,ZQN27,96.5750,yahoo
2025-05-23,ZQQ27,96.4950,yahoo
2025-05-23,ZQU26,96.6350,yahoo
2025-05-23,ZQU27,96.4950,yahoo
2025-05-23,ZQV26,96.6700,yahoo
2025-05-23,ZQV27,96.4900,yahoo
2025-05-23,ZQX26,96.6900,yahoo
2025-05-23,ZQX27,96.4700,yahoo
2025-05-23,ZQZ26,96.6850,yahoo
2025-05-23,ZQZ27,96.4500,yahoo
2025-05-27,ZQF27,96.7450,yahoo
2025-05-27,ZQF28,96.4950,yahoo
2025-05-27,ZQG27,96.7550,yahoo
2025-05-27,ZQG28,96.4800,yahoo
2025-05-27,ZQH27,96.7400,yahoo
2025-05-27,ZQJ27,96.7000,yahoo
2025-05-27,ZQK27,96.6750,yahoo
2025-05-27,ZQM27,96.6550,yahoo
2025-05-27,ZQN27,96.6350,yahoo
2025-05-27,ZQQ27,96.5550,yahoo
2025-05-27,ZQU26,96.6600,yahoo
2025-05-27,ZQU27,96.5550,yahoo
2025-05-27,ZQV26,96.7000,yahoo
2025-05-27,ZQV27,96.5500,yahoo
2025-05-27,ZQX26,96.7350,yahoo
2025-05-27,ZQX27,96.5300,yahoo
2025-05-27,ZQZ26,96.7300,yahoo
2025-05-27,ZQZ27,96.5100,yahoo
2025-05-28,ZQF27,96.7000,yahoo
2025-05-28,ZQF28,96.4500,yahoo
2025-05-28,ZQG27,96.7100,yahoo
2025-05-28,ZQG28,96.4350,yahoo
2025-05-28,ZQH27,96.6950,yahoo
2025-05-28,ZQJ27,96.6550,yahoo
2025-05-28,ZQK27,96.6300,yahoo
2025-05-28,ZQM27,96.6100,yahoo
2025-05-28,ZQN27,96.5900,yahoo
2025-05-28,ZQQ27,96.5100,yahoo
2025-05-28,ZQU26,96.6150,yahoo
2025-05-28,ZQU27,96.5100,yahoo
2025-05-28,ZQV26,96.6550,yahoo
2025-05-28,ZQV27,96.5050,yahoo
2025-05-28,ZQX26,96.6900,yahoo
2025-05-28,ZQX27,96.4850,yahoo
2025-05-28,ZQZ26,96.6850,yahoo
2025-05-28,ZQZ27,96.4650,yahoo
2025-05-29,ZQF27,96.7600,yahoo
2025-05-29,ZQF28,96.5100,yahoo
2025-05-29,ZQG27,96.7700,yahoo
2025-05-29,ZQG28,96.4950,yahoo
2025-05-29,ZQH27,96.7550,yahoo
2025-05-29,ZQJ27,96.7150,yahoo
2025-05-29,ZQK27,96.6900,yahoo
2025-05-29,ZQM27,96.6700,yahoo
2025-05-29,ZQN27,96.6500,yahoo
2025-05-29,ZQQ27,96.5700,yahoo
2025-05-29,ZQU26,96.6750,yahoo
2025-05-29,ZQU27,96.5700,yahoo
2025-05-29,ZQV26,96.7150,yahoo
2025-05-29,ZQV27,96.5650,yahoo
2025-05-29,ZQX26,96.7500,yahoo
2025-05-29,ZQX27,96.5450,yahoo
2025-05-29,ZQZ26,96.7450,yahoo
2025-05-29,ZQZ27,96.5250,yahoo
2025-05-30,ZQF27,96.7850,yahoo
2025-05-30,ZQF28,96.5350,yahoo
2025-05-30,ZQG27,96.7950,yahoo
2025-05-30,ZQG28,96.5200,yahoo
2025-05-30,ZQH27,96.7800,yahoo
2025-05-30,ZQJ27,96.7400,yahoo
2025-05-30,ZQK27,96.7150,yahoo
2025-05-30,ZQM27,96.6950,yahoo
2025-05-30,ZQN27,96.6750,yahoo
2025-05-30,ZQQ27,96.5950,yahoo
2025-05-30,ZQU26,96.7000,yahoo
2025-05-30,ZQU27,96.5950,yahoo
2025-05-30,ZQV26,96.7400,yahoo
2025-05-30,ZQV27,96.5900,yahoo
2025-05-30,ZQX26,96.7750,yahoo
2025-05-30,ZQX27,96.5700,yahoo
2025-05-30,ZQZ26,96.7700,yahoo
2025-05-30,ZQZ27,96.5500,yahoo
2025-06-02,ZQF27,96.7550,yahoo
2025-06-02,ZQF28,96.5050,yahoo
2025-06-02,ZQG27,96.7650,yahoo
2025-06-02,ZQG28,96.4900,yahoo
2025-06-02,ZQH27,96.7500,yahoo
2025-06-02,ZQJ27,96.7100,yahoo
2025-06-02,ZQK27,96.6850,yahoo
2025-06-02,ZQM27,96.6650,yahoo
2025-06-02,ZQN27,96.6450,yahoo
2025-06-02,ZQQ27,96.5650,yahoo
2025-06-02,ZQU26,96.6650,yahoo
2025-06-02,ZQU27,96.5650,yahoo
2025-06-02,ZQV26,96.7050,yahoo
2025-06-02,ZQV27,96.5600,yahoo
2025-06-02,ZQX26,96.7400,yahoo
2025-06-02,ZQX27,96.5400,yahoo
2025-06-02,ZQZ26,96.7400,yahoo
2025-06-02,ZQZ27,96.5200,yahoo
2025-06-03,ZQF27,96.7200,yahoo
2025-06-03,ZQF28,96.4700,yahoo
2025-06-03,ZQG27,96.7300,yahoo
2025-06-03,ZQG28,96.4550,yahoo
2025-06-03,ZQH27,96.7150,yahoo
2025-06-03,ZQJ27,96.6750,yahoo
2025-06-03,ZQK27,96.6500,yahoo
2025-06-03,ZQM27,96.6300,yahoo
2025-06-03,ZQN27,96.6100,yahoo
2025-06-03,ZQQ27,96.5300,yahoo
2025-06-03,ZQU26,96.6300,yahoo
2025-06-03,ZQU27,96.5300,yahoo
2025-06-03,ZQV26,96.6700,yahoo
2025-06-03,ZQV27,96.5250,yahoo
2025-06-03,ZQX26,96.7050,yahoo
2025-06-03,ZQX27,96.5050,yahoo
2025-06-03,ZQZ26,96.7050,yahoo
2025-06-03,ZQZ27,96.4850,yahoo
2025-06-04,ZQF27,96.8150,yahoo
2025-06-04,ZQF28,96.5650,yahoo
2025-06-04,ZQG27,96.8250,yahoo
2025-06-04,ZQG28,96.5500,yahoo
2025-06-04,ZQH27,96.8100,yahoo
2025-06-04,ZQJ27,96.7700,yahoo
2025-06-04,ZQK27,96.7450,yahoo
2025-06-04,ZQM27,96.7250,yahoo
2025-06-04,ZQN27,96.7050,yahoo
2025-06-04,ZQQ27,96.6250,yahoo
2025-06-04,ZQU26,96.7250,yahoo
2025-06-04,ZQU27,96.6250,yahoo
2025-06-04,ZQV26,96.7650,yahoo
2025-06-04,ZQV27,96.6200,yahoo
2025-06-04,ZQX26,96.8000,yahoo
2025-06-04,ZQX27,96.6000,yahoo
2025-06-04,ZQZ26,96.8000,yahoo
2025-06-04,ZQZ27,96.5800,yahoo
2025-06-05,ZQF27,96.7650,yahoo
2025-06-05,ZQF28,96.5150,yahoo
2025-06-05,ZQG27,96.7750,yahoo
2025-06-05,ZQG28,96.5000,yahoo
2025-06-05,ZQH27,96.7600,yahoo
2025-06-05,ZQJ27,96.7200,yahoo
2025-06-05,ZQK27,96.6950,yahoo
2025-06-05,ZQM27,96.6750,yahoo
2025-06-05,ZQN27,96.6550,yahoo
2025-06-05,ZQQ27,96.5750,yahoo
2025-06-05,ZQU26,96.6750,yahoo
2025-06-05,ZQU27,96.5750,yahoo
2025-06-05,ZQV26,96.7150,yahoo
2025-06-05,ZQV27,96.5700,yahoo
2025-06-05,ZQX26,96.7500,yahoo
2025-06-05,ZQX27,96.5500,yahoo
2025-06-05,ZQZ26,96.7500,yahoo
2025-06-05,ZQZ27,96.5300,yahoo
2025-06-06,ZQF27,96.6200,yahoo
2025-06-06,ZQF28,96.3800,yahoo
2025-06-06,ZQG27,96.6300,yahoo
2025-06-06,ZQG28,96.3650,yahoo
2025-06-06,ZQH27,96.6150,yahoo
2025-06-06,ZQJ27,96.5850,yahoo
2025-06-06,ZQK27,96.5600,yahoo
2025-06-06,ZQM27,96.5400,yahoo
2025-06-06,ZQN27,96.5200,yahoo
2025-06-06,ZQQ27,96.4400,yahoo
2025-06-06,ZQU26,96.5300,yahoo
2025-06-06,ZQU27,96.4400,yahoo
2025-06-06,ZQV26,96.5700,yahoo
2025-06-06,ZQV27,96.4350,yahoo
2025-06-06,ZQX26,96.6050,yahoo
2025-06-06,ZQX27,96.4150,yahoo
2025-06-06,ZQZ26,96.6050,yahoo
2025-06-06,ZQZ27,96.3950,yahoo
2025-06-09,ZQF27,96.6650,yahoo
2025-06-09,ZQF28,96.4250,yahoo
2025-06-09,ZQG27,96.6750,yahoo
2025-06-09,ZQG28,96.4100,yahoo
2025-06-09,ZQH27,96.6600,yahoo
2025-06-09,ZQJ27,96.6300,yahoo
2025-06-09,ZQK27,96.6050,yahoo
2025-06-09,ZQM27,96.5850,yahoo
2025-06-09,ZQN27,96.5650,yahoo
2025-06-09,ZQQ27,96.4850,yahoo
2025-06-09,ZQU26,96.5750,yahoo
2025-06-09,ZQU27,96.4850,yahoo
2025-06-09,ZQV26,96.6150,yahoo
2025-06-09,ZQV27,96.4800,yahoo
2025-06-09,ZQX26,96.6500,yahoo
2025-06-09,ZQX27,96.4600,yahoo
2025-06-09,ZQZ26,96.6500,yahoo
2025-06-09,ZQZ27,96.4400,yahoo
2025-06-10,ZQF27,96.6450,yahoo
2025-06-10,ZQF28,96.4050,yahoo
2025-06-10,ZQG27,96.6550,yahoo
2025-06-10,ZQG28,96.3900,yahoo
2025-06-10,ZQH27,96.6400,yahoo
2025-06-10,ZQJ27,96.6100,yahoo
2025-06-10,ZQK27,96.5850,yahoo
2025-06-10,ZQM27,96.5650,yahoo
2025-06-10,ZQN27,96.5450,yahoo
2025-06-10,ZQQ27,96.4650,yahoo
2025-06-10,ZQU26,96.5600,yahoo
2025-06-10,ZQU27,96.4650,yahoo
2025-06-10,ZQV26,96.6000,yahoo
2025-06-10,ZQV27,96.4600,yahoo
2025-06-10,ZQX26,96.6300,yahoo
2025-06-10,ZQX27,96.4400,yahoo
2025-06-10,ZQZ26,96.6300,yahoo
2025-06-10,ZQZ27,96.4200,yahoo
2025-06-11,ZQF27,96.7200,yahoo
2025-06-11,ZQF28,96.4800,yahoo
2025-06-11,ZQG27,96.7300,yahoo
2025-06-11,ZQG28,96.4650,yahoo
2025-06-11,ZQH27,96.7150,yahoo
2025-06-11,ZQJ27,96.6850,yahoo
2025-06-11,ZQK27,96.6600,yahoo
2025-06-11,ZQM27,96.6400,yahoo
2025-06-11,ZQN27,96.6200,yahoo
2025-06-11,ZQQ27,96.5400,yahoo
2025-06-11,ZQU26,96.6350,yahoo
2025-06-11,ZQU27,96.5400,yahoo
2025-06-11,ZQV26,96.6750,yahoo
2025-06-11,ZQV27,96.5350,yahoo
2025-06-11,ZQX26,96.7050,yahoo
2025-06-11,ZQX27,96.5150,yahoo
2025-06-11,ZQZ26,96.7050,yahoo
2025-06-11,ZQZ27,96.4950,yahoo
2025-06-12,ZQF27,96.7950,yahoo
2025-06-12,ZQF28,96.5550,yahoo
2025-06-12,ZQG27,96.8050,yahoo
2025-06-12,ZQG28,96.5400,yahoo
2025-06-12,ZQH27,96.7900,yahoo
2025-06-12,ZQJ27,96.7600,yahoo
2025-06-12,ZQK27,96.7350,yahoo
2025-06-12,ZQM27,96.7150,yahoo
2025-06-12,ZQN27,96.6950,yahoo
2025-06-12,ZQQ27,96.6150,yahoo
2025-06-12,ZQU26,96.7000,yahoo
2025-06-12,ZQU27,96.6150,yahoo
2025-06-12,ZQV26,96.7400,yahoo
2025-06-12,ZQV27,96.6100,yahoo
2025-06-12,ZQX26,96.7700,yahoo
2025-06-12,ZQX27,96.5900,yahoo
2025-06-12,ZQZ26,96.7750,yahoo
2025-06-12,ZQZ27,96.5700,yahoo
2025-06-13,ZQF27,96.7450,yahoo
2025-06-13,ZQF28,96.5050,yahoo
2025-06-13,ZQG27,96.7550,yahoo
2025-06-13,ZQG28,96.4900,yahoo
2025-06-13,ZQH27,96.7400,yahoo
2025-06-13,ZQJ27,96.7100,yahoo
2025-06-13,ZQK27,96.6850,yahoo
2025-06-13,ZQM27,96.6650,yahoo
2025-06-13,ZQN27,96.6450,yahoo
2025-06-13,ZQQ27,96.5650,yahoo
2025-06-13,ZQU26,96.6450,yahoo
2025-06-13,ZQU27,96.5650,yahoo
2025-06-13,ZQV26,96.6900,yahoo
2025-06-13,ZQV27,96.5600,yahoo
2025-06-13,ZQX26,96.7200,yahoo
2025-06-13,ZQX27,96.5400,yahoo
2025-06-13,ZQZ26,96.7250,yahoo
2025-06-13,ZQZ27,96.5200,yahoo
2025-06-16,ZQF27,96.7350,yahoo
2025-06-16,ZQF28,96.4950,yahoo
2025-06-16,ZQG27,96.7450,yahoo
2025-06-16,ZQG28,96.4800,yahoo
2025-06-16,ZQH27,96.7300,yahoo
2025-06-16,ZQJ27,96.7000,yahoo
2025-06-16,ZQK27,96.6750,yahoo
2025-06-16,ZQM27,96.6550,yahoo
2025-06-16,ZQN27,96.6350,yahoo
2025-06-16,ZQQ27,96.5550,yahoo
2025-06-16,ZQU26,96.6300,yahoo
2025-06-16,ZQU27,96.5550,yahoo
2025-06-16,ZQV26,96.6800,yahoo
2025-06-16,ZQV27,96.5500,yahoo
2025-06-16,ZQX26,96.7100,yahoo
2025-06-16,ZQX27,96.5300,yahoo
2025-06-16,ZQZ26,96.7150,yahoo
2025-06-16,ZQZ27,96.5100,yahoo
2025-06-17,ZQF27,96.7650,yahoo
2025-06-17,ZQF28,96.5250,yahoo
2025-06-17,ZQG27,96.7750,yahoo
2025-06-17,ZQG28,96.5100,yahoo
2025-06-17,ZQH27,96.7600,yahoo
2025-06-17,ZQJ27,96.7300,yahoo
2025-06-17,ZQK27,96.7050,yahoo
2025-06-17,ZQM27,96.6850,yahoo
2025-06-17,ZQN27,96.6650,yahoo
2025-06-17,ZQQ27,96.5850,yahoo
2025-06-17,ZQU26,96.6550,yahoo
2025-06-17,ZQU27,96.5850,yahoo
2025-06-17,ZQV26,96.7050,yahoo
2025-06-17,ZQV27,96.5800,yahoo
2025-06-17,ZQX26,96.7350,yahoo
2025-06-17,ZQX27,96.5600,yahoo
2025-06-17,ZQZ26,96.7400,yahoo
2025-06-17,ZQZ27,96.5400,yahoo
2025-06-18,ZQF27,96.7750,yahoo
2025-06-18,ZQF28,96.5500,yahoo
2025-06-18,ZQG27,96.7850,yahoo
2025-06-18,ZQG28,96.5350,yahoo
2025-06-18,ZQH27,96.7700,yahoo
2025-06-18,ZQJ27,96.7550,yahoo
2025-06-18,ZQK27,96.7300,yahoo
2025-06-18,ZQM27,96.7100,yahoo
2025-06-18,ZQN27,96.6900,yahoo
2025-06-18,ZQQ27,96.6100,yahoo
2025-06-18,ZQU26,96.6650,yahoo
2025-06-18,ZQU27,96.6100,yahoo
2025-06-18,ZQV26,96.7150,yahoo
2025-06-18,ZQV27,96.6050,yahoo
2025-06-18,ZQX26,96.7450,yahoo
2025-06-18,ZQX27,96.5850,yahoo
2025-06-18,ZQZ26,96.7500,yahoo
2025-06-18,ZQZ27,96.5650,yahoo
2025-06-20,ZQF27,96.8150,yahoo
2025-06-20,ZQF28,96.5900,yahoo
2025-06-20,ZQG27,96.8250,yahoo
2025-06-20,ZQG28,96.5750,yahoo
2025-06-20,ZQH27,96.8100,yahoo
2025-06-20,ZQJ27,96.7950,yahoo
2025-06-20,ZQK27,96.7700,yahoo
2025-06-20,ZQM27,96.7500,yahoo
2025-06-20,ZQN27,96.7300,yahoo
2025-06-20,ZQQ27,96.6500,yahoo
2025-06-20,ZQU26,96.7050,yahoo
2025-06-20,ZQU27,96.6500,yahoo
2025-06-20,ZQV26,96.7550,yahoo
2025-06-20,ZQV27,96.6450,yahoo
2025-06-20,ZQX26,96.7850,yahoo
2025-06-20,ZQX27,96.6250,yahoo
2025-06-20,ZQZ26,96.7900,yahoo
2025-06-20,ZQZ27,96.6050,yahoo
2025-06-23,ZQF27,96.9100,yahoo
2025-06-23,ZQF28,96.6850,yahoo
2025-06-23,ZQG27,96.9200,yahoo
2025-06-23,ZQG28,96.6700,yahoo
2025-06-23,ZQH27,96.9050,yahoo
2025-06-23,ZQJ27,96.8900,yahoo
2025-06-23,ZQK27,96.8650,yahoo
2025-06-23,ZQM27,96.8450,yahoo
2025-06-23,ZQN27,96.8250,yahoo
2025-06-23,ZQQ27,96.7450,yahoo
2025-06-23,ZQU26,96.8000,yahoo
2025-06-23,ZQU27,96.7450,yahoo
2025-06-23,ZQV26,96.8500,yahoo
2025-06-23,ZQV27,96.7400,yahoo
2025-06-23,ZQX26,96.8800,yahoo
2025-06-23,ZQX27,96.7200,yahoo
2025-06-23,ZQZ26,96.8850,yahoo
2025-06-23,ZQZ27,96.7000,yahoo
2025-06-24,ZQF27,96.9500,yahoo
2025-06-24,ZQF28,96.7250,yahoo
2025-06-24,ZQG27,96.9600,yahoo
2025-06-24,ZQG28,96.7100,yahoo
2025-06-24,ZQH27,96.9450,yahoo
2025-06-24,ZQJ27,96.9300,yahoo
2025-06-24,ZQK27,96.9050,yahoo
2025-06-24,ZQM27,96.8850,yahoo
2025-06-24,ZQN27,96.8650,yahoo
2025-06-24,ZQQ27,96.7850,yahoo
2025-06-24,ZQU26,96.8400,yahoo
2025-06-24,ZQU27,96.7850,yahoo
2025-06-24,ZQV26,96.8900,yahoo
2025-06-24,ZQV27,96.7800,yahoo
2025-06-24,ZQX26,96.9200,yahoo
2025-06-24,ZQX27,96.7600,yahoo
2025-06-24,ZQZ26,96.9250,yahoo
2025-06-24,ZQZ27,96.7400,yahoo
2025-06-25,ZQF27,96.9550,yahoo
2025-06-25,ZQF28,96.7300,yahoo
2025-06-25,ZQG27,96.9650,yahoo
2025-06-25,ZQG28,96.7150,yahoo
2025-06-25,ZQH27,96.9500,yahoo
2025-06-25,ZQJ27,96.9350,yahoo
2025-06-25,ZQK27,96.9100,yahoo
2025-06-25,ZQM27,96.8900,yahoo
2025-06-25,ZQN27,96.8700,yahoo
2025-06-25,ZQQ27,96.7900,yahoo
2025-06-25,ZQU26,96.8450,yahoo
2025-06-25,ZQU27,96.7900,yahoo
2025-06-25,ZQV26,96.8950,yahoo
2025-06-25,ZQV27,96.7850,yahoo
2025-06-25,ZQX26,96.9250,yahoo
2025-06-25,ZQX27,96.7650,yahoo
2025-06-25,ZQZ26,96.9300,yahoo
2025-06-25,ZQZ27,96.7450,yahoo
2025-06-26,ZQF27,97.0250,yahoo
2025-06-26,ZQF28,96.8000,yahoo
2025-06-26,ZQG27,97.0350,yahoo
2025-06-26,ZQG28,96.7850,yahoo
2025-06-26,ZQH27,97.0200,yahoo
2025-06-26,ZQJ27,97.0050,yahoo
2025-06-26,ZQK27,96.9800,yahoo
2025-06-26,ZQM27,96.9600,yahoo
2025-06-26,ZQN27,96.9400,yahoo
2025-06-26,ZQQ27,96.8600,yahoo
2025-06-26,ZQU26,96.9150,yahoo
2025-06-26,ZQU27,96.8600,yahoo
2025-06-26,ZQV26,96.9650,yahoo
2025-06-26,ZQV27,96.8550,yahoo
2025-06-26,ZQX26,96.9950,yahoo
2025-06-26,ZQX27,96.8350,yahoo
2025-06-26,ZQZ26,97.0000,yahoo
2025-06-26,ZQZ27,96.8150,yahoo
2025-06-27,ZQF27,96.9950,yahoo
2025-06-27,ZQF28,96.7700,yahoo
2025-06-27,ZQG27,97.0050,yahoo
2025-06-27,ZQG28,96.7550,yahoo
2025-06-27,ZQH27,96.9900,yahoo
2025-06-27,ZQJ27,96.9750,yahoo
2025-06-27,ZQK27,96.9500,yahoo
2025-06-27,ZQM27,96.9300,yahoo
2025-06-27,ZQN27,96.9100,yahoo
2025-06-27,ZQQ27,96.8300,yahoo
2025-06-27,ZQU26,96.9050,yahoo
2025-06-27,ZQU27,96.8300,yahoo
2025-06-27,ZQV26,96.9550,yahoo
2025-06-27,ZQV27,96.8250,yahoo
2025-06-27,ZQX26,96.9700,yahoo
2025-06-27,ZQX27,96.8050,yahoo
2025-06-27,ZQZ26,96.9750,yahoo
2025-06-27,ZQZ27,96.7850,yahoo
2025-06-30,ZQF27,97.0150,yahoo
2025-06-30,ZQF28,96.7900,yahoo
2025-06-30,ZQG27,97.0250,yahoo
2025-06-30,ZQG28,96.7750,yahoo
2025-06-30,ZQH27,97.0100,yahoo
2025-06-30,ZQJ27,96.9950,yahoo
2025-06-30,ZQK27,96.9700,yahoo
2025-06-30,ZQM27,96.9500,yahoo
2025-06-30,ZQN27,96.9300,yahoo
2025-06-30,ZQQ27,96.8500,yahoo
2025-06-30,ZQU26,96.9300,yahoo
2025-06-30,ZQU27,96.8500,yahoo
2025-06-30,ZQV26,96.9750,yahoo
2025-06-30,ZQV27,96.8450,yahoo
2025-06-30,ZQX26,96.9900,yahoo
2025-06-30,ZQX27,96.8250,yahoo
2025-06-30,ZQZ26,96.9950,yahoo
2025-06-30,ZQZ27,96.8050,yahoo
2025-07-01,ZQF27,96.9450,yahoo
2025-07-01,ZQF28,96.7200,yahoo
2025-07-01,ZQG27,96.9550,yahoo
2025-07-01,ZQG28,96.7050,yahoo
2025-07-01,ZQH27,96.9400,yahoo
2025-07-01,ZQJ27,96.9250,yahoo
2025-07-01,ZQK27,96.9000,yahoo
2025-07-01,ZQM27,96.8800,yahoo
2025-07-01,ZQN27,96.8600,yahoo
2025-07-01,ZQQ27,96.7800,yahoo
2025-07-01,ZQU26,96.8600,yahoo
2025-07-01,ZQU27,96.7800,yahoo
2025-07-01,ZQV26,96.9050,yahoo
2025-07-01,ZQV27,96.7750,yahoo
2025-07-01,ZQX26,96.9200,yahoo
2025-07-01,ZQX27,96.7550,yahoo
2025-07-01,ZQZ26,96.9250,yahoo
2025-07-01,ZQZ27,96.7350,yahoo
2025-07-02,ZQF27,96.9450,yahoo
2025-07-02,ZQF28,96.7200,yahoo
2025-07-02,ZQG27,96.9550,yahoo
2025-07-02,ZQG28,96.7050,yahoo
2025-07-02,ZQH27,96.9400,yahoo
2025-07-02,ZQJ27,96.9250,yahoo
2025-07-02,ZQK27,96.9000,yahoo
2025-07-02,ZQM27,96.8800,yahoo
2025-07-02,ZQN27,96.8600,yahoo
2025-07-02,ZQQ27,96.7800,yahoo
2025-07-02,ZQU26,96.8550,yahoo
2025-07-02,ZQU27,96.7800,yahoo
2025-07-02,ZQV26,96.9000,yahoo
2025-07-02,ZQV27,96.7750,yahoo
2025-07-02,ZQX26,96.9150,yahoo
2025-07-02,ZQX27,96.7550,yahoo
2025-07-02,ZQZ26,96.9300,yahoo
2025-07-02,ZQZ27,96.7350,yahoo
2025-07-03,ZQF27,96.8550,yahoo
2025-07-03,ZQF28,96.6300,yahoo
2025-07-03,ZQG27,96.8650,yahoo
2025-07-03,ZQG28,96.6150,yahoo
2025-07-03,ZQH27,96.8500,yahoo
2025-07-03,ZQJ27,96.8350,yahoo
2025-07-03,ZQK27,96.8100,yahoo
2025-07-03,ZQM27,96.7900,yahoo
2025-07-03,ZQN27,96.7700,yahoo
2025-07-03,ZQQ27,96.6900,yahoo
2025-07-03,ZQU26,96.7500,yahoo
2025-07-03,ZQU27,96.6900,yahoo
2025-07-03,ZQV26,96.8000,yahoo
2025-07-03,ZQV27,96.6850,yahoo
2025-07-03,ZQX26,96.8200,yahoo
2025-07-03,ZQX27,96.6650,yahoo
2025-07-03,ZQZ26,96.8400,yahoo
2025-07-03,ZQZ27,96.6450,yahoo
2025-07-04,ZQU26,96.7900,yahoo
2025-07-04,ZQV26,96.8600,yahoo
2025-07-07,ZQF27,96.8450,yahoo
2025-07-07,ZQF28,96.6200,yahoo
2025-07-07,ZQG27,96.8550,yahoo
2025-07-07,ZQG28,96.6050,yahoo
2025-07-07,ZQH27,96.8400,yahoo
2025-07-07,ZQJ27,96.8250,yahoo
2025-07-07,ZQK27,96.8000,yahoo
2025-07-07,ZQM27,96.7800,yahoo
2025-07-07,ZQN27,96.7600,yahoo
2025-07-07,ZQQ27,96.6800,yahoo
2025-07-07,ZQU26,96.7400,yahoo
2025-07-07,ZQU27,96.6800,yahoo
2025-07-07,ZQV26,96.7900,yahoo
2025-07-07,ZQV27,96.6750,yahoo
2025-07-07,ZQX26,96.8100,yahoo
2025-07-07,ZQX27,96.6550,yahoo
2025-07-07,ZQZ26,96.8300,yahoo
2025-07-07,ZQZ27,96.6350,yahoo
2025-07-08,ZQF27,96.8250,yahoo
2025-07-08,ZQF28,96.6000,yahoo
2025-07-08,ZQG27,96.8350,yahoo
2025-07-08,ZQG28,96.5850,yahoo
2025-07-08,ZQH27,96.8200,yahoo
2025-07-08,ZQJ27,96.8050,yahoo
2025-07-08,ZQK27,96.7800,yahoo
2025-07-08,ZQM27,96.7600,yahoo
2025-07-08,ZQN27,96.7400,yahoo
2025-07-08,ZQQ27,96.6600,yahoo
2025-07-08,ZQU26,96.7150,yahoo
2025-07-08,ZQU27,96.6600,yahoo
2025-07-08,ZQV26,96.7700,yahoo
2025-07-08,ZQV27,96.6550,yahoo
2025-07-08,ZQX26,96.7900,yahoo
2025-07-08,ZQX27,96.6350,yahoo
2025-07-08,ZQZ26,96.8100,yahoo
2025-07-08,ZQZ27,96.6150,yahoo
2025-07-09,ZQF27,96.8750,yahoo
2025-07-09,ZQF28,96.6500,yahoo
2025-07-09,ZQG27,96.8850,yahoo
2025-07-09,ZQG28,96.6350,yahoo
2025-07-09,ZQH27,96.8700,yahoo
2025-07-09,ZQJ27,96.8550,yahoo
2025-07-09,ZQK27,96.8300,yahoo
2025-07-09,ZQM27,96.8100,yahoo
2025-07-09,ZQN27,96.7900,yahoo
2025-07-09,ZQQ27,96.7100,yahoo
2025-07-09,ZQU26,96.7650,yahoo
2025-07-09,ZQU27,96.7100,yahoo
2025-07-09,ZQV26,96.8200,yahoo
2025-07-09,ZQV27,96.7050,yahoo
2025-07-09,ZQX26,96.8400,yahoo
2025-07-09,ZQX27,96.6850,yahoo
2025-07-09,ZQZ26,96.8600,yahoo
2025-07-09,ZQZ27,96.6650,yahoo
2025-07-10,ZQF27,96.8650,yahoo
2025-07-10,ZQF28,96.6400,yahoo
2025-07-10,ZQG27,96.8750,yahoo
2025-07-10,ZQG28,96.6250,yahoo
2025-07-10,ZQH27,96.8600,yahoo
2025-07-10,ZQJ27,96.8450,yahoo
2025-07-10,ZQK27,96.8200,yahoo
2025-07-10,ZQM27,96.8000,yahoo
2025-07-10,ZQN27,96.7800,yahoo
2025-07-10,ZQQ27,96.7000,yahoo
2025-07-10,ZQU26,96.7600,yahoo
2025-07-10,ZQU27,96.7000,yahoo
2025-07-10,ZQV26,96.8100,yahoo
2025-07-10,ZQV27,96.6950,yahoo
2025-07-10,ZQX26,96.8300,yahoo
2025-07-10,ZQX27,96.6750,yahoo
2025-07-10,ZQZ26,96.8500,yahoo
2025-07-10,ZQZ27,96.6550,yahoo
2025-07-11,ZQF27,96.8000,yahoo
2025-07-11,ZQF28,96.5750,yahoo
2025-07-11,ZQG27,96.8100,yahoo
2025-07-11,ZQG28,96.5600,yahoo
2025-07-11,ZQH27,96.7950,yahoo
2025-07-11,ZQJ27,96.7800,yahoo
2025-07-11,ZQK27,96.7550,yahoo
2025-07-11,ZQM27,96.7350,yahoo
2025-07-11,ZQN27,96.7150,yahoo
2025-07-11,ZQQ27,96.6350,yahoo
2025-07-11,ZQU26,96.6950,yahoo
2025-07-11,ZQU27,96.6350,yahoo
2025-07-11,ZQV26,96.7450,yahoo
2025-07-11,ZQV27,96.6300,yahoo
2025-07-11,ZQX26,96.7650,yahoo
2025-07-11,ZQX27,96.6100,yahoo
2025-07-11,ZQZ26,96.7850,yahoo
2025-07-11,ZQZ27,96.5900,yahoo
2025-07-14,ZQF27,96.8150,yahoo
2025-07-14,ZQF28,96.5900,yahoo
2025-07-14,ZQG27,96.8250,yahoo
2025-07-14,ZQG28,96.5750,yahoo
2025-07-14,ZQH27,96.8100,yahoo
2025-07-14,ZQJ27,96.7950,yahoo
2025-07-14,ZQK27,96.7700,yahoo
2025-07-14,ZQM27,96.7500,yahoo
2025-07-14,ZQN27,96.7300,yahoo
2025-07-14,ZQQ27,96.6500,yahoo
2025-07-14,ZQU26,96.7100,yahoo
2025-07-14,ZQU27,96.6500,yahoo
2025-07-14,ZQV26,96.7600,yahoo
2025-07-14,ZQV27,96.6450,yahoo
2025-07-14,ZQX26,96.7800,yahoo
2025-07-14,ZQX27,96.6250,yahoo
2025-07-14,ZQZ26,96.8000,yahoo
2025-07-14,ZQZ27,96.6050,yahoo
2025-07-15,ZQF27,96.7500,yahoo
2025-07-15,ZQF28,96.5250,yahoo
2025-07-15,ZQG27,96.7600,yahoo
2025-07-15,ZQG28,96.5100,yahoo
2025-07-15,ZQH27,96.7450,yahoo
2025-07-15,ZQJ27,96.7300,yahoo
2025-07-15,ZQK27,96.7050,yahoo
2025-07-15,ZQM27,96.6850,yahoo
2025-07-15,ZQN27,96.6650,yahoo
2025-07-15,ZQQ27,96.5850,yahoo
2025-07-15,ZQU26,96.6450,yahoo
2025-07-15,ZQU27,96.5850,yahoo
2025-07-15,ZQV26,96.6950,yahoo
2025-07-15,ZQV27,96.5800,yahoo
2025-07-15,ZQX26,96.7150,yahoo
2025-07-15,ZQX27,96.5600,yahoo
2025-07-15,ZQZ26,96.7350,yahoo
2025-07-15,ZQZ27,96.5400,yahoo
2025-07-16,ZQF27,96.8500,yahoo
2025-07-16,ZQF28,96.6250,yahoo
2025-07-16,ZQG27,96.8600,yahoo
2025-07-16,ZQG28,96.6100,yahoo
2025-07-16,ZQH27,96.8450,yahoo
2025-07-16,ZQJ27,96.8300,yahoo
2025-07-16,ZQK27,96.8050,yahoo
2025-07-16,ZQM27,96.7850,yahoo
2025-07-16,ZQN27,96.7650,yahoo
2025-07-16,ZQQ27,96.6850,yahoo
2025-07-16,ZQU26,96.7400,yahoo
2025-07-16,ZQU27,96.6850,yahoo
2025-07-16,ZQV26,96.7900,yahoo
2025-07-16,ZQV27,96.6800,yahoo
2025-07-16,ZQX26,96.8150,yahoo
2025-07-16,ZQX27,96.6600,yahoo
2025-07-16,ZQZ26,96.8350,yahoo
2025-07-16,ZQZ27,96.6400,yahoo
2025-07-17,ZQF27,96.8100,yahoo
2025-07-17,ZQF28,96.5850,yahoo
2025-07-17,ZQG27,96.8200,yahoo
2025-07-17,ZQG28,96.5700,yahoo
2025-07-17,ZQH27,96.8050,yahoo
2025-07-17,ZQJ27,96.7900,yahoo
2025-07-17,ZQK27,96.7650,yahoo
2025-07-17,ZQM27,96.7450,yahoo
2025-07-17,ZQN27,96.7250,yahoo
2025-07-17,ZQQ27,96.6450,yahoo
2025-07-17,ZQU26,96.6900,yahoo
2025-07-17,ZQU27,96.6450,yahoo
2025-07-17,ZQV26,96.7450,yahoo
2025-07-17,ZQV27,96.6400,yahoo
2025-07-17,ZQX26,96.7750,yahoo
2025-07-17,ZQX27,96.6200,yahoo
2025-07-17,ZQZ26,96.7950,yahoo
2025-07-17,ZQZ27,96.6000,yahoo
2025-07-18,ZQF27,96.8500,yahoo
2025-07-18,ZQF28,96.6250,yahoo
2025-07-18,ZQG27,96.8600,yahoo
2025-07-18,ZQG28,96.6100,yahoo
2025-07-18,ZQH27,96.8450,yahoo
2025-07-18,ZQJ27,96.8300,yahoo
2025-07-18,ZQK27,96.8050,yahoo
2025-07-18,ZQM27,96.7850,yahoo
2025-07-18,ZQN27,96.7650,yahoo
2025-07-18,ZQQ27,96.6850,yahoo
2025-07-18,ZQU26,96.7300,yahoo
2025-07-18,ZQU27,96.6850,yahoo
2025-07-18,ZQV26,96.7850,yahoo
2025-07-18,ZQV27,96.6800,yahoo
2025-07-18,ZQX26,96.8150,yahoo
2025-07-18,ZQX27,96.6600,yahoo
2025-07-18,ZQZ26,96.8350,yahoo
2025-07-18,ZQZ27,96.6400,yahoo
2025-07-21,ZQF27,96.8900,yahoo
2025-07-21,ZQF28,96.6650,yahoo
2025-07-21,ZQG27,96.9000,yahoo
2025-07-21,ZQG28,96.6500,yahoo
2025-07-21,ZQH27,96.8850,yahoo
2025-07-21,ZQJ27,96.8700,yahoo
2025-07-21,ZQK27,96.8450,yahoo
2025-07-21,ZQM27,96.8250,yahoo
2025-07-21,ZQN27,96.8050,yahoo
2025-07-21,ZQQ27,96.7250,yahoo
2025-07-21,ZQU26,96.7550,yahoo
2025-07-21,ZQU27,96.7250,yahoo
2025-07-21,ZQV26,96.8150,yahoo
2025-07-21,ZQV27,96.7200,yahoo
2025-07-21,ZQX26,96.8500,yahoo
2025-07-21,ZQX27,96.7000,yahoo
2025-07-21,ZQZ26,96.8700,yahoo
2025-07-21,ZQZ27,96.6800,yahoo
2025-07-22,ZQF27,96.9150,yahoo
2025-07-22,ZQF28,96.6900,yahoo
2025-07-22,ZQG27,96.9250,yahoo
2025-07-22,ZQG28,96.6750,yahoo
2025-07-22,ZQH27,96.9100,yahoo
2025-07-22,ZQJ27,96.8950,yahoo
2025-07-22,ZQK27,96.8700,yahoo
2025-07-22,ZQM27,96.8500,yahoo
2025-07-22,ZQN27,96.8300,yahoo
2025-07-22,ZQQ27,96.7500,yahoo
2025-07-22,ZQU26,96.7800,yahoo
2025-07-22,ZQU27,96.7500,yahoo
2025-07-22,ZQV26,96.8400,yahoo
2025-07-22,ZQV27,96.7450,yahoo
2025-07-22,ZQX26,96.8750,yahoo
2025-07-22,ZQX27,96.7250,yahoo
2025-07-22,ZQZ26,96.8950,yahoo
2025-07-22,ZQZ27,96.7050,yahoo
2025-07-23,ZQF27,96.8550,yahoo
2025-07-23,ZQF28,96.6300,yahoo
2025-07-23,ZQG27,96.8650,yahoo
2025-07-23,ZQG28,96.6150,yahoo
2025-07-23,ZQH27,96.8500,yahoo
2025-07-23,ZQJ27,96.8350,yahoo
2025-07-23,ZQK27,96.8100,yahoo
2025-07-23,ZQM27,96.7900,yahoo
2025-07-23,ZQN27,96.7700,yahoo
2025-07-23,ZQQ27,96.6900,yahoo
2025-07-23,ZQU26,96.7150,yahoo
2025-07-23,ZQU27,96.6900,yahoo
2025-07-23,ZQV26,96.7750,yahoo
2025-07-23,ZQV27,96.6850,yahoo
2025-07-23,ZQX26,96.8100,yahoo
2025-07-23,ZQX27,96.6650,yahoo
2025-07-23,ZQZ26,96.8350,yahoo
2025-07-23,ZQZ27,96.6450,yahoo
2025-07-24,ZQF27,96.8050,yahoo
2025-07-24,ZQF28,96.5800,yahoo
2025-07-24,ZQG27,96.8150,yahoo
2025-07-24,ZQG28,96.5650,yahoo
2025-07-24,ZQH27,96.8000,yahoo
2025-07-24,ZQJ27,96.7850,yahoo
2025-07-24,ZQK27,96.7600,yahoo
2025-07-24,ZQM27,96.7400,yahoo
2025-07-24,ZQN27,96.7200,yahoo
2025-07-24,ZQQ27,96.6400,yahoo
2025-07-24,ZQU26,96.6650,yahoo
2025-07-24,ZQU27,96.6400,yahoo
2025-07-24,ZQV26,96.7250,yahoo
2025-07-24,ZQV27,96.6350,yahoo
2025-07-24,ZQX26,96.7600,yahoo
2025-07-24,ZQX27,96.6150,yahoo
2025-07-24,ZQZ26,96.7850,yahoo
2025-07-24,ZQZ27,96.5950,yahoo
2025-07-25,ZQF27,96.8150,yahoo
2025-07-25,ZQF28,96.5900,yahoo
2025-07-25,ZQG27,96.8250,yahoo
2025-07-25,ZQG28,96.5750,yahoo
2025-07-25,ZQH27,96.8100,yahoo
2025-07-25,ZQJ27,96.7950,yahoo
2025-07-25,ZQK27,96.7700,yahoo
2025-07-25,ZQM27,96.7500,yahoo
2025-07-25,ZQN27,96.7300,yahoo
2025-07-25,ZQQ27,96.6500,yahoo
2025-07-25,ZQU26,96.6750,yahoo
2025-07-25,ZQU27,96.6500,yahoo
2025-07-25,ZQV26,96.7350,yahoo
2025-07-25,ZQV27,96.6450,yahoo
2025-07-25,ZQX26,96.7700,yahoo
2025-07-25,ZQX27,96.6250,yahoo
2025-07-25,ZQZ26,96.7950,yahoo
2025-07-25,ZQZ27,96.6050,yahoo
2025-07-28,ZQF27,96.7950,yahoo
2025-07-28,ZQF28,96.5700,yahoo
2025-07-28,ZQG27,96.8050,yahoo
2025-07-28,ZQG28,96.5550,yahoo
2025-07-28,ZQH27,96.7900,yahoo
2025-07-28,ZQJ27,96.7750,yahoo
2025-07-28,ZQK27,96.7500,yahoo
2025-07-28,ZQM27,96.7300,yahoo
2025-07-28,ZQN27,96.7100,yahoo
2025-07-28,ZQQ27,96.6300,yahoo
2025-07-28,ZQU26,96.6550,yahoo
2025-07-28,ZQU27,96.6300,yahoo
2025-07-28,ZQV26,96.7150,yahoo
2025-07-28,ZQV27,96.6250,yahoo
2025-07-28,ZQX26,96.7500,yahoo
2025-07-28,ZQX27,96.6050,yahoo
2025-07-28,ZQZ26,96.7750,yahoo
2025-07-28,ZQZ27,96.5850,yahoo
2025-07-29,ZQF27,96.8600,yahoo
2025-07-29,ZQF28,96.6350,yahoo
2025-07-29,ZQG27,96.8700,yahoo
2025-07-29,ZQG28,96.6200,yahoo
2025-07-29,ZQH27,96.8550,yahoo
2025-07-29,ZQJ27,96.8400,yahoo
2025-07-29,ZQK27,96.8150,yahoo
2025-07-29,ZQM27,96.7950,yahoo
2025-07-29,ZQN27,96.7750,yahoo
2025-07-29,ZQQ27,96.6950,yahoo
2025-07-29,ZQU26,96.6900,yahoo
2025-07-29,ZQU27,96.6950,yahoo
2025-07-29,ZQV26,96.7500,yahoo
2025-07-29,ZQV27,96.6900,yahoo
2025-07-29,ZQX26,96.8000,yahoo
2025-07-29,ZQX27,96.6700,yahoo
2025-07-29,ZQZ26,96.8400,yahoo
2025-07-29,ZQZ27,96.6500,yahoo
2025-07-30,ZQF27,96.7900,yahoo
2025-07-30,ZQF28,96.5950,yahoo
2025-07-30,ZQG27,96.8000,yahoo
2025-07-30,ZQG28,96.5800,yahoo
2025-07-30,ZQH27,96.7850,yahoo
2025-07-30,ZQJ27,96.8000,yahoo
2025-07-30,ZQK27,96.7750,yahoo
2025-07-30,ZQM27,96.7550,yahoo
2025-07-30,ZQN27,96.7350,yahoo
2025-07-30,ZQQ27,96.6550,yahoo
2025-07-30,ZQU26,96.6100,yahoo
2025-07-30,ZQU27,96.6550,yahoo
2025-07-30,ZQV26,96.6700,yahoo
2025-07-30,ZQV27,96.6500,yahoo
2025-07-30,ZQX26,96.7200,yahoo
2025-07-30,ZQX27,96.6300,yahoo
2025-07-30,ZQZ26,96.7700,yahoo
2025-07-30,ZQZ27,96.6100,yahoo
2025-07-31,ZQF27,96.7800,yahoo
2025-07-31,ZQF28,96.6100,yahoo
2025-07-31,ZQG27,96.8150,yahoo
2025-07-31,ZQG28,96.5950,yahoo
2025-07-31,ZQH27,96.8000,yahoo
2025-07-31,ZQJ27,96.8150,yahoo
2025-07-31,ZQK27,96.7900,yahoo
2025-07-31,ZQM27,96.7700,yahoo
2025-07-31,ZQN27,96.7500,yahoo
2025-07-31,ZQQ27,96.6700,yahoo
2025-07-31,ZQU26,96.5850,yahoo
2025-07-31,ZQU27,96.6700,yahoo
2025-07-31,ZQV26,96.6500,yahoo
2025-07-31,ZQV27,96.6650,yahoo
2025-07-31,ZQX26,96.7100,yahoo
2025-07-31,ZQX27,96.6450,yahoo
2025-07-31,ZQZ26,96.7600,yahoo
2025-07-31,ZQZ27,96.6250,yahoo
2025-08-01,ZQF27,97.0250,yahoo
2025-08-01,ZQF28,96.8550,yahoo
2025-08-01,ZQG27,97.0600,yahoo
2025-08-01,ZQG28,96.8400,yahoo
2025-08-01,ZQH27,97.0450,yahoo
2025-08-01,ZQJ27,97.0600,yahoo
2025-08-01,ZQK27,97.0350,yahoo
2025-08-01,ZQM27,97.0150,yahoo
2025-08-01,ZQN27,96.9950,yahoo
2025-08-01,ZQQ27,96.9150,yahoo
2025-08-01,ZQU26,96.8650,yahoo
2025-08-01,ZQU27,96.9150,yahoo
2025-08-01,ZQV26,96.9200,yahoo
2025-08-01,ZQV27,96.9100,yahoo
2025-08-01,ZQX26,96.9700,yahoo
2025-08-01,ZQX27,96.8900,yahoo
2025-08-01,ZQZ26,97.0050,yahoo
2025-08-01,ZQZ27,96.8700,yahoo
2025-08-04,ZQF27,97.0450,yahoo
2025-08-04,ZQF28,96.8700,yahoo
2025-08-04,ZQG27,97.0750,yahoo
2025-08-04,ZQG28,96.8550,yahoo
2025-08-04,ZQH27,97.0600,yahoo
2025-08-04,ZQJ27,97.0750,yahoo
2025-08-04,ZQK27,97.0500,yahoo
2025-08-04,ZQM27,97.0300,yahoo
2025-08-04,ZQN27,97.0100,yahoo
2025-08-04,ZQQ27,96.9300,yahoo
2025-08-04,ZQU26,96.8900,yahoo
2025-08-04,ZQU27,96.9300,yahoo
2025-08-04,ZQV26,96.9450,yahoo
2025-08-04,ZQV27,96.9250,yahoo
2025-08-04,ZQX26,96.9900,yahoo
2025-08-04,ZQX27,96.9050,yahoo
2025-08-04,ZQZ26,97.0250,yahoo
2025-08-04,ZQZ27,96.8850,yahoo
2025-08-05,ZQF27,97.0000,yahoo
2025-08-05,ZQF28,96.8200,yahoo
2025-08-05,ZQG27,97.0250,yahoo
2025-08-05,ZQG28,96.8050,yahoo
2025-08-05,ZQH27,97.0100,yahoo
2025-08-05,ZQJ27,97.0250,yahoo
2025-08-05,ZQK27,97.0000,yahoo
2025-08-05,ZQM27,96.9800,yahoo
2025-08-05,ZQN27,96.9600,yahoo
2025-08-05,ZQQ27,96.8800,yahoo
2025-08-05,ZQU26,96.8450,yahoo
2025-08-05,ZQU27,96.8800,yahoo
2025-08-05,ZQV26,96.9000,yahoo
2025-08-05,ZQV27,96.8750,yahoo
2025-08-05,ZQX26,96.9450,yahoo
2025-08-05,ZQX27,96.8550,yahoo
2025-08-05,ZQZ26,96.9800,yahoo
2025-08-05,ZQZ27,96.8350,yahoo
2025-08-06,ZQF27,97.0300,yahoo
2025-08-06,ZQF28,96.8500,yahoo
2025-08-06,ZQG27,97.0550,yahoo
2025-08-06,ZQG28,96.8350,yahoo
2025-08-06,ZQH27,97.0400,yahoo
2025-08-06,ZQJ27,97.0550,yahoo
2025-08-06,ZQK27,97.0300,yahoo
2025-08-06,ZQM27,97.0100,yahoo
2025-08-06,ZQN27,96.9900,yahoo
2025-08-06,ZQQ27,96.9100,yahoo
2025-08-06,ZQU26,96.8750,yahoo
2025-08-06,ZQU27,96.9100,yahoo
2025-08-06,ZQV26,96.9300,yahoo
2025-08-06,ZQV27,96.9050,yahoo
2025-08-06,ZQX26,96.9750,yahoo
2025-08-06,ZQX27,96.8850,yahoo
2025-08-06,ZQZ26,97.0100,yahoo
2025-08-06,ZQZ27,96.8650,yahoo
2025-08-07,ZQF27,96.9900,yahoo
2025-08-07,ZQF28,96.8100,yahoo
2025-08-07,ZQG27,97.0150,yahoo
2025-08-07,ZQG28,96.7950,yahoo
2025-08-07,ZQH27,97.0000,yahoo
2025-08-07,ZQJ27,97.0150,yahoo
2025-08-07,ZQK27,96.9900,yahoo
2025-08-07,ZQM27,96.9700,yahoo
2025-08-07,ZQN27,96.9500,yahoo
2025-08-07,ZQQ27,96.8700,yahoo
2025-08-07,ZQU26,96.8350,yahoo
2025-08-07,ZQU27,96.8700,yahoo
2025-08-07,ZQV26,96.8900,yahoo
2025-08-07,ZQV27,96.8650,yahoo
2025-08-07,ZQX26,96.9350,yahoo
2025-08-07,ZQX27,96.8450,yahoo
2025-08-07,ZQZ26,96.9700,yahoo
2025-08-07,ZQZ27,96.8250,yahoo
2025-08-08,ZQF27,96.9500,yahoo
2025-08-08,ZQF28,96.7700,yahoo
2025-08-08,ZQG27,96.9750,yahoo
2025-08-08,ZQG28,96.7550,yahoo
2025-08-08,ZQH27,96.9600,yahoo
2025-08-08,ZQJ27,96.9750,yahoo
2025-08-08,ZQK27,96.9500,yahoo
2025-08-08,ZQM27,96.9300,yahoo
2025-08-08,ZQN27,96.9100,yahoo
2025-08-08,ZQQ27,96.8300,yahoo
2025-08-08,ZQU26,96.8000,yahoo
2025-08-08,ZQU27,96.8300,yahoo
2025-08-08,ZQV26,96.8550,yahoo
2025-08-08,ZQV27,96.8250,yahoo
2025-08-08,ZQX26,96.8950,yahoo
2025-08-08,ZQX27,96.8050,yahoo
2025-08-08,ZQZ26,96.9300,yahoo
2025-08-08,ZQZ27,96.7850,yahoo
2025-08-11,ZQF27,96.9600,yahoo
2025-08-11,ZQF28,96.7800,yahoo
2025-08-11,ZQG27,96.9850,yahoo
2025-08-11,ZQG28,96.7650,yahoo
2025-08-11,ZQH27,96.9700,yahoo
2025-08-11,ZQJ27,96.9850,yahoo
2025-08-11,ZQK27,96.9600,yahoo
2025-08-11,ZQM27,96.9400,yahoo
2025-08-11,ZQN27,96.9200,yahoo
2025-08-11,ZQQ27,96.8400,yahoo
2025-08-11,ZQU26,96.8100,yahoo
2025-08-11,ZQU27,96.8400,yahoo
2025-08-11,ZQV26,96.8650,yahoo
2025-08-11,ZQV27,96.8350,yahoo
2025-08-11,ZQX26,96.9050,yahoo
2025-08-11,ZQX27,96.8150,yahoo
2025-08-11,ZQZ26,96.9400,yahoo
2025-08-11,ZQZ27,96.7950,yahoo
2025-08-12,ZQF27,96.9750,yahoo
2025-08-12,ZQF28,96.7950,yahoo
2025-08-12,ZQG27,97.0000,yahoo
2025-08-12,ZQG28,96.7800,yahoo
2025-08-12,ZQH27,96.9850,yahoo
2025-08-12,ZQJ27,97.0000,yahoo
2025-08-12,ZQK27,96.9750,yahoo
2025-08-12,ZQM27,96.9550,yahoo
2025-08-12,ZQN27,96.9350,yahoo
2025-08-12,ZQQ27,96.8550,yahoo
2025-08-12,ZQU26,96.8300,yahoo
2025-08-12,ZQU27,96.8550,yahoo
2025-08-12,ZQV26,96.8850,yahoo
2025-08-12,ZQV27,96.8500,yahoo
2025-08-12,ZQX26,96.9250,yahoo
2025-08-12,ZQX27,96.8300,yahoo
2025-08-12,ZQZ26,96.9550,yahoo
2025-08-12,ZQZ27,96.8100,yahoo
2025-08-13,ZQF27,97.0100,yahoo
2025-08-13,ZQF28,96.8300,yahoo
2025-08-13,ZQG27,97.0350,yahoo
2025-08-13,ZQG28,96.8150,yahoo
2025-08-13,ZQH27,97.0200,yahoo
2025-08-13,ZQJ27,97.0350,yahoo
2025-08-13,ZQK27,97.0100,yahoo
2025-08-13,ZQM27,96.9900,yahoo
2025-08-13,ZQN27,96.9700,yahoo
2025-08-13,ZQQ27,96.8900,yahoo
2025-08-13,ZQU26,96.8650,yahoo
2025-08-13,ZQU27,96.8900,yahoo
2025-08-13,ZQV26,96.9200,yahoo
2025-08-13,ZQV27,96.8850,yahoo
2025-08-13,ZQX26,96.9600,yahoo
2025-08-13,ZQX27,96.8650,yahoo
2025-08-13,ZQZ26,96.9900,yahoo
2025-08-13,ZQZ27,96.8450,yahoo
2025-08-14,ZQF27,96.9550,yahoo
2025-08-14,ZQF28,96.7750,yahoo
2025-08-14,ZQG27,96.9800,yahoo
2025-08-14,ZQG28,96.7600,yahoo
2025-08-14,ZQH27,96.9650,yahoo
2025-08-14,ZQJ27,96.9800,yahoo
2025-08-14,ZQK27,96.9550,yahoo
2025-08-14,ZQM27,96.9350,yahoo
2025-08-14,ZQN27,96.9150,yahoo
2025-08-14,ZQQ27,96.8350,yahoo
2025-08-14,ZQU26,96.8100,yahoo
2025-08-14,ZQU27,96.8350,yahoo
2025-08-14,ZQV26,96.8650,yahoo
2025-08-14,ZQV27,96.8300,yahoo
2025-08-14,ZQX26,96.9050,yahoo
2025-08-14,ZQX27,96.8100,yahoo
2025-08-14,ZQZ26,96.9350,yahoo
2025-08-14,ZQZ27,96.7900,yahoo
2025-08-15,ZQF27,96.9300,yahoo
2025-08-15,ZQF28,96.7500,yahoo
2025-08-15,ZQG27,96.9550,yahoo
2025-08-15,ZQG28,96.7350,yahoo
2025-08-15,ZQH27,96.9400,yahoo
2025-08-15,ZQJ27,96.9550,yahoo
2025-08-15,ZQK27,96.9300,yahoo
2025-08-15,ZQM27,96.9100,yahoo
2025-08-15,ZQN27,96.8900,yahoo
2025-08-15,ZQQ27,96.8100,yahoo
2025-08-15,ZQU26,96.7750,yahoo
2025-08-15,ZQU27,96.8100,yahoo
2025-08-15,ZQV26,96.8350,yahoo
2025-08-15,ZQV27,96.8050,yahoo
2025-08-15,ZQX26,96.8750,yahoo
2025-08-15,ZQX27,96.7850,yahoo
2025-08-15,ZQZ26,96.9100,yahoo
2025-08-15,ZQZ27,96.7650,yahoo
2025-08-18,ZQF27,96.9100,yahoo
2025-08-18,ZQF28,96.7300,yahoo
2025-08-18,ZQG27,96.9350,yahoo
2025-08-18,ZQG28,96.7150,yahoo
2025-08-18,ZQH27,96.9200,yahoo
2025-08-18,ZQJ27,96.9350,yahoo
2025-08-18,ZQK27,96.9100,yahoo
2025-08-18,ZQM27,96.8900,yahoo
2025-08-18,ZQN27,96.8700,yahoo
2025-08-18,ZQQ27,96.7900,yahoo
2025-08-18,ZQU26,96.7550,yahoo
2025-08-18,ZQU27,96.7900,yahoo
2025-08-18,ZQV26,96.8150,yahoo
2025-08-18,ZQV27,96.7850,yahoo
2025-08-18,ZQX26,96.8550,yahoo
2025-08-18,ZQX27,96.7650,yahoo
2025-08-18,ZQZ26,96.8900,yahoo
2025-08-18,ZQZ27,96.7450,yahoo
2025-08-19,ZQF27,96.9350,yahoo
2025-08-19,ZQF28,96.7550,yahoo
2025-08-19,ZQG27,96.9600,yahoo
2025-08-19,ZQG28,96.7400,yahoo
2025-08-19,ZQH27,96.9450,yahoo
2025-08-19,ZQJ27,96.9600,yahoo
2025-08-19,ZQK27,96.9350,yahoo
2025-08-19,ZQM27,96.9150,yahoo
2025-08-19,ZQN27,96.8950,yahoo
2025-08-19,ZQQ27,96.8150,yahoo
2025-08-19,ZQU26,96.7800,yahoo
2025-08-19,ZQU27,96.8150,yahoo
2025-08-19,ZQV26,96.8400,yahoo
2025-08-19,ZQV27,96.8100,yahoo
2025-08-19,ZQX26,96.8800,yahoo
2025-08-19,ZQX27,96.7900,yahoo
2025-08-19,ZQZ26,96.9150,yahoo
2025-08-19,ZQZ27,96.7700,yahoo
2025-08-20,ZQF27,96.9550,yahoo
2025-08-20,ZQF28,96.7750,yahoo
2025-08-20,ZQG27,96.9800,yahoo
2025-08-20,ZQG28,96.7600,yahoo
2025-08-20,ZQH27,96.9650,yahoo
2025-08-20,ZQJ27,96.9800,yahoo
2025-08-20,ZQK27,96.9550,yahoo
2025-08-20,ZQM27,96.9350,yahoo
2025-08-20,ZQN27,96.9150,yahoo
2025-08-20,ZQQ27,96.8350,yahoo
2025-08-20,ZQU26,96.8000,yahoo
2025-08-20,ZQU27,96.8350,yahoo
2025-08-20,ZQV26,96.8600,yahoo
2025-08-20,ZQV27,96.8300,yahoo
2025-08-20,ZQX26,96.9000,yahoo
2025-08-20,ZQX27,96.8100,yahoo
2025-08-20,ZQZ26,96.9350,yahoo
2025-08-20,ZQZ27,96.7900,yahoo
2025-08-21,ZQF27,96.9100,yahoo
2025-08-21,ZQF28,96.7300,yahoo
2025-08-21,ZQG27,96.9350,yahoo
2025-08-21,ZQG28,96.7150,yahoo
2025-08-21,ZQH27,96.9200,yahoo
2025-08-21,ZQJ27,96.9350,yahoo
2025-08-21,ZQK27,96.9100,yahoo
2025-08-21,ZQM27,96.8900,yahoo
2025-08-21,ZQN27,96.8700,yahoo
2025-08-21,ZQQ27,96.7900,yahoo
2025-08-21,ZQU26,96.7500,yahoo
2025-08-21,ZQU27,96.7900,yahoo
2025-08-21,ZQV26,96.8100,yahoo
2025-08-21,ZQV27,96.7850,yahoo
2025-08-21,ZQX26,96.8550,yahoo
2025-08-21,ZQX27,96.7650,yahoo
2025-08-21,ZQZ26,96.8900,yahoo
2025-08-21,ZQZ27,96.7450,yahoo
2025-08-22,ZQF27,97.0300,yahoo
2025-08-22,ZQF28,96.8500,yahoo
2025-08-22,ZQG27,97.0550,yahoo
2025-08-22,ZQG28,96.8350,yahoo
2025-08-22,ZQH27,97.0400,yahoo
2025-08-22,ZQJ27,97.0550,yahoo
2025-08-22,ZQK27,97.0300,yahoo
2025-08-22,ZQM27,97.0100,yahoo
2025-08-22,ZQN27,96.9900,yahoo
2025-08-22,ZQQ27,96.9100,yahoo
2025-08-22,ZQU26,96.8700,yahoo
2025-08-22,ZQU27,96.9100,yahoo
2025-08-22,ZQV26,96.9300,yahoo
2025-08-22,ZQV27,96.9050,yahoo
2025-08-22,ZQX26,96.9750,yahoo
2025-08-22,ZQX27,96.8850,yahoo
2025-08-22,ZQZ26,97.0100,yahoo
2025-08-22,ZQZ27,96.8650,yahoo
2025-08-25,ZQF27,96.9850,yahoo
2025-08-25,ZQF28,96.8050,yahoo
2025-08-25,ZQG27,97.0100,yahoo
2025-08-25,ZQG28,96.7900,yahoo
2025-08-25,ZQH27,96.9950,yahoo
2025-08-25,ZQJ27,97.0100,yahoo
2025-08-25,ZQK27,96.9850,yahoo
2025-08-25,ZQM27,96.9650,yahoo
2025-08-25,ZQN27,96.9450,yahoo
2025-08-25,ZQQ27,96.8650,yahoo
2025-08-25,ZQU26,96.8250,yahoo
2025-08-25,ZQU27,96.8650,yahoo
2025-08-25,ZQV26,96.8850,yahoo
2025-08-25,ZQV27,96.8600,yahoo
2025-08-25,ZQX26,96.9300,yahoo
2025-08-25,ZQX27,96.8400,yahoo
2025-08-25,ZQZ26,96.9650,yahoo
2025-08-25,ZQZ27,96.8200,yahoo
2025-08-26,ZQF27,97.0500,yahoo
2025-08-26,ZQF28,96.8700,yahoo
2025-08-26,ZQG27,97.0750,yahoo
2025-08-26,ZQG28,96.8550,yahoo
2025-08-26,ZQH27,97.0600,yahoo
2025-08-26,ZQJ27,97.0750,yahoo
2025-08-26,ZQK27,97.0500,yahoo
2025-08-26,ZQM27,97.0300,yahoo
2025-08-26,ZQN27,97.0100,yahoo
2025-08-26,ZQQ27,96.9300,yahoo
2025-08-26,ZQU26,96.8900,yahoo
2025-08-26,ZQU27,96.9300,yahoo
2025-08-26,ZQV26,96.9500,yahoo
2025-08-26,ZQV27,96.9250,yahoo
2025-08-26,ZQX26,96.9950,yahoo
2025-08-26,ZQX27,96.9050,yahoo
2025-08-26,ZQZ26,97.0300,yahoo
2025-08-26,ZQZ27,96.8850,yahoo
2025-08-27,ZQF27,97.0850,yahoo
2025-08-27,ZQF28,96.9050,yahoo
2025-08-27,ZQG27,97.1100,yahoo
2025-08-27,ZQG28,96.8900,yahoo
2025-08-27,ZQH27,97.0950,yahoo
2025-08-27,ZQJ27,97.1100,yahoo
2025-08-27,ZQK27,97.0850,yahoo
2025-08-27,ZQM27,97.0650,yahoo
2025-08-27,ZQN27,97.0450,yahoo
2025-08-27,ZQQ27,96.9650,yahoo
2025-08-27,ZQU26,96.9200,yahoo
2025-08-27,ZQU27,96.9650,yahoo
2025-08-27,ZQV26,96.9850,yahoo
2025-08-27,ZQV27,96.9600,yahoo
2025-08-27,ZQX26,97.0300,yahoo
2025-08-27,ZQX27,96.9400,yahoo
2025-08-27,ZQZ26,97.0650,yahoo
2025-08-27,ZQZ27,96.9200,yahoo
2025-08-28,ZQF27,97.0550,yahoo
2025-08-28,ZQF28,96.8750,yahoo
2025-08-28,ZQG27,97.0800,yahoo
2025-08-28,ZQG28,96.8600,yahoo
2025-08-28,ZQH27,97.0650,yahoo
2025-08-28,ZQJ27,97.0800,yahoo
2025-08-28,ZQK27,97.0550,yahoo
2025-08-28,ZQM27,97.0350,yahoo
2025-08-28,ZQN27,97.0150,yahoo
2025-08-28,ZQQ27,96.9350,yahoo
2025-08-28,ZQU26,96.8900,yahoo
2025-08-28,ZQU27,96.9350,yahoo
2025-08-28,ZQV26,96.9550,yahoo
2025-08-28,ZQV27,96.9300,yahoo
2025-08-28,ZQX26,97.0000,yahoo
2025-08-28,ZQX27,96.9100,yahoo
2025-08-28,ZQZ26,97.0350,yahoo
2025-08-28,ZQZ27,96.8900,yahoo
2025-08-29,ZQF27,97.0650,yahoo
2025-08-29,ZQF28,96.8850,yahoo
2025-08-29,ZQG27,97.0900,yahoo
2025-08-29,ZQG28,96.8700,yahoo
2025-08-29,ZQH27,97.0750,yahoo
2025-08-29,ZQJ27,97.0900,yahoo
2025-08-29,ZQK27,97.0650,yahoo
2025-08-29,ZQM27,97.0450,yahoo
2025-08-29,ZQN27,97.0250,yahoo
2025-08-29,ZQQ27,96.9450,yahoo
2025-08-29,ZQU26,96.9000,yahoo
2025-08-29,ZQU27,96.9450,yahoo
2025-08-29,ZQV26,96.9650,yahoo
2025-08-29,ZQV27,96.9400,yahoo
2025-08-29,ZQX26,97.0100,yahoo
2025-08-29,ZQX27,96.9200,yahoo
2025-08-29,ZQZ26,97.0450,yahoo
2025-08-29,ZQZ27,96.9000,yahoo
2025-09-02,ZQF27,97.0150,yahoo
2025-09-02,ZQF28,96.8350,yahoo
2025-09-02,ZQG27,97.0400,yahoo
2025-09-02,ZQG28,96.8200,yahoo
2025-09-02,ZQH27,97.0250,yahoo
2025-09-02,ZQJ27,97.0400,yahoo
2025-09-02,ZQK27,97.0150,yahoo
2025-09-02,ZQM27,96.9950,yahoo
2025-09-02,ZQN27,96.9750,yahoo
2025-09-02,ZQQ27,96.8950,yahoo
2025-09-02,ZQU26,96.8550,yahoo
2025-09-02,ZQU27,96.8950,yahoo
2025-09-02,ZQV26,96.9150,yahoo
2025-09-02,ZQV27,96.8900,yahoo
2025-09-02,ZQX26,96.9600,yahoo
2025-09-02,ZQX27,96.8700,yahoo
2025-09-02,ZQZ26,96.9950,yahoo
2025-09-02,ZQZ27,96.8500,yahoo
2025-09-03,ZQF27,97.0700,yahoo
2025-09-03,ZQF28,96.8950,yahoo
2025-09-03,ZQG27,97.0950,yahoo
2025-09-03,ZQG28,96.8800,yahoo
2025-09-03,ZQH27,97.0850,yahoo
2025-09-03,ZQJ27,97.1000,yahoo
2025-09-03,ZQK27,97.0750,yahoo
2025-09-03,ZQM27,97.0550,yahoo
2025-09-03,ZQN27,97.0350,yahoo
2025-09-03,ZQQ27,96.9550,yahoo
2025-09-03,ZQU26,96.9100,yahoo
2025-09-03,ZQU27,96.9550,yahoo
2025-09-03,ZQV26,96.9700,yahoo
2025-09-03,ZQV27,96.9500,yahoo
2025-09-03,ZQX26,97.0150,yahoo
2025-09-03,ZQX27,96.9300,yahoo
2025-09-03,ZQZ26,97.0500,yahoo
2025-09-03,ZQZ27,96.9100,yahoo
2025-09-04,ZQF27,97.0900,yahoo
2025-09-04,ZQF28,96.9150,yahoo
2025-09-04,ZQG27,97.1150,yahoo
2025-09-04,ZQG28,96.9000,yahoo
2025-09-04,ZQH27,97.1050,yahoo
2025-09-04,ZQJ27,97.1200,yahoo
2025-09-04,ZQK27,97.0950,yahoo
2025-09-04,ZQM27,97.0750,yahoo
2025-09-04,ZQN27,97.0550,yahoo
2025-09-04,ZQQ27,96.9750,yahoo
2025-09-04,ZQU26,96.9300,yahoo
2025-09-04,ZQU27,96.9750,yahoo
2025-09-04,ZQV26,96.9900,yahoo
2025-09-04,ZQV27,96.9700,yahoo
2025-09-04,ZQX26,97.0350,yahoo
2025-09-04,ZQX27,96.9500,yahoo
2025-09-04,ZQZ26,97.0700,yahoo
2025-09-04,ZQZ27,96.9300,yahoo
2025-09-05,ZQF27,97.1750,yahoo
2025-09-05,ZQF28,97.0000,yahoo
2025-09-05,ZQG27,97.2000,yahoo
2025-09-05,ZQG28,96.9850,yahoo
2025-09-05,ZQH27,97.1900,yahoo
2025-09-05,ZQJ27,97.2050,yahoo
2025-09-05,ZQK27,97.1800,yahoo
2025-09-05,ZQM27,97.1600,yahoo
2025-09-05,ZQN27,97.1400,yahoo
2025-09-05,ZQQ27,97.0600,yahoo
2025-09-05,ZQU26,97.0300,yahoo
2025-09-05,ZQU27,97.0600,yahoo
2025-09-05,ZQV26,97.0900,yahoo
2025-09-05,ZQV27,97.0550,yahoo
2025-09-05,ZQX26,97.1250,yahoo
2025-09-05,ZQX27,97.0350,yahoo
2025-09-05,ZQZ26,97.1550,yahoo
2025-09-05,ZQZ27,97.0150,yahoo
2025-09-08,ZQF27,97.1800,yahoo
2025-09-08,ZQF28,97.0050,yahoo
2025-09-08,ZQG27,97.2050,yahoo
2025-09-08,ZQG28,96.9900,yahoo
2025-09-08,ZQH27,97.1950,yahoo
2025-09-08,ZQJ27,97.2100,yahoo
2025-09-08,ZQK27,97.1850,yahoo
2025-09-08,ZQM27,97.1650,yahoo
2025-09-08,ZQN27,97.1450,yahoo
2025-09-08,ZQQ27,97.0650,yahoo
2025-09-08,ZQU26,97.0450,yahoo
2025-09-08,ZQU27,97.0650,yahoo
2025-09-08,ZQV26,97.1000,yahoo
2025-09-08,ZQV27,97.0600,yahoo
2025-09-08,ZQX26,97.1350,yahoo
2025-09-08,ZQX27,97.0400,yahoo
2025-09-08,ZQZ26,97.1600,yahoo
2025-09-08,ZQZ27,97.0200,yahoo
2025-09-09,ZQF27,97.1150,yahoo
2025-09-09,ZQF28,96.9400,yahoo
2025-09-09,ZQG27,97.1400,yahoo
2025-09-09,ZQG28,96.9250,yahoo
2025-09-09,ZQH27,97.1300,yahoo
2025-09-09,ZQJ27,97.1450,yahoo
2025-09-09,ZQK27,97.1200,yahoo
2025-09-09,ZQM27,97.1000,yahoo
2025-09-09,ZQN27,97.0800,yahoo
2025-09-09,ZQQ27,97.0000,yahoo
2025-09-09,ZQU26,96.9750,yahoo
2025-09-09,ZQU27,97.0000,yahoo
2025-09-09,ZQV26,97.0350,yahoo
2025-09-09,ZQV27,96.9950,yahoo
2025-09-09,ZQX26,97.0700,yahoo
2025-09-09,ZQX27,96.9750,yahoo
2025-09-09,ZQZ26,97.0950,yahoo
2025-09-09,ZQZ27,96.9550,yahoo
2025-09-10,ZQF27,97.1350,yahoo
2025-09-10,ZQF28,96.9600,yahoo
2025-09-10,ZQG27,97.1600,yahoo
2025-09-10,ZQG28,96.9450,yahoo
2025-09-10,ZQH27,97.1500,yahoo
2025-09-10,ZQJ27,97.1650,yahoo
2025-09-10,ZQK27,97.1400,yahoo
2025-09-10,ZQM27,97.1200,yahoo
2025-09-10,ZQN27,97.1000,yahoo
2025-09-10,ZQQ27,97.0200,yahoo
2025-09-10,ZQU26,96.9950,yahoo
2025-09-10,ZQU27,97.0200,yahoo
2025-09-10,ZQV26,97.0550,yahoo
2025-09-10,ZQV27,97.0150,yahoo
2025-09-10,ZQX26,97.0900,yahoo
2025-09-10,ZQX27,96.9950,yahoo
2025-09-10,ZQZ26,97.1150,yahoo
2025-09-10,ZQZ27,96.9750,yahoo
2025-09-11,ZQF27,97.1400,yahoo
2025-09-11,ZQF28,96.9650,yahoo
2025-09-11,ZQG27,97.1650,yahoo
2025-09-11,ZQG28,96.9500,yahoo
2025-09-11,ZQH27,97.1550,yahoo
2025-09-11,ZQJ27,97.1700,yahoo
2025-09-11,ZQK27,97.1450,yahoo
2025-09-11,ZQM27,97.1250,yahoo
2025-09-11,ZQN27,97.1050,yahoo
2025-09-11,ZQQ27,97.0250,yahoo
2025-09-11,ZQU26,97.0050,yahoo
2025-09-11,ZQU27,97.0250,yahoo
2025-09-11,ZQV26,97.0600,yahoo
2025-09-11,ZQV27,97.0200,yahoo
2025-09-11,ZQX26,97.0950,yahoo
2025-09-11,ZQX27,97.0000,yahoo
2025-09-11,ZQZ26,97.1200,yahoo
2025-09-11,ZQZ27,96.9800,yahoo
2025-09-12,ZQF27,97.0950,yahoo
2025-09-12,ZQF28,96.9200,yahoo
2025-09-12,ZQG27,97.1200,yahoo
2025-09-12,ZQG28,96.9050,yahoo
2025-09-12,ZQH27,97.1100,yahoo
2025-09-12,ZQJ27,97.1250,yahoo
2025-09-12,ZQK27,97.1000,yahoo
2025-09-12,ZQM27,97.0800,yahoo
2025-09-12,ZQN27,97.0600,yahoo
2025-09-12,ZQQ27,96.9800,yahoo
2025-09-12,ZQU26,96.9600,yahoo
2025-09-12,ZQU27,96.9800,yahoo
2025-09-12,ZQV26,97.0150,yahoo
2025-09-12,ZQV27,96.9750,yahoo
2025-09-12,ZQX26,97.0500,yahoo
2025-09-12,ZQX27,96.9550,yahoo
2025-09-12,ZQZ26,97.0750,yahoo
2025-09-12,ZQZ27,96.9350,yahoo
2025-09-15,ZQF27,97.1200,yahoo
2025-09-15,ZQF28,96.9450,yahoo
2025-09-15,ZQG27,97.1450,yahoo
2025-09-15,ZQG28,96.9300,yahoo
2025-09-15,ZQH27,97.1350,yahoo
2025-09-15,ZQJ27,97.1500,yahoo
2025-09-15,ZQK27,97.1250,yahoo
2025-09-15,ZQM27,97.1050,yahoo
2025-09-15,ZQN27,97.0850,yahoo
2025-09-15,ZQQ27,97.0050,yahoo
2025-09-15,ZQU26,96.9800,yahoo
2025-09-15,ZQU27,97.0050,yahoo
2025-09-15,ZQV26,97.0400,yahoo
2025-09-15,ZQV27,97.0000,yahoo
2025-09-15,ZQX26,97.0750,yahoo
2025-09-15,ZQX27,96.9800,yahoo
2025-09-15,ZQZ26,97.1000,yahoo
2025-09-15,ZQZ27,96.9600,yahoo
2025-09-16,ZQF27,97.1500,yahoo
2025-09-16,ZQF28,96.9750,yahoo
2025-09-16,ZQG27,97.1750,yahoo
2025-09-16,ZQG28,96.9600,yahoo
2025-09-16,ZQH27,97.1650,yahoo
2025-09-16,ZQJ27,97.1800,yahoo
2025-09-16,ZQK27,97.1550,yahoo
2025-09-16,ZQM27,97.1350,yahoo
2025-09-16,ZQN27,97.1150,yahoo
2025-09-16,ZQQ27,97.0350,yahoo
2025-09-16,ZQU26,97.0100,yahoo
2025-09-16,ZQU27,97.0350,yahoo
2025-09-16,ZQV26,97.0700,yahoo
2025-09-16,ZQV27,97.0300,yahoo
2025-09-16,ZQX26,97.1050,yahoo
2025-09-16,ZQX27,97.0100,yahoo
2025-09-16,ZQZ26,97.1300,yahoo
2025-09-16,ZQZ27,96.9900,yahoo
2025-09-17,ZQF27,97.1000,yahoo
2025-09-17,ZQF28,96.9200,yahoo
2025-09-17,ZQG27,97.1200,yahoo
2025-09-17,ZQG28,96.9050,yahoo
2025-09-17,ZQH27,97.1100,yahoo
2025-09-17,ZQJ27,97.1250,yahoo
2025-09-17,ZQK27,97.1000,yahoo
2025-09-17,ZQM27,97.0800,yahoo
2025-09-17,ZQN27,97.0600,yahoo
2025-09-17,ZQQ27,96.9800,yahoo
2025-09-17,ZQU26,96.9700,yahoo
2025-09-17,ZQU27,96.9800,yahoo
2025-09-17,ZQV26,97.0250,yahoo
2025-09-17,ZQV27,96.9750,yahoo
2025-09-17,ZQX26,97.0550,yahoo
2025-09-17,ZQX27,96.9550,yahoo
2025-09-17,ZQZ26,97.0800,yahoo
2025-09-17,ZQZ27,96.9350,yahoo
2025-09-18,ZQF27,97.0800,yahoo
2025-09-18,ZQF28,96.9000,yahoo
2025-09-18,ZQG27,97.1000,yahoo
2025-09-18,ZQG28,96.8850,yahoo
2025-09-18,ZQH27,97.0900,yahoo
2025-09-18,ZQJ27,97.1050,yahoo
2025-09-18,ZQK27,97.0800,yahoo
2025-09-18,ZQM27,97.0600,yahoo
2025-09-18,ZQN27,97.0400,yahoo
2025-09-18,ZQQ27,96.9600,yahoo
2025-09-18,ZQU26,96.9550,yahoo
2025-09-18,ZQU27,96.9600,yahoo
2025-09-18,ZQV26,97.0050,yahoo
2025-09-18,ZQV27,96.9550,yahoo
2025-09-18,ZQX26,97.0350,yahoo
2025-09-18,ZQX27,96.9350,yahoo
2025-09-18,ZQZ26,97.0600,yahoo
2025-09-18,ZQZ27,96.9150,yahoo
2025-09-19,ZQF27,97.0550,yahoo
2025-09-19,ZQF28,96.8750,yahoo
2025-09-19,ZQG27,97.0750,yahoo
2025-09-19,ZQG28,96.8600,yahoo
2025-09-19,ZQH27,97.0650,yahoo
2025-09-19,ZQJ27,97.0800,yahoo
2025-09-19,ZQK27,97.0550,yahoo
2025-09-19,ZQM27,97.0350,yahoo
2025-09-19,ZQN27,97.0150,yahoo
2025-09-19,ZQQ27,96.9350,yahoo
2025-09-19,ZQU26,96.9350,yahoo
2025-09-19,ZQU27,96.9350,yahoo
2025-09-19,ZQV26,96.9850,yahoo
2025-09-19,ZQV27,96.9300,yahoo
2025-09-19,ZQX26,97.0150,yahoo
2025-09-19,ZQX27,96.9100,yahoo
2025-09-19,ZQZ26,97.0400,yahoo
2025-09-19,ZQZ27,96.8900,yahoo
2025-09-22,ZQF27,97.0250,yahoo
2025-09-22,ZQF28,96.8450,yahoo
2025-09-22,ZQG27,97.0450,yahoo
2025-09-22,ZQG28,96.8300,yahoo
2025-09-22,ZQH27,97.0350,yahoo
2025-09-22,ZQJ27,97.0500,yahoo
2025-09-22,ZQK27,97.0250,yahoo
2025-09-22,ZQM27,97.0050,yahoo
2025-09-22,ZQN27,96.9850,yahoo
2025-09-22,ZQQ27,96.9050,yahoo
2025-09-22,ZQU26,96.9050,yahoo
2025-09-22,ZQU27,96.9050,yahoo
2025-09-22,ZQV26,96.9550,yahoo
2025-09-22,ZQV27,96.9000,yahoo
2025-09-22,ZQX26,96.9850,yahoo
2025-09-22,ZQX27,96.8800,yahoo
2025-09-22,ZQZ26,97.0100,yahoo
2025-09-22,ZQZ27,96.8600,yahoo
2025-09-23,ZQF27,97.0300,yahoo
2025-09-23,ZQF28,96.8500,yahoo
2025-09-23,ZQG27,97.0500,yahoo
2025-09-23,ZQG28,96.8350,yahoo
2025-09-23,ZQH27,97.0400,yahoo
2025-09-23,ZQJ27,97.0550,yahoo
2025-09-23,ZQK27,97.0300,yahoo
2025-09-23,ZQM27,97.0100,yahoo
2025-09-23,ZQN27,96.9900,yahoo
2025-09-23,ZQQ27,96.9100,yahoo
2025-09-23,ZQU26,96.9050,yahoo
2025-09-23,ZQU27,96.9100,yahoo
2025-09-23,ZQV26,96.9550,yahoo
2025-09-23,ZQV27,96.9050,yahoo
2025-09-23,ZQX26,96.9850,yahoo
2025-09-23,ZQX27,96.8850,yahoo
2025-09-23,ZQZ26,97.0100,yahoo
2025-09-23,ZQZ27,96.8650,yahoo
2025-09-24,ZQF27,97.0050,yahoo
2025-09-24,ZQF28,96.8250,yahoo
2025-09-24,ZQG27,97.0250,yahoo
2025-09-24,ZQG28,96.8100,yahoo
2025-09-24,ZQH27,97.0150,yahoo
2025-09-24,ZQJ27,97.0300,yahoo
2025-09-24,ZQK27,97.0050,yahoo
2025-09-24,ZQM27,96.9850,yahoo
2025-09-24,ZQN27,96.9650,yahoo
2025-09-24,ZQQ27,96.8850,yahoo
2025-09-24,ZQU26,96.8800,yahoo
2025-09-24,ZQU27,96.8850,yahoo
2025-09-24,ZQV26,96.9300,yahoo
2025-09-24,ZQV27,96.8800,yahoo
2025-09-24,ZQX26,96.9600,yahoo
2025-09-24,ZQX27,96.8600,yahoo
2025-09-24,ZQZ26,96.9850,yahoo
2025-09-24,ZQZ27,96.8400,yahoo
2025-09-25,ZQF27,96.9050,yahoo
2025-09-25,ZQF28,96.7250,yahoo
2025-09-25,ZQG27,96.9250,yahoo
2025-09-25,ZQG28,96.7100,yahoo
2025-09-25,ZQH27,96.9150,yahoo
2025-09-25,ZQJ27,96.9300,yahoo
2025-09-25,ZQK27,96.9050,yahoo
2025-09-25,ZQM27,96.8850,yahoo
2025-09-25,ZQN27,96.8650,yahoo
2025-09-25,ZQQ27,96.7850,yahoo
2025-09-25,ZQU26,96.7800,yahoo
2025-09-25,ZQU27,96.7850,yahoo
2025-09-25,ZQV26,96.8300,yahoo
2025-09-25,ZQV27,96.7800,yahoo
2025-09-25,ZQX26,96.8600,yahoo
2025-09-25,ZQX27,96.7600,yahoo
2025-09-25,ZQZ26,96.8850,yahoo
2025-09-25,ZQZ27,96.7400,yahoo
2025-09-26,ZQF27,96.9250,yahoo
2025-09-26,ZQF28,96.7650,yahoo
2025-09-26,ZQG27,96.9450,yahoo
2025-09-26,ZQG28,96.7500,yahoo
2025-09-26,ZQH27,96.9550,yahoo
2025-09-26,ZQJ27,96.9700,yahoo
2025-09-26,ZQK27,96.9450,yahoo
2025-09-26,ZQM27,96.9250,yahoo
2025-09-26,ZQN27,96.9050,yahoo
2025-09-26,ZQQ27,96.8250,yahoo
2025-09-26,ZQU26,96.8000,yahoo
2025-09-26,ZQU27,96.8250,yahoo
2025-09-26,ZQV26,96.8500,yahoo
2025-09-26,ZQV27,96.8200,yahoo
2025-09-26,ZQX26,96.8800,yahoo
2025-09-26,ZQX27,96.8000,yahoo
2025-09-26,ZQZ26,96.9050,yahoo
2025-09-26,ZQZ27,96.7800,yahoo
2025-09-29,ZQF27,96.9350,yahoo
2025-09-29,ZQF28,96.7750,yahoo
2025-09-29,ZQG27,96.9550,yahoo
2025-09-29,ZQG28,96.7600,yahoo
2025-09-29,ZQH27,96.9650,yahoo
2025-09-29,ZQJ27,96.9800,yahoo
2025-09-29,ZQK27,96.9550,yahoo
2025-09-29,ZQM27,96.9350,yahoo
2025-09-29,ZQN27,96.9150,yahoo
2025-09-29,ZQQ27,96.8350,yahoo
2025-09-29,ZQU26,96.8100,yahoo
2025-09-29,ZQU27,96.8350,yahoo
2025-09-29,ZQV26,96.8600,yahoo
2025-09-29,ZQV27,96.8300,yahoo
2025-09-29,ZQX26,96.8900,yahoo
2025-09-29,ZQX27,96.8100,yahoo
2025-09-29,ZQZ26,96.9150,yahoo
2025-09-29,ZQZ27,96.7900,yahoo
2025-09-30,ZQF27,96.9800,yahoo
2025-09-30,ZQF28,96.8100,yahoo
2025-09-30,ZQG27,97.0000,yahoo
2025-09-30,ZQG28,96.7950,yahoo
2025-09-30,ZQH27,97.0100,yahoo
2025-09-30,ZQJ27,97.0150,yahoo
2025-09-30,ZQK27,96.9900,yahoo
2025-09-30,ZQM27,96.9700,yahoo
2025-09-30,ZQN27,96.9500,yahoo
2025-09-30,ZQQ27,96.8700,yahoo
2025-09-30,ZQU26,96.8550,yahoo
2025-09-30,ZQU27,96.8700,yahoo
2025-09-30,ZQV26,96.9050,yahoo
2025-09-30,ZQV27,96.8650,yahoo
2025-09-30,ZQX26,96.9350,yahoo
2025-09-30,ZQX27,96.8450,yahoo
2025-09-30,ZQZ26,96.9650,yahoo
2025-09-30,ZQZ27,96.8250,yahoo
2025-10-01,ZQF27,97.0450,yahoo
2025-10-01,ZQF28,96.8700,yahoo
2025-10-01,ZQG27,97.0600,yahoo
2025-10-01,ZQG28,96.8550,yahoo
2025-10-01,ZQH27,97.0700,yahoo
2025-10-01,ZQJ27,97.0750,yahoo
2025-10-01,ZQK27,97.0500,yahoo
2025-10-01,ZQM27,97.0300,yahoo
2025-10-01,ZQN27,97.0100,yahoo
2025-10-01,ZQQ27,96.9300,yahoo
2025-10-01,ZQU26,96.9200,yahoo
2025-10-01,ZQU27,96.9300,yahoo
2025-10-01,ZQV26,96.9700,yahoo
2025-10-01,ZQV27,96.9250,yahoo
2025-10-01,ZQX26,97.0000,yahoo
2025-10-01,ZQX27,96.9050,yahoo
2025-10-01,ZQZ26,97.0300,yahoo
2025-10-01,ZQZ27,96.8850,yahoo
2025-10-02,ZQF27,97.0500,yahoo
2025-10-02,ZQF28,96.8750,yahoo
2025-10-02,ZQG27,97.0650,yahoo
2025-10-02,ZQG28,96.8600,yahoo
2025-10-02,ZQH27,97.0750,yahoo
2025-10-02,ZQJ27,97.0800,yahoo
2025-10-02,ZQK27,97.0550,yahoo
2025-10-02,ZQM27,97.0350,yahoo
2025-10-02,ZQN27,97.0150,yahoo
2025-10-02,ZQQ27,96.9350,yahoo
2025-10-02,ZQU26,96.9250,yahoo
2025-10-02,ZQU27,96.9350,yahoo
2025-10-02,ZQV26,96.9750,yahoo
2025-10-02,ZQV27,96.9300,yahoo
2025-10-02,ZQX26,97.0050,yahoo
2025-10-02,ZQX27,96.9100,yahoo
2025-10-02,ZQZ26,97.0350,yahoo
2025-10-02,ZQZ27,96.8900,yahoo
2025-10-03,ZQF27,97.0200,yahoo
2025-10-03,ZQF28,96.8400,yahoo
2025-10-03,ZQG27,97.0350,yahoo
2025-10-03,ZQG28,96.8250,yahoo
2025-10-03,ZQH27,97.0450,yahoo
2025-10-03,ZQJ27,97.0450,yahoo
2025-10-03,ZQK27,97.0200,yahoo
2025-10-03,ZQM27,97.0000,yahoo
2025-10-03,ZQN27,96.9800,yahoo
2025-10-03,ZQQ27,96.9000,yahoo
2025-10-03,ZQU26,96.9000,yahoo
2025-10-03,ZQU27,96.9000,yahoo
2025-10-03,ZQV26,96.9500,yahoo
2025-10-03,ZQV27,96.8950,yahoo
2025-10-03,ZQX26,96.9800,yahoo
2025-10-03,ZQX27,96.8750,yahoo
2025-10-03,ZQZ26,97.0050,yahoo
2025-10-03,ZQZ27,96.8550,yahoo
2025-10-06,ZQF27,96.9900,yahoo
2025-10-06,ZQF28,96.8100,yahoo
2025-10-06,ZQG27,97.0050,yahoo
2025-10-06,ZQG28,96.7950,yahoo
2025-10-06,ZQH27,97.0150,yahoo
2025-10-06,ZQJ27,97.0150,yahoo
2025-10-06,ZQK27,96.9900,yahoo
2025-10-06,ZQM27,96.9700,yahoo
2025-10-06,ZQN27,96.9500,yahoo
2025-10-06,ZQQ27,96.8700,yahoo
2025-10-06,ZQU26,96.8700,yahoo
2025-10-06,ZQU27,96.8700,yahoo
2025-10-06,ZQV26,96.9200,yahoo
2025-10-06,ZQV27,96.8650,yahoo
2025-10-06,ZQX26,96.9500,yahoo
2025-10-06,ZQX27,96.8450,yahoo
2025-10-06,ZQZ26,96.9750,yahoo
2025-10-06,ZQZ27,96.8250,yahoo
2025-10-07,ZQF27,97.0050,yahoo
2025-10-07,ZQF28,96.8750,yahoo
2025-10-07,ZQG27,97.0150,yahoo
2025-10-07,ZQG28,96.8600,yahoo
2025-10-07,ZQH27,97.0250,yahoo
2025-10-07,ZQJ27,97.0200,yahoo
2025-10-07,ZQK27,96.9950,yahoo
2025-10-07,ZQM27,96.9750,yahoo
2025-10-07,ZQN27,96.9750,yahoo
2025-10-07,ZQQ27,96.9350,yahoo
2025-10-07,ZQU26,96.8850,yahoo
2025-10-07,ZQU27,96.9350,yahoo
2025-10-07,ZQV26,96.9350,yahoo
2025-10-07,ZQV27,96.9300,yahoo
2025-10-07,ZQX26,96.9650,yahoo
2025-10-07,ZQX27,96.9100,yahoo
2025-10-07,ZQZ26,96.9900,yahoo
2025-10-07,ZQZ27,96.8900,yahoo
2025-10-08,ZQF27,96.9900,yahoo
2025-10-08,ZQF28,96.8600,yahoo
2025-10-08,ZQG27,97.0000,yahoo
2025-10-08,ZQG28,96.8450,yahoo
2025-10-08,ZQH27,97.0100,yahoo
2025-10-08,ZQJ27,97.0050,yahoo
2025-10-08,ZQK27,96.9800,yahoo
2025-10-08,ZQM27,96.9600,yahoo
2025-10-08,ZQN27,96.9600,yahoo
2025-10-08,ZQQ27,96.9200,yahoo
2025-10-08,ZQU26,96.8650,yahoo
2025-10-08,ZQU27,96.9200,yahoo
2025-10-08,ZQV26,96.9150,yahoo
2025-10-08,ZQV27,96.9150,yahoo
2025-10-08,ZQX26,96.9450,yahoo
2025-10-08,ZQX27,96.8950,yahoo
2025-10-08,ZQZ26,96.9700,yahoo
2025-10-08,ZQZ27,96.8750,yahoo
2025-10-09,ZQF27,96.9800,yahoo
2025-10-09,ZQF28,96.8500,yahoo
2025-10-09,ZQG27,96.9900,yahoo
2025-10-09,ZQG28,96.8350,yahoo
2025-10-09,ZQH27,97.0000,yahoo
2025-10-09,ZQJ27,96.9950,yahoo
2025-10-09,ZQK27,96.9700,yahoo
2025-10-09,ZQM27,96.9500,yahoo
2025-10-09,ZQN27,96.9500,yahoo
2025-10-09,ZQQ27,96.9100,yahoo
2025-10-09,ZQU26,96.8550,yahoo
2025-10-09,ZQU27,96.9100,yahoo
2025-10-09,ZQV26,96.9050,yahoo
2025-10-09,ZQV27,96.9050,yahoo
2025-10-09,ZQX26,96.9350,yahoo
2025-10-09,ZQX27,96.8850,yahoo
2025-10-09,ZQZ26,96.9600,yahoo
2025-10-09,ZQZ27,96.8650,yahoo
2025-10-10,ZQF27,97.0750,yahoo
2025-10-10,ZQF28,96.9450,yahoo
2025-10-10,ZQG27,97.0850,yahoo
2025-10-10,ZQG28,96.9300,yahoo
2025-10-10,ZQH27,97.0950,yahoo
2025-10-10,ZQJ27,97.0900,yahoo
2025-10-10,ZQK27,97.0650,yahoo
2025-10-10,ZQM27,97.0450,yahoo
2025-10-10,ZQN27,97.0450,yahoo
2025-10-10,ZQQ27,97.0050,yahoo
2025-10-10,ZQU26,96.9500,yahoo
2025-10-10,ZQU27,97.0050,yahoo
2025-10-10,ZQV26,97.0000,yahoo
2025-10-10,ZQV27,97.0000,yahoo
2025-10-10,ZQX26,97.0350,yahoo
2025-10-10,ZQX27,96.9800,yahoo
2025-10-10,ZQZ26,97.0600,yahoo
2025-10-10,ZQZ27,96.9600,yahoo
2025-10-13,ZQF27,97.1050,yahoo
2025-10-13,ZQF28,96.9750,yahoo
2025-10-13,ZQG27,97.1150,yahoo
2025-10-13,ZQG28,96.9600,yahoo
2025-10-13,ZQH27,97.1250,yahoo
2025-10-13,ZQJ27,97.1200,yahoo
2025-10-13,ZQK27,97.0950,yahoo
2025-10-13,ZQM27,97.0750,yahoo
2025-10-13,ZQN27,97.0750,yahoo
2025-10-13,ZQQ27,97.0350,yahoo
2025-10-13,ZQU26,96.9800,yahoo
2025-10-13,ZQU27,97.0350,yahoo
2025-10-13,ZQV26,97.0300,yahoo
2025-10-13,ZQV27,97.0300,yahoo
2025-10-13,ZQX26,97.0650,yahoo
2025-10-13,ZQX27,97.0100,yahoo
2025-10-13,ZQZ26,97.0900,yahoo
2025-10-13,ZQZ27,96.9900,yahoo
2025-10-14,ZQF27,97.1150,yahoo
2025-10-14,ZQF28,96.9850,yahoo
2025-10-14,ZQG27,97.1250,yahoo
2025-10-14,ZQG28,96.9700,yahoo
2025-10-14,ZQH27,97.1350,yahoo
2025-10-14,ZQJ27,97.1300,yahoo
2025-10-14,ZQK27,97.1050,yahoo
2025-10-14,ZQM27,97.0850,yahoo
2025-10-14,ZQN27,97.0850,yahoo
2025-10-14,ZQQ27,97.0450,yahoo
2025-10-14,ZQU26,96.9850,yahoo
2025-10-14,ZQU27,97.0450,yahoo
2025-10-14,ZQV26,97.0400,yahoo
2025-10-14,ZQV27,97.0400,yahoo
2025-10-14,ZQX26,97.0750,yahoo
2025-10-14,ZQX27,97.0200,yahoo
2025-10-14,ZQZ26,97.1000,yahoo
2025-10-14,ZQZ27,97.0000,yahoo
2025-10-15,ZQF27,97.0900,yahoo
2025-10-15,ZQF28,96.9600,yahoo
2025-10-15,ZQG27,97.1000,yahoo
2025-10-15,ZQG28,96.9450,yahoo
2025-10-15,ZQH27,97.1100,yahoo
2025-10-15,ZQJ27,97.1050,yahoo
2025-10-15,ZQK27,97.0800,yahoo
2025-10-15,ZQM27,97.0600,yahoo
2025-10-15,ZQN27,97.0600,yahoo
2025-10-15,ZQQ27,97.0200,yahoo
2025-10-15,ZQU26,96.9650,yahoo
2025-10-15,ZQU27,97.0200,yahoo
2025-10-15,ZQV26,97.0200,yahoo
2025-10-15,ZQV27,97.0150,yahoo
2025-10-15,ZQX26,97.0500,yahoo
2025-10-15,ZQX27,96.9950,yahoo
2025-10-15,ZQZ26,97.0750,yahoo
2025-10-15,ZQZ27,96.9750,yahoo
2025-10-16,ZQF27,97.1800,yahoo
2025-10-16,ZQF28,97.0550,yahoo
2025-10-16,ZQG27,97.1900,yahoo
2025-10-16,ZQG28,97.0400,yahoo
2025-10-16,ZQH27,97.2000,yahoo
2025-10-16,ZQJ27,97.1950,yahoo
2025-10-16,ZQK27,97.1700,yahoo
2025-10-16,ZQM27,97.1500,yahoo
2025-10-16,ZQN27,97.1550,yahoo
2025-10-16,ZQQ27,97.1150,yahoo
2025-10-16,ZQU26,97.0600,yahoo
2025-10-16,ZQU27,97.1150,yahoo
2025-10-16,ZQV26,97.1100,yahoo
2025-10-16,ZQV27,97.1100,yahoo
2025-10-16,ZQX26,97.1400,yahoo
2025-10-16,ZQX27,97.0900,yahoo
2025-10-16,ZQZ26,97.1650,yahoo
2025-10-16,ZQZ27,97.0700,yahoo
2025-10-17,ZQF27,97.1300,yahoo
2025-10-17,ZQF28,97.0050,yahoo
2025-10-17,ZQG27,97.1400,yahoo
2025-10-17,ZQG28,96.9900,yahoo
2025-10-17,ZQH27,97.1500,yahoo
2025-10-17,ZQJ27,97.1450,yahoo
2025-10-17,ZQK27,97.1200,yahoo
2025-10-17,ZQM27,97.1000,yahoo
2025-10-17,ZQN27,97.1050,yahoo
2025-10-17,ZQQ27,97.0650,yahoo
2025-10-17,ZQU26,97.0100,yahoo
2025-10-17,ZQU27,97.0650,yahoo
2025-10-17,ZQV26,97.0600,yahoo
2025-10-17,ZQV27,97.0600,yahoo
2025-10-17,ZQX26,97.0900,yahoo
2025-10-17,ZQX27,97.0400,yahoo
2025-10-17,ZQZ26,97.1150,yahoo
2025-10-17,ZQZ27,97.0200,yahoo
2025-10-20,ZQF27,97.1250,yahoo
2025-10-20,ZQF28,97.0000,yahoo
2025-10-20,ZQG27,97.1350,yahoo
2025-10-20,ZQG28,96.9850,yahoo
2025-10-20,ZQH27,97.1450,yahoo
2025-10-20,ZQJ27,97.1400,yahoo
2025-10-20,ZQK27,97.1150,yahoo
2025-10-20,ZQM27,97.0950,yahoo
2025-10-20,ZQN27,97.1000,yahoo
2025-10-20,ZQQ27,97.0600,yahoo
2025-10-20,ZQU26,97.0050,yahoo
2025-10-20,ZQU27,97.0600,yahoo
2025-10-20,ZQV26,97.0550,yahoo
2025-10-20,ZQV27,97.0550,yahoo
2025-10-20,ZQX26,97.0850,yahoo
2025-10-20,ZQX27,97.0350,yahoo
2025-10-20,ZQZ26,97.1100,yahoo
2025-10-20,ZQZ27,97.0150,yahoo
2025-10-21,ZQF27,97.1400,yahoo
2025-10-21,ZQF28,97.0150,yahoo
2025-10-21,ZQG27,97.1500,yahoo
2025-10-21,ZQG28,97.0000,yahoo
2025-10-21,ZQH27,97.1600,yahoo
2025-10-21,ZQJ27,97.1550,yahoo
2025-10-21,ZQK27,97.1300,yahoo
2025-10-21,ZQM27,97.1100,yahoo
2025-10-21,ZQN27,97.1150,yahoo
2025-10-21,ZQQ27,97.0750,yahoo
2025-10-21,ZQU26,97.0150,yahoo
2025-10-21,ZQU27,97.0750,yahoo
2025-10-21,ZQV26,97.0650,yahoo
2025-10-21,ZQV27,97.0700,yahoo
2025-10-21,ZQX26,97.1000,yahoo
2025-10-21,ZQX27,97.0500,yahoo
2025-10-21,ZQZ26,97.1250,yahoo
2025-10-21,ZQZ27,97.0300,yahoo
2025-10-22,ZQF27,97.1500,yahoo
2025-10-22,ZQF28,97.0250,yahoo
2025-10-22,ZQG27,97.1600,yahoo
2025-10-22,ZQG28,97.0100,yahoo
2025-10-22,ZQH27,97.1700,yahoo
2025-10-22,ZQJ27,97.1650,yahoo
2025-10-22,ZQK27,97.1400,yahoo
2025-10-22,ZQM27,97.1200,yahoo
2025-10-22,ZQN27,97.1250,yahoo
2025-10-22,ZQQ27,97.0850,yahoo
2025-10-22,ZQU26,97.0200,yahoo
2025-10-22,ZQU27,97.0850,yahoo
2025-10-22,ZQV26,97.0750,yahoo
2025-10-22,ZQV27,97.0800,yahoo
2025-10-22,ZQX26,97.1100,yahoo
2025-10-22,ZQX27,97.0600,yahoo
2025-10-22,ZQZ26,97.1350,yahoo
2025-10-22,ZQZ27,97.0400,yahoo
2025-10-23,ZQF27,97.0900,yahoo
2025-10-23,ZQF28,96.9650,yahoo
2025-10-23,ZQG27,97.1000,yahoo
2025-10-23,ZQG28,96.9500,yahoo
2025-10-23,ZQH27,97.1100,yahoo
2025-10-23,ZQJ27,97.1050,yahoo
2025-10-23,ZQK27,97.0800,yahoo
2025-10-23,ZQM27,97.0600,yahoo
2025-10-23,ZQN27,97.0650,yahoo
2025-10-23,ZQQ27,97.0250,yahoo
2025-10-23,ZQU26,96.9600,yahoo
2025-10-23,ZQU27,97.0250,yahoo
2025-10-23,ZQV26,97.0150,yahoo
2025-10-23,ZQV27,97.0200,yahoo
2025-10-23,ZQX26,97.0500,yahoo
2025-10-23,ZQX27,97.0000,yahoo
2025-10-23,ZQZ26,97.0750,yahoo
2025-10-23,ZQZ27,96.9800,yahoo
2025-10-24,ZQF27,97.0850,yahoo
2025-10-24,ZQF28,96.9600,yahoo
2025-10-24,ZQG27,97.0950,yahoo
2025-10-24,ZQG28,96.9450,yahoo
2025-10-24,ZQH27,97.1050,yahoo
2025-10-24,ZQJ27,97.1000,yahoo
2025-10-24,ZQK27,97.0750,yahoo
2025-10-24,ZQM27,97.0550,yahoo
2025-10-24,ZQN27,97.0600,yahoo
2025-10-24,ZQQ27,97.0200,yahoo
2025-10-24,ZQU26,96.9550,yahoo
2025-10-24,ZQU27,97.0200,yahoo
2025-10-24,ZQV26,97.0100,yahoo
2025-10-24,ZQV27,97.0150,yahoo
2025-10-24,ZQX26,97.0450,yahoo
2025-10-24,ZQX27,96.9950,yahoo
2025-10-24,ZQZ26,97.0700,yahoo
2025-10-24,ZQZ27,96.9750,yahoo
2025-10-27,ZQF27,97.0550,yahoo
2025-10-27,ZQF28,96.9250,yahoo
2025-10-27,ZQG27,97.0650,yahoo
2025-10-27,ZQG28,96.9100,yahoo
2025-10-27,ZQH27,97.0700,yahoo
2025-10-27,ZQJ27,97.0650,yahoo
2025-10-27,ZQK27,97.0400,yahoo
2025-10-27,ZQM27,97.0200,yahoo
2025-10-27,ZQN27,97.0250,yahoo
2025-10-27,ZQQ27,96.9850,yahoo
2025-10-27,ZQU26,96.9300,yahoo
2025-10-27,ZQU27,96.9850,yahoo
2025-10-27,ZQV26,96.9850,yahoo
2025-10-27,ZQV27,96.9800,yahoo
2025-10-27,ZQX26,97.0200,yahoo
2025-10-27,ZQX27,96.9600,yahoo
2025-10-27,ZQZ26,97.0400,yahoo
2025-10-27,ZQZ27,96.9400,yahoo
2025-10-28,ZQF27,97.0550,yahoo
2025-10-28,ZQF28,96.9250,yahoo
2025-10-28,ZQG27,97.0650,yahoo
2025-10-28,ZQG28,96.9100,yahoo
2025-10-28,ZQH27,97.0700,yahoo
2025-10-28,ZQJ27,97.0650,yahoo
2025-10-28,ZQK27,97.0400,yahoo
2025-10-28,ZQM27,97.0200,yahoo
2025-10-28,ZQN27,97.0250,yahoo
2025-10-28,ZQQ27,96.9850,yahoo
2025-10-28,ZQU26,96.9250,yahoo
2025-10-28,ZQU27,96.9850,yahoo
2025-10-28,ZQV26,96.9800,yahoo
2025-10-28,ZQV27,96.9800,yahoo
2025-10-28,ZQX26,97.0150,yahoo
2025-10-28,ZQX27,96.9600,yahoo
2025-10-28,ZQZ26,97.0350,yahoo
2025-10-28,ZQZ27,96.9400,yahoo
2025-10-29,ZQF27,96.9700,yahoo
2025-10-29,ZQF28,96.8500,yahoo
2025-10-29,ZQG27,96.9850,yahoo
2025-10-29,ZQG28,96.8350,yahoo
2025-10-29,ZQH27,96.9900,yahoo
2025-10-29,ZQJ27,96.9850,yahoo
2025-10-29,ZQK27,96.9600,yahoo
2025-10-29,ZQM27,96.9400,yahoo
2025-10-29,ZQN27,96.9500,yahoo
2025-10-29,ZQQ27,96.9100,yahoo
2025-10-29,ZQU26,96.8300,yahoo
2025-10-29,ZQU27,96.9100,yahoo
2025-10-29,ZQV26,96.8850,yahoo
2025-10-29,ZQV27,96.9050,yahoo
2025-10-29,ZQX26,96.9250,yahoo
2025-10-29,ZQX27,96.8850,yahoo
2025-10-29,ZQZ26,96.9500,yahoo
2025-10-29,ZQZ27,96.8650,yahoo
2025-10-30,ZQF27,96.9400,yahoo
2025-10-30,ZQF28,96.8300,yahoo
2025-10-30,ZQG27,96.9550,yahoo
2025-10-30,ZQG28,96.8150,yahoo
2025-10-30,ZQH27,96.9600,yahoo
2025-10-30,ZQJ27,96.9550,yahoo
2025-10-30,ZQK27,96.9350,yahoo
2025-10-30,ZQM27,96.9150,yahoo
2025-10-30,ZQN27,96.9250,yahoo
2025-10-30,ZQQ27,96.8900,yahoo
2025-10-30,ZQU26,96.7950,yahoo
2025-10-30,ZQU27,96.8900,yahoo
2025-10-30,ZQV26,96.8500,yahoo
2025-10-30,ZQV27,96.8850,yahoo
2025-10-30,ZQX26,96.8900,yahoo
2025-10-30,ZQX27,96.8650,yahoo
2025-10-30,ZQZ26,96.9200,yahoo
2025-10-30,ZQZ27,96.8450,yahoo
2025-10-31,ZQF27,96.9350,yahoo
2025-10-31,ZQF28,96.8250,yahoo
2025-10-31,ZQG27,96.9500,yahoo
2025-10-31,ZQG28,96.8100,yahoo
2025-10-31,ZQH27,96.9550,yahoo
2025-10-31,ZQJ27,96.9500,yahoo
2025-10-31,ZQK27,96.9300,yahoo
2025-10-31,ZQM27,96.9100,yahoo
2025-10-31,ZQN27,96.9200,yahoo
2025-10-31,ZQQ27,96.8850,yahoo
2025-10-31,ZQU26,96.7850,yahoo
2025-10-31,ZQU27,96.8850,yahoo
2025-10-31,ZQV26,96.8400,yahoo
2025-10-31,ZQV27,96.8800,yahoo
2025-10-31,ZQX26,96.8850,yahoo
2025-10-31,ZQX27,96.8600,yahoo
2025-10-31,ZQZ26,96.9150,yahoo
2025-10-31,ZQZ27,96.8400,yahoo
2025-11-03,ZQF27,96.9350,yahoo
2025-11-03,ZQF28,96.8350,yahoo
2025-11-03,ZQG27,96.9500,yahoo
2025-11-03,ZQG28,96.8200,yahoo
2025-11-03,ZQH27,96.9550,yahoo
2025-11-03,ZQJ27,96.9500,yahoo
2025-11-03,ZQK27,96.9400,yahoo
2025-11-03,ZQM27,96.9200,yahoo
2025-11-03,ZQN27,96.9300,yahoo
2025-11-03,ZQQ27,96.8950,yahoo
2025-11-03,ZQU26,96.7900,yahoo
2025-11-03,ZQU27,96.8950,yahoo
2025-11-03,ZQV26,96.8450,yahoo
2025-11-03,ZQV27,96.8900,yahoo
2025-11-03,ZQX26,96.8900,yahoo
2025-11-03,ZQX27,96.8700,yahoo
2025-11-03,ZQZ26,96.9200,yahoo
2025-11-03,ZQZ27,96.8500,yahoo
2025-11-04,ZQF27,96.9500,yahoo
2025-11-04,ZQF28,96.8550,yahoo
2025-11-04,ZQG27,96.9650,yahoo
2025-11-04,ZQG28,96.8400,yahoo
2025-11-04,ZQH27,96.9700,yahoo
2025-11-04,ZQJ27,96.9700,yahoo
2025-11-04,ZQK27,96.9600,yahoo
2025-11-04,ZQM27,96.9400,yahoo
2025-11-04,ZQN27,96.9500,yahoo
2025-11-04,ZQQ27,96.9150,yahoo
2025-11-04,ZQU26,96.8050,yahoo
2025-11-04,ZQU27,96.9150,yahoo
2025-11-04,ZQV26,96.8600,yahoo
2025-11-04,ZQV27,96.9100,yahoo
2025-11-04,ZQX26,96.9050,yahoo
2025-11-04,ZQX27,96.8900,yahoo
2025-11-04,ZQZ26,96.9350,yahoo
2025-11-04,ZQZ27,96.8700,yahoo
2025-11-05,ZQF27,96.8900,yahoo
2025-11-05,ZQF28,96.7950,yahoo
2025-11-05,ZQG27,96.9050,yahoo
2025-11-05,ZQG28,96.7800,yahoo
2025-11-05,ZQH27,96.9100,yahoo
2025-11-05,ZQJ27,96.9100,yahoo
2025-11-05,ZQK27,96.9000,yahoo
2025-11-05,ZQM27,96.8800,yahoo
2025-11-05,ZQN27,96.8900,yahoo
2025-11-05,ZQQ27,96.8550,yahoo
2025-11-05,ZQU26,96.7500,yahoo
2025-11-05,ZQU27,96.8550,yahoo
2025-11-05,ZQV26,96.8050,yahoo
2025-11-05,ZQV27,96.8500,yahoo
2025-11-05,ZQX26,96.8450,yahoo
2025-11-05,ZQX27,96.8300,yahoo
2025-11-05,ZQZ26,96.8750,yahoo
2025-11-05,ZQZ27,96.8100,yahoo
2025-11-06,ZQF27,96.9600,yahoo
2025-11-06,ZQF28,96.8650,yahoo
2025-11-06,ZQG27,96.9750,yahoo
2025-11-06,ZQG28,96.8500,yahoo
2025-11-06,ZQH27,96.9800,yahoo
2025-11-06,ZQJ27,96.9800,yahoo
2025-11-06,ZQK27,96.9700,yahoo
2025-11-06,ZQM27,96.9500,yahoo
2025-11-06,ZQN27,96.9600,yahoo
2025-11-06,ZQQ27,96.9250,yahoo
2025-11-06,ZQU26,96.8200,yahoo
2025-11-06,ZQU27,96.9250,yahoo
2025-11-06,ZQV26,96.8750,yahoo
2025-11-06,ZQV27,96.9200,yahoo
2025-11-06,ZQX26,96.9150,yahoo
2025-11-06,ZQX27,96.9000,yahoo
2025-11-06,ZQZ26,96.9450,yahoo
2025-11-06,ZQZ27,96.8800,yahoo
2025-11-07,ZQF27,96.9700,yahoo
2025-11-07,ZQF28,96.8750,yahoo
2025-11-07,ZQG27,96.9850,yahoo
2025-11-07,ZQG28,96.8600,yahoo
2025-11-07,ZQH27,96.9900,yahoo
2025-11-07,ZQJ27,96.9900,yahoo
2025-11-07,ZQK27,96.9800,yahoo
2025-11-07,ZQM27,96.9600,yahoo
2025-11-07,ZQN27,96.9700,yahoo
2025-11-07,ZQQ27,96.9350,yahoo
2025-11-07,ZQU26,96.8300,yahoo
2025-11-07,ZQU27,96.9350,yahoo
2025-11-07,ZQV26,96.8850,yahoo
2025-11-07,ZQV27,96.9300,yahoo
2025-11-07,ZQX26,96.9250,yahoo
2025-11-07,ZQX27,96.9100,yahoo
2025-11-07,ZQZ26,96.9550,yahoo
2025-11-07,ZQZ27,96.8900,yahoo
2025-11-10,ZQF27,96.9350,yahoo
2025-11-10,ZQF28,96.8500,yahoo
2025-11-10,ZQG27,96.9500,yahoo
2025-11-10,ZQG28,96.8350,yahoo
2025-11-10,ZQH27,96.9550,yahoo
2025-11-10,ZQJ27,96.9650,yahoo
2025-11-10,ZQK27,96.9550,yahoo
2025-11-10,ZQM27,96.9350,yahoo
2025-11-10,ZQN27,96.9450,yahoo
2025-11-10,ZQQ27,96.9100,yahoo
2025-11-10,ZQU26,96.7950,yahoo
2025-11-10,ZQU27,96.9100,yahoo
2025-11-10,ZQV26,96.8500,yahoo
2025-11-10,ZQV27,96.9050,yahoo
2025-11-10,ZQX26,96.8900,yahoo
2025-11-10,ZQX27,96.8850,yahoo
2025-11-10,ZQZ26,96.9200,yahoo
2025-11-10,ZQZ27,96.8650,yahoo
2025-11-11,ZQF27,96.9800,yahoo
2025-11-11,ZQF28,96.8900,yahoo
2025-11-11,ZQG27,96.9950,yahoo
2025-11-11,ZQG28,96.8750,yahoo
2025-11-11,ZQH27,96.9950,yahoo
2025-11-11,ZQJ27,97.0050,yahoo
2025-11-11,ZQK27,96.9950,yahoo
2025-11-11,ZQM27,96.9750,yahoo
2025-11-11,ZQN27,96.9850,yahoo
2025-11-11,ZQQ27,96.9500,yahoo
2025-11-11,ZQU26,96.8400,yahoo
2025-11-11,ZQU27,96.9500,yahoo
2025-11-11,ZQV26,96.8950,yahoo
2025-11-11,ZQV27,96.9450,yahoo
2025-11-11,ZQX26,96.9350,yahoo
2025-11-11,ZQX27,96.9250,yahoo
2025-11-11,ZQZ26,96.9650,yahoo
2025-11-11,ZQZ27,96.9050,yahoo
2025-11-12,ZQF27,96.9650,yahoo
2025-11-12,ZQF28,96.8750,yahoo
2025-11-12,ZQG27,96.9800,yahoo
2025-11-12,ZQG28,96.8600,yahoo
2025-11-12,ZQH27,96.9800,yahoo
2025-11-12,ZQJ27,96.9900,yahoo
2025-11-12,ZQK27,96.9800,yahoo
2025-11-12,ZQM27,96.9600,yahoo
2025-11-12,ZQN27,96.9700,yahoo
2025-11-12,ZQQ27,96.9350,yahoo
2025-11-12,ZQU26,96.8250,yahoo
2025-11-12,ZQU27,96.9350,yahoo
2025-11-12,ZQV26,96.8800,yahoo
2025-11-12,ZQV27,96.9300,yahoo
2025-11-12,ZQX26,96.9200,yahoo
2025-11-12,ZQX27,96.9100,yahoo
2025-11-12,ZQZ26,96.9500,yahoo
2025-11-12,ZQZ27,96.8900,yahoo
2025-11-13,ZQF27,96.9350,yahoo
2025-11-13,ZQF28,96.8500,yahoo
2025-11-13,ZQG27,96.9500,yahoo
2025-11-13,ZQG28,96.8350,yahoo
2025-11-13,ZQH27,96.9550,yahoo
2025-11-13,ZQJ27,96.9650,yahoo
2025-11-13,ZQK27,96.9550,yahoo
2025-11-13,ZQM27,96.9350,yahoo
2025-11-13,ZQN27,96.9450,yahoo
2025-11-13,ZQQ27,96.9100,yahoo
2025-11-13,ZQU26,96.7950,yahoo
2025-11-13,ZQU27,96.9100,yahoo
2025-11-13,ZQV26,96.8500,yahoo
2025-11-13,ZQV27,96.9050,yahoo
2025-11-13,ZQX26,96.8900,yahoo
2025-11-13,ZQX27,96.8850,yahoo
2025-11-13,ZQZ26,96.9200,yahoo
2025-11-13,ZQZ27,96.8650,yahoo
2025-11-14,ZQF27,96.9200,yahoo
2025-11-14,ZQF28,96.8350,yahoo
2025-11-14,ZQG27,96.9350,yahoo
2025-11-14,ZQG28,96.8200,yahoo
2025-11-14,ZQH27,96.9400,yahoo
2025-11-14,ZQJ27,96.9500,yahoo
2025-11-14,ZQK27,96.9400,yahoo
2025-11-14,ZQM27,96.9200,yahoo
2025-11-14,ZQN27,96.9300,yahoo
2025-11-14,ZQQ27,96.8950,yahoo
2025-11-14,ZQU26,96.7750,yahoo
2025-11-14,ZQU27,96.8950,yahoo
2025-11-14,ZQV26,96.8300,yahoo
2025-11-14,ZQV27,96.8900,yahoo
2025-11-14,ZQX26,96.8700,yahoo
2025-11-14,ZQX27,96.8700,yahoo
2025-11-14,ZQZ26,96.9000,yahoo
2025-11-14,ZQZ27,96.8500,yahoo
2025-11-17,ZQF27,96.9300,yahoo
2025-11-17,ZQF28,96.8450,yahoo
2025-11-17,ZQG27,96.9450,yahoo
2025-11-17,ZQG28,96.8300,yahoo
2025-11-17,ZQH27,96.9500,yahoo
2025-11-17,ZQJ27,96.9600,yahoo
2025-11-17,ZQK27,96.9500,yahoo
2025-11-17,ZQM27,96.9300,yahoo
2025-11-17,ZQN27,96.9400,yahoo
2025-11-17,ZQQ27,96.9050,yahoo
2025-11-17,ZQU26,96.7750,yahoo
2025-11-17,ZQU27,96.9050,yahoo
2025-11-17,ZQV26,96.8350,yahoo
2025-11-17,ZQV27,96.9000,yahoo
2025-11-17,ZQX26,96.8750,yahoo
2025-11-17,ZQX27,96.8800,yahoo
2025-11-17,ZQZ26,96.9100,yahoo
2025-11-17,ZQZ27,96.8600,yahoo
2025-11-18,ZQF27,96.9650,yahoo
2025-11-18,ZQF28,96.8800,yahoo
2025-11-18,ZQG27,96.9800,yahoo
2025-11-18,ZQG28,96.8650,yahoo
2025-11-18,ZQH27,96.9850,yahoo
2025-11-18,ZQJ27,96.9950,yahoo
2025-11-18,ZQK27,96.9850,yahoo
2025-11-18,ZQM27,96.9650,yahoo
2025-11-18,ZQN27,96.9750,yahoo
2025-11-18,ZQQ27,96.9400,yahoo
2025-11-18,ZQU26,96.8100,yahoo
2025-11-18,ZQU27,96.9400,yahoo
2025-11-18,ZQV26,96.8700,yahoo
2025-11-18,ZQV27,96.9350,yahoo
2025-11-18,ZQX26,96.9100,yahoo
2025-11-18,ZQX27,96.9150,yahoo
2025-11-18,ZQZ26,96.9450,yahoo
2025-11-18,ZQZ27,96.8950,yahoo
2025-11-19,ZQF27,96.9500,yahoo
2025-11-19,ZQF28,96.8650,yahoo
2025-11-19,ZQG27,96.9650,yahoo
2025-11-19,ZQG28,96.8500,yahoo
2025-11-19,ZQH27,96.9700,yahoo
2025-11-19,ZQJ27,96.9800,yahoo
2025-11-19,ZQK27,96.9700,yahoo
2025-11-19,ZQM27,96.9500,yahoo
2025-11-19,ZQN27,96.9600,yahoo
2025-11-19,ZQQ27,96.9250,yahoo
2025-11-19,ZQU26,96.7900,yahoo
2025-11-19,ZQU27,96.9250,yahoo
2025-11-19,ZQV26,96.8500,yahoo
2025-11-19,ZQV27,96.9200,yahoo
2025-11-19,ZQX26,96.8950,yahoo
2025-11-19,ZQX27,96.9000,yahoo
2025-11-19,ZQZ26,96.9300,yahoo
2025-11-19,ZQZ27,96.8800,yahoo
2025-11-20,ZQF27,97.0100,yahoo
2025-11-20,ZQF28,96.9250,yahoo
2025-11-20,ZQG27,97.0250,yahoo
2025-11-20,ZQG28,96.9100,yahoo
2025-11-20,ZQH27,97.0300,yahoo
2025-11-20,ZQJ27,97.0400,yahoo
2025-11-20,ZQK27,97.0300,yahoo
2025-11-20,ZQM27,97.0100,yahoo
2025-11-20,ZQN27,97.0200,yahoo
2025-11-20,ZQQ27,96.9850,yahoo
2025-11-20,ZQU26,96.8400,yahoo
2025-11-20,ZQU27,96.9850,yahoo
2025-11-20,ZQV26,96.9000,yahoo
2025-11-20,ZQV27,96.9800,yahoo
2025-11-20,ZQX26,96.9500,yahoo
2025-11-20,ZQX27,96.9600,yahoo
2025-11-20,ZQZ26,96.9900,yahoo
2025-11-20,ZQZ27,96.9400,yahoo
2025-11-21,ZQF27,97.0450,yahoo
2025-11-21,ZQF28,96.9600,yahoo
2025-11-21,ZQG27,97.0600,yahoo
2025-11-21,ZQG28,96.9450,yahoo
2025-11-21,ZQH27,97.0650,yahoo
2025-11-21,ZQJ27,97.0750,yahoo
2025-11-21,ZQK27,97.0650,yahoo
2025-11-21,ZQM27,97.0450,yahoo
2025-11-21,ZQN27,97.0550,yahoo
2025-11-21,ZQQ27,97.0200,yahoo
2025-11-21,ZQU26,96.8700,yahoo
2025-11-21,ZQU27,97.0200,yahoo
2025-11-21,ZQV26,96.9300,yahoo
2025-11-21,ZQV27,97.0150,yahoo
2025-11-21,ZQX26,96.9850,yahoo
2025-11-21,ZQX27,96.9950,yahoo
2025-11-21,ZQZ26,97.0250,yahoo
2025-11-21,ZQZ27,96.9750,yahoo
2025-11-24,ZQF27,97.0450,yahoo
2025-11-24,ZQF28,96.9400,yahoo
2025-11-24,ZQG27,97.0600,yahoo
2025-11-24,ZQG28,96.9250,yahoo
2025-11-24,ZQH27,97.0650,yahoo
2025-11-24,ZQJ27,97.0800,yahoo
2025-11-24,ZQK27,97.0700,yahoo
2025-11-24,ZQM27,97.0500,yahoo
2025-11-24,ZQN27,97.0300,yahoo
2025-11-24,ZQQ27,97.0000,yahoo
2025-11-24,ZQU26,96.8700,yahoo
2025-11-24,ZQU27,97.0000,yahoo
2025-11-24,ZQV26,96.9350,yahoo
2025-11-24,ZQV27,96.9950,yahoo
2025-11-24,ZQX26,96.9850,yahoo
2025-11-24,ZQX27,96.9750,yahoo
2025-11-24,ZQZ26,97.0250,yahoo
2025-11-24,ZQZ27,96.9550,yahoo
2025-11-25,ZQF27,97.0650,yahoo
2025-11-25,ZQF28,96.9600,yahoo
2025-11-25,ZQG27,97.0800,yahoo
2025-11-25,ZQG28,96.9450,yahoo
2025-11-25,ZQH27,97.0850,yahoo
2025-11-25,ZQJ27,97.1000,yahoo
2025-11-25,ZQK27,97.0900,yahoo
2025-11-25,ZQM27,97.0700,yahoo
2025-11-25,ZQN27,97.0500,yahoo
2025-11-25,ZQQ27,97.0200,yahoo
2025-11-25,ZQU26,96.8850,yahoo
2025-11-25,ZQU27,97.0200,yahoo
2025-11-25,ZQV26,96.9500,yahoo
2025-11-25,ZQV27,97.0150,yahoo
2025-11-25,ZQX26,97.0050,yahoo
2025-11-25,ZQX27,96.9950,yahoo
2025-11-25,ZQZ26,97.0450,yahoo
2025-11-25,ZQZ27,96.9750,yahoo
2025-11-26,ZQF27,97.0400,yahoo
2025-11-26,ZQF28,96.9400,yahoo
2025-11-26,ZQG27,97.0550,yahoo
2025-11-26,ZQG28,96.9250,yahoo
2025-11-26,ZQH27,97.0600,yahoo
2025-11-26,ZQJ27,97.0800,yahoo
2025-11-26,ZQK27,97.0700,yahoo
2025-11-26,ZQM27,97.0500,yahoo
2025-11-26,ZQN27,97.0300,yahoo
2025-11-26,ZQQ27,97.0000,yahoo
2025-11-26,ZQU26,96.8600,yahoo
2025-11-26,ZQU27,97.0000,yahoo
2025-11-26,ZQV26,96.9250,yahoo
2025-11-26,ZQV27,96.9950,yahoo
2025-11-26,ZQX26,96.9800,yahoo
2025-11-26,ZQX27,96.9750,yahoo
2025-11-26,ZQZ26,97.0200,yahoo
2025-11-26,ZQZ27,96.9550,yahoo
2025-11-28,ZQF27,97.0200,yahoo
2025-11-28,ZQF28,96.9500,yahoo
2025-11-28,ZQG27,97.0350,yahoo
2025-11-28,ZQG28,96.9350,yahoo
2025-11-28,ZQH27,97.0400,yahoo
2025-11-28,ZQJ27,97.0600,yahoo
2025-11-28,ZQK27,97.0500,yahoo
2025-11-28,ZQM27,97.0300,yahoo
2025-11-28,ZQN27,97.0100,yahoo
2025-11-28,ZQQ27,97.0100,yahoo
2025-11-28,ZQU26,96.8450,yahoo
2025-11-28,ZQU27,97.0100,yahoo
2025-11-28,ZQV26,96.9100,yahoo
2025-11-28,ZQV27,97.0050,yahoo
2025-11-28,ZQX26,96.9600,yahoo
2025-11-28,ZQX27,96.9850,yahoo
2025-11-28,ZQZ26,97.0000,yahoo
2025-11-28,ZQZ27,96.9650,yahoo
2025-12-01,ZQF27,96.9750,yahoo
2025-12-01,ZQF28,96.9050,yahoo
2025-12-01,ZQG27,96.9900,yahoo
2025-12-01,ZQG28,96.8900,yahoo
2025-12-01,ZQH27,96.9950,yahoo
2025-12-01,ZQJ27,97.0150,yahoo
2025-12-01,ZQK27,97.0050,yahoo
2025-12-01,ZQM27,96.9850,yahoo
2025-12-01,ZQN27,96.9650,yahoo
2025-12-01,ZQQ27,96.9650,yahoo
2025-12-01,ZQU26,96.8100,yahoo
2025-12-01,ZQU27,96.9650,yahoo
2025-12-01,ZQV26,96.8700,yahoo
2025-12-01,ZQV27,96.9600,yahoo
2025-12-01,ZQX26,96.9150,yahoo
2025-12-01,ZQX27,96.9400,yahoo
2025-12-01,ZQZ26,96.9550,yahoo
2025-12-01,ZQZ27,96.9200,yahoo
2025-12-02,ZQF27,96.9950,yahoo
2025-12-02,ZQF28,96.9200,yahoo
2025-12-02,ZQG27,97.0100,yahoo
2025-12-02,ZQG28,96.9050,yahoo
2025-12-02,ZQH27,97.0150,yahoo
2025-12-02,ZQJ27,97.0300,yahoo
2025-12-02,ZQK27,97.0200,yahoo
2025-12-02,ZQM27,97.0000,yahoo
2025-12-02,ZQN27,96.9800,yahoo
2025-12-02,ZQQ27,96.9800,yahoo
2025-12-02,ZQU26,96.8350,yahoo
2025-12-02,ZQU27,96.9800,yahoo
2025-12-02,ZQV26,96.8950,yahoo
2025-12-02,ZQV27,96.9750,yahoo
2025-12-02,ZQX26,96.9400,yahoo
2025-12-02,ZQX27,96.9550,yahoo
2025-12-02,ZQZ26,96.9800,yahoo
2025-12-02,ZQZ27,96.9350,yahoo
2025-12-03,ZQF27,97.0200,yahoo
2025-12-03,ZQF28,96.9450,yahoo
2025-12-03,ZQG27,97.0350,yahoo
2025-12-03,ZQG28,96.9300,yahoo
2025-12-03,ZQH27,97.0400,yahoo
2025-12-03,ZQJ27,97.0550,yahoo
2025-12-03,ZQK27,97.0450,yahoo
2025-12-03,ZQM27,97.0250,yahoo
2025-12-03,ZQN27,97.0050,yahoo
2025-12-03,ZQQ27,97.0050,yahoo
2025-12-03,ZQU26,96.8650,yahoo
2025-12-03,ZQU27,97.0050,yahoo
2025-12-03,ZQV26,96.9200,yahoo
2025-12-03,ZQV27,97.0000,yahoo
2025-12-03,ZQX26,96.9650,yahoo
2025-12-03,ZQX27,96.9800,yahoo
2025-12-03,ZQZ26,97.0050,yahoo
2025-12-03,ZQZ27,96.9600,yahoo
2025-12-04,ZQF27,96.9600,yahoo
2025-12-04,ZQF28,96.9300,yahoo
2025-12-04,ZQG27,96.9750,yahoo
2025-12-04,ZQG28,96.9150,yahoo
2025-12-04,ZQH27,96.9800,yahoo
2025-12-04,ZQJ27,96.9950,yahoo
2025-12-04,ZQK27,96.9900,yahoo
2025-12-04,ZQM27,97.0000,yahoo
2025-12-04,ZQN27,96.9900,yahoo
2025-12-04,ZQQ27,96.9900,yahoo
2025-12-04,ZQU26,96.8150,yahoo
2025-12-04,ZQU27,96.9900,yahoo
2025-12-04,ZQV26,96.8700,yahoo
2025-12-04,ZQV27,96.9850,yahoo
2025-12-04,ZQX26,96.9100,yahoo
2025-12-04,ZQX27,96.9650,yahoo
2025-12-04,ZQZ26,96.9450,yahoo
2025-12-04,ZQZ27,96.9450,yahoo
2025-12-05,ZQF27,96.9250,yahoo
2025-12-05,ZQF28,96.8850,yahoo
2025-12-05,ZQG27,96.9350,yahoo
2025-12-05,ZQG28,96.8700,yahoo
2025-12-05,ZQH27,96.9400,yahoo
2025-12-05,ZQJ27,96.9550,yahoo
2025-12-05,ZQK27,96.9450,yahoo
2025-12-05,ZQM27,96.9550,yahoo
2025-12-05,ZQN27,96.9450,yahoo
2025-12-05,ZQQ27,96.9450,yahoo
2025-12-05,ZQU26,96.7850,yahoo
2025-12-05,ZQU27,96.9450,yahoo
2025-12-05,ZQV26,96.8350,yahoo
2025-12-05,ZQV27,96.9400,yahoo
2025-12-05,ZQX26,96.8750,yahoo
2025-12-05,ZQX27,96.9200,yahoo
2025-12-05,ZQZ26,96.9100,yahoo
2025-12-05,ZQZ27,96.9000,yahoo
2025-12-08,ZQF27,96.8900,yahoo
2025-12-08,ZQF28,96.8450,yahoo
2025-12-08,ZQG27,96.8950,yahoo
2025-12-08,ZQG28,96.8300,yahoo
2025-12-08,ZQH27,96.9000,yahoo
2025-12-08,ZQJ27,96.9150,yahoo
2025-12-08,ZQK27,96.9050,yahoo
2025-12-08,ZQM27,96.9150,yahoo
2025-12-08,ZQN27,96.9050,yahoo
2025-12-08,ZQQ27,96.9050,yahoo
2025-12-08,ZQU26,96.7650,yahoo
2025-12-08,ZQU27,96.9050,yahoo
2025-12-08,ZQV26,96.8100,yahoo
2025-12-08,ZQV27,96.9000,yahoo
2025-12-08,ZQX26,96.8450,yahoo
2025-12-08,ZQX27,96.8800,yahoo
2025-12-08,ZQZ26,96.8750,yahoo
2025-12-08,ZQZ27,96.8600,yahoo
2025-12-09,ZQF27,96.8500,yahoo
2025-12-09,ZQF28,96.7950,yahoo
2025-12-09,ZQG27,96.8550,yahoo
2025-12-09,ZQG28,96.7800,yahoo
2025-12-09,ZQH27,96.8600,yahoo
2025-12-09,ZQJ27,96.8650,yahoo
2025-12-09,ZQK27,96.8550,yahoo
2025-12-09,ZQM27,96.8650,yahoo
2025-12-09,ZQN27,96.8550,yahoo
2025-12-09,ZQQ27,96.8550,yahoo
2025-12-09,ZQU26,96.7300,yahoo
2025-12-09,ZQU27,96.8550,yahoo
2025-12-09,ZQV26,96.7750,yahoo
2025-12-09,ZQV27,96.8500,yahoo
2025-12-09,ZQX26,96.8100,yahoo
2025-12-09,ZQX27,96.8300,yahoo
2025-12-09,ZQZ26,96.8400,yahoo
2025-12-09,ZQZ27,96.8100,yahoo
2025-12-10,ZQF27,96.8850,yahoo
2025-12-10,ZQF28,96.8100,yahoo
2025-12-10,ZQG27,96.8800,yahoo
2025-12-10,ZQG28,96.7950,yahoo
2025-12-10,ZQH27,96.8800,yahoo
2025-12-10,ZQJ27,96.8850,yahoo
2025-12-10,ZQK27,96.8750,yahoo
2025-12-10,ZQM27,96.8850,yahoo
2025-12-10,ZQN27,96.8750,yahoo
2025-12-10,ZQQ27,96.8700,yahoo
2025-12-10,ZQU26,96.7700,yahoo
2025-12-10,ZQU27,96.8700,yahoo
2025-12-10,ZQV26,96.8150,yahoo
2025-12-10,ZQV27,96.8650,yahoo
2025-12-10,ZQX26,96.8450,yahoo
2025-12-10,ZQX27,96.8450,yahoo
2025-12-10,ZQZ26,96.8750,yahoo
2025-12-10,ZQZ27,96.8250,yahoo
2025-12-11,ZQF27,96.9100,yahoo
2025-12-11,ZQF28,96.8400,yahoo
2025-12-11,ZQG27,96.9050,yahoo
2025-12-11,ZQG28,96.8250,yahoo
2025-12-11,ZQH27,96.9100,yahoo
2025-12-11,ZQJ27,96.9150,yahoo
2025-12-11,ZQK27,96.9050,yahoo
2025-12-11,ZQM27,96.9150,yahoo
2025-12-11,ZQN27,96.9050,yahoo
2025-12-11,ZQQ27,96.9000,yahoo
2025-12-11,ZQU26,96.7900,yahoo
2025-12-11,ZQU27,96.9000,yahoo
2025-12-11,ZQV26,96.8400,yahoo
2025-12-11,ZQV27,96.8950,yahoo
2025-12-11,ZQX26,96.8700,yahoo
2025-12-11,ZQX27,96.8750,yahoo
2025-12-11,ZQZ26,96.9000,yahoo
2025-12-11,ZQZ27,96.8550,yahoo
2025-12-12,ZQF27,96.9050,yahoo
2025-12-12,ZQF28,96.8300,yahoo
2025-12-12,ZQG27,96.9000,yahoo
2025-12-12,ZQG28,96.8150,yahoo
2025-12-12,ZQH27,96.9050,yahoo
2025-12-12,ZQJ27,96.9050,yahoo
2025-12-12,ZQK27,96.8950,yahoo
2025-12-12,ZQM27,96.9050,yahoo
2025-12-12,ZQN27,96.8950,yahoo
2025-12-12,ZQQ27,96.8900,yahoo
2025-12-12,ZQU26,96.7950,yahoo
2025-12-12,ZQU27,96.8900,yahoo
2025-12-12,ZQV26,96.8400,yahoo
2025-12-12,ZQV27,96.8850,yahoo
2025-12-12,ZQX26,96.8700,yahoo
2025-12-12,ZQX27,96.8650,yahoo
2025-12-12,ZQZ26,96.8950,yahoo
2025-12-12,ZQZ27,96.8450,yahoo
2025-12-15,ZQF27,96.9300,yahoo
2025-12-15,ZQF28,96.8550,yahoo
2025-12-15,ZQG27,96.9250,yahoo
2025-12-15,ZQG28,96.8400,yahoo
2025-12-15,ZQH27,96.9300,yahoo
2025-12-15,ZQJ27,96.9300,yahoo
2025-12-15,ZQK27,96.9200,yahoo
2025-12-15,ZQM27,96.9300,yahoo
2025-12-15,ZQN27,96.9200,yahoo
2025-12-15,ZQQ27,96.9150,yahoo
2025-12-15,ZQU26,96.8150,yahoo
2025-12-15,ZQU27,96.9150,yahoo
2025-12-15,ZQV26,96.8650,yahoo
2025-12-15,ZQV27,96.9100,yahoo
2025-12-15,ZQX26,96.8950,yahoo
2025-12-15,ZQX27,96.8900,yahoo
2025-12-15,ZQZ26,96.9200,yahoo
2025-12-15,ZQZ27,96.8700,yahoo
2025-12-16,ZQF27,96.9550,yahoo
2025-12-16,ZQF28,96.8850,yahoo
2025-12-16,ZQG27,96.9500,yahoo
2025-12-16,ZQG28,96.8700,yahoo
2025-12-16,ZQH27,96.9550,yahoo
2025-12-16,ZQJ27,96.9600,yahoo
2025-12-16,ZQK27,96.9500,yahoo
2025-12-16,ZQM27,96.9600,yahoo
2025-12-16,ZQN27,96.9500,yahoo
2025-12-16,ZQQ27,96.9450,yahoo
2025-12-16,ZQU26,96.8300,yahoo
2025-12-16,ZQU27,96.9450,yahoo
2025-12-16,ZQV26,96.8800,yahoo
2025-12-16,ZQV27,96.9400,yahoo
2025-12-16,ZQX26,96.9150,yahoo
2025-12-16,ZQX27,96.9200,yahoo
2025-12-16,ZQZ26,96.9450,yahoo
2025-12-16,ZQZ27,96.9000,yahoo
2025-12-17,ZQF27,96.9550,yahoo
2025-12-17,ZQF28,96.8850,yahoo
2025-12-17,ZQG27,96.9500,yahoo
2025-12-17,ZQG28,96.8700,yahoo
2025-12-17,ZQH27,96.9550,yahoo
2025-12-17,ZQJ27,96.9600,yahoo
2025-12-17,ZQK27,96.9500,yahoo
2025-12-17,ZQM27,96.9600,yahoo
2025-12-17,ZQN27,96.9500,yahoo
2025-12-17,ZQQ27,96.9450,yahoo
2025-12-17,ZQU26,96.8250,yahoo
2025-12-17,ZQU27,96.9450,yahoo
2025-12-17,ZQV26,96.8800,yahoo
2025-12-17,ZQV27,96.9400,yahoo
2025-12-17,ZQX26,96.9150,yahoo
2025-12-17,ZQX27,96.9200,yahoo
2025-12-17,ZQZ26,96.9450,yahoo
2025-12-17,ZQZ27,96.9000,yahoo
2025-12-18,ZQF27,96.9750,yahoo
2025-12-18,ZQF28,96.9050,yahoo
2025-12-18,ZQG27,96.9700,yahoo
2025-12-18,ZQG28,96.8900,yahoo
2025-12-18,ZQH27,96.9750,yahoo
2025-12-18,ZQJ27,96.9800,yahoo
2025-12-18,ZQK27,96.9700,yahoo
2025-12-18,ZQM27,96.9800,yahoo
2025-12-18,ZQN27,96.9700,yahoo
2025-12-18,ZQQ27,96.9650,yahoo
2025-12-18,ZQU26,96.8450,yahoo
2025-12-18,ZQU27,96.9650,yahoo
2025-12-18,ZQV26,96.9000,yahoo
2025-12-18,ZQV27,96.9600,yahoo
2025-12-18,ZQX26,96.9350,yahoo
2025-12-18,ZQX27,96.9400,yahoo
2025-12-18,ZQZ26,96.9650,yahoo
2025-12-18,ZQZ27,96.9200,yahoo
2025-12-19,ZQF27,96.9550,yahoo
2025-12-19,ZQF28,96.9050,yahoo
2025-12-19,ZQG27,96.9550,yahoo
2025-12-19,ZQG28,96.8900,yahoo
2025-12-19,ZQH27,96.9600,yahoo
2025-12-19,ZQJ27,96.9600,yahoo
2025-12-19,ZQK27,96.9500,yahoo
2025-12-19,ZQM27,96.9600,yahoo
2025-12-19,ZQN27,96.9500,yahoo
2025-12-19,ZQQ27,96.9400,yahoo
2025-12-19,ZQU26,96.8300,yahoo
2025-12-19,ZQU27,96.9400,yahoo
2025-12-19,ZQV26,96.8800,yahoo
2025-12-19,ZQV27,96.9350,yahoo
2025-12-19,ZQX26,96.9150,yahoo
2025-12-19,ZQX27,96.9150,yahoo
2025-12-19,ZQZ26,96.9450,yahoo
2025-12-19,ZQZ27,96.8950,yahoo
2025-12-22,ZQF27,96.9350,yahoo
2025-12-22,ZQF28,96.9050,yahoo
2025-12-22,ZQG27,96.9350,yahoo
2025-12-22,ZQG28,96.8900,yahoo
2025-12-22,ZQH27,96.9400,yahoo
2025-12-22,ZQJ27,96.9400,yahoo
2025-12-22,ZQK27,96.9300,yahoo
2025-12-22,ZQM27,96.9350,yahoo
2025-12-22,ZQN27,96.9250,yahoo
2025-12-22,ZQQ27,96.9150,yahoo
2025-12-22,ZQU26,96.8100,yahoo
2025-12-22,ZQU27,96.9150,yahoo
2025-12-22,ZQV26,96.8600,yahoo
2025-12-22,ZQV27,96.9100,yahoo
2025-12-22,ZQX26,96.8950,yahoo
2025-12-22,ZQX27,96.8900,yahoo
2025-12-22,ZQZ26,96.9250,yahoo
2025-12-22,ZQZ27,96.8700,yahoo
2025-12-23,ZQF27,96.9000,yahoo
2025-12-23,ZQF28,96.9050,yahoo
2025-12-23,ZQG27,96.8950,yahoo
2025-12-23,ZQG28,96.8900,yahoo
2025-12-23,ZQH27,96.9000,yahoo
2025-12-23,ZQJ27,96.9000,yahoo
2025-12-23,ZQK27,96.8900,yahoo
2025-12-23,ZQM27,96.8850,yahoo
2025-12-23,ZQN27,96.8750,yahoo
2025-12-23,ZQQ27,96.8650,yahoo
2025-12-23,ZQU26,96.7800,yahoo
2025-12-23,ZQU27,96.8650,yahoo
2025-12-23,ZQV26,96.8300,yahoo
2025-12-23,ZQV27,96.8600,yahoo
2025-12-23,ZQX26,96.8650,yahoo
2025-12-23,ZQX27,96.8400,yahoo
2025-12-23,ZQZ26,96.8900,yahoo
2025-12-23,ZQZ27,96.8250,yahoo
2025-12-24,ZQF27,96.9150,yahoo
2025-12-24,ZQF28,96.9050,yahoo
2025-12-24,ZQG27,96.9100,yahoo
2025-12-24,ZQG28,96.8900,yahoo
2025-12-24,ZQH27,96.9150,yahoo
2025-12-24,ZQJ27,96.9150,yahoo
2025-12-24,ZQK27,96.9050,yahoo
2025-12-24,ZQM27,96.8850,yahoo
2025-12-24,ZQN27,96.8750,yahoo
2025-12-24,ZQQ27,96.8650,yahoo
2025-12-24,ZQU26,96.7950,yahoo
2025-12-24,ZQU27,96.8650,yahoo
2025-12-24,ZQV26,96.8450,yahoo
2025-12-24,ZQV27,96.8600,yahoo
2025-12-24,ZQX26,96.8800,yahoo
2025-12-24,ZQX27,96.8400,yahoo
2025-12-24,ZQZ26,96.9050,yahoo
2025-12-24,ZQZ27,96.8250,yahoo
2025-12-26,ZQF27,96.9400,yahoo
2025-12-26,ZQF28,96.9300,yahoo
2025-12-26,ZQG27,96.9350,yahoo
2025-12-26,ZQG28,96.9150,yahoo
2025-12-26,ZQH27,96.9400,yahoo
2025-12-26,ZQJ27,96.9400,yahoo
2025-12-26,ZQK27,96.9300,yahoo
2025-12-26,ZQM27,96.9100,yahoo
2025-12-26,ZQN27,96.9000,yahoo
2025-12-26,ZQQ27,96.8900,yahoo
2025-12-26,ZQU26,96.8200,yahoo
2025-12-26,ZQU27,96.8900,yahoo
2025-12-26,ZQV26,96.8700,yahoo
2025-12-26,ZQV27,96.8850,yahoo
2025-12-26,ZQX26,96.9050,yahoo
2025-12-26,ZQX27,96.8650,yahoo
2025-12-26,ZQZ26,96.9300,yahoo
2025-12-26,ZQZ27,96.8500,yahoo
2025-12-29,ZQF27,96.9650,yahoo
2025-12-29,ZQF28,96.9800,yahoo
2025-12-29,ZQG27,96.9650,yahoo
2025-12-29,ZQG28,96.9650,yahoo
2025-12-29,ZQH27,96.9700,yahoo
2025-12-29,ZQJ27,96.9700,yahoo
2025-12-29,ZQK27,96.9600,yahoo
2025-12-29,ZQM27,96.9400,yahoo
2025-12-29,ZQN27,96.9500,yahoo
2025-12-29,ZQQ27,96.9400,yahoo
2025-12-29,ZQU26,96.8400,yahoo
2025-12-29,ZQU27,96.9400,yahoo
2025-12-29,ZQV26,96.8900,yahoo
2025-12-29,ZQV27,96.9350,yahoo
2025-12-29,ZQX26,96.9300,yahoo
2025-12-29,ZQX27,96.9150,yahoo
2025-12-29,ZQZ26,96.9550,yahoo
2025-12-29,ZQZ27,96.9000,yahoo
2025-12-30,ZQF27,96.9650,yahoo
2025-12-30,ZQF28,96.9800,yahoo
2025-12-30,ZQG27,96.9650,yahoo
2025-12-30,ZQG28,96.9650,yahoo
2025-12-30,ZQH27,96.9700,yahoo
2025-12-30,ZQJ27,96.9700,yahoo
2025-12-30,ZQK27,96.9600,yahoo
2025-12-30,ZQM27,96.9400,yahoo
2025-12-30,ZQN27,96.9500,yahoo
2025-12-30,ZQQ27,96.9400,yahoo
2025-12-30,ZQU26,96.8350,yahoo
2025-12-30,ZQU27,96.9400,yahoo
2025-12-30,ZQV26,96.8850,yahoo
2025-12-30,ZQV27,96.9350,yahoo
2025-12-30,ZQX26,96.9250,yahoo
2025-12-30,ZQX27,96.9150,yahoo
2025-12-30,ZQZ26,96.9550,yahoo
2025-12-30,ZQZ27,96.9000,yahoo
2025-12-31,ZQF27,96.9500,yahoo
2025-12-31,ZQF28,96.9650,yahoo
2025-12-31,ZQG27,96.9500,yahoo
2025-12-31,ZQG28,96.9500,yahoo
2025-12-31,ZQH27,96.9550,yahoo
2025-12-31,ZQJ27,96.9550,yahoo
2025-12-31,ZQK27,96.9450,yahoo
2025-12-31,ZQM27,96.9250,yahoo
2025-12-31,ZQN27,96.9350,yahoo
2025-12-31,ZQQ27,96.9250,yahoo
2025-12-31,ZQU26,96.8200,yahoo
2025-12-31,ZQU27,96.9250,yahoo
2025-12-31,ZQV26,96.8700,yahoo
2025-12-31,ZQV27,96.9200,yahoo
2025-12-31,ZQX26,96.9100,yahoo
2025-12-31,ZQX27,96.9000,yahoo
2025-12-31,ZQZ26,96.9400,yahoo
2025-12-31,ZQZ27,96.8850,yahoo
2026-01-02,ZQF27,96.9400,yahoo
2026-01-02,ZQF28,96.9500,yahoo
2026-01-02,ZQG27,96.9400,yahoo
2026-01-02,ZQG28,96.9350,yahoo
2026-01-02,ZQH27,96.9450,yahoo
2026-01-02,ZQJ27,96.9400,yahoo
2026-01-02,ZQK27,96.9300,yahoo
2026-01-02,ZQM27,96.9100,yahoo
2026-01-02,ZQN27,96.9200,yahoo
2026-01-02,ZQQ27,96.9100,yahoo
2026-01-02,ZQU26,96.8150,yahoo
2026-01-02,ZQU27,96.9100,yahoo
2026-01-02,ZQV26,96.8650,yahoo
2026-01-02,ZQV27,96.9050,yahoo
2026-01-02,ZQX26,96.9050,yahoo
2026-01-02,ZQX27,96.8850,yahoo
2026-01-02,ZQZ26,96.9300,yahoo
2026-01-02,ZQZ27,96.8700,yahoo
2026-01-05,ZQF27,96.9600,yahoo
2026-01-05,ZQF28,96.9700,yahoo
2026-01-05,ZQG27,96.9600,yahoo
2026-01-05,ZQG28,96.9550,yahoo
2026-01-05,ZQH27,96.9650,yahoo
2026-01-05,ZQJ27,96.9600,yahoo
2026-01-05,ZQK27,96.9500,yahoo
2026-01-05,ZQM27,96.9300,yahoo
2026-01-05,ZQN27,96.9400,yahoo
2026-01-05,ZQQ27,96.9300,yahoo
2026-01-05,ZQU26,96.8250,yahoo
2026-01-05,ZQU27,96.9300,yahoo
2026-01-05,ZQV26,96.8800,yahoo
2026-01-05,ZQV27,96.9250,yahoo
2026-01-05,ZQX26,96.9200,yahoo
2026-01-05,ZQX27,96.9050,yahoo
2026-01-05,ZQZ26,96.9500,yahoo
2026-01-05,ZQZ27,96.8900,yahoo
2026-01-06,ZQF27,96.9350,yahoo
2026-01-06,ZQF28,96.9500,yahoo
2026-01-06,ZQG27,96.9350,yahoo
2026-01-06,ZQG28,96.9350,yahoo
2026-01-06,ZQH27,96.9400,yahoo
2026-01-06,ZQJ27,96.9400,yahoo
2026-01-06,ZQK27,96.9300,yahoo
2026-01-06,ZQM27,96.9100,yahoo
2026-01-06,ZQN27,96.9200,yahoo
2026-01-06,ZQQ27,96.9100,yahoo
2026-01-06,ZQU26,96.7950,yahoo
2026-01-06,ZQU27,96.9100,yahoo
2026-01-06,ZQV26,96.8500,yahoo
2026-01-06,ZQV27,96.9050,yahoo
2026-01-06,ZQX26,96.8900,yahoo
2026-01-06,ZQX27,96.8850,yahoo
2026-01-06,ZQZ26,96.9200,yahoo
2026-01-06,ZQZ27,96.8700,yahoo
2026-01-07,ZQF27,96.9550,yahoo
2026-01-07,ZQF28,96.9750,yahoo
2026-01-07,ZQG27,96.9600,yahoo
2026-01-07,ZQG28,96.9600,yahoo
2026-01-07,ZQH27,96.9650,yahoo
2026-01-07,ZQJ27,96.9650,yahoo
2026-01-07,ZQK27,96.9550,yahoo
2026-01-07,ZQM27,96.9350,yahoo
2026-01-07,ZQN27,96.9450,yahoo
2026-01-07,ZQQ27,96.9350,yahoo
2026-01-07,ZQU26,96.8000,yahoo
2026-01-07,ZQU27,96.9350,yahoo
2026-01-07,ZQV26,96.8550,yahoo
2026-01-07,ZQV27,96.9300,yahoo
2026-01-07,ZQX26,96.9000,yahoo
2026-01-07,ZQX27,96.9100,yahoo
2026-01-07,ZQZ26,96.9400,yahoo
2026-01-07,ZQZ27,96.8950,yahoo
2026-01-08,ZQF27,96.9300,yahoo
2026-01-08,ZQF28,96.9500,yahoo
2026-01-08,ZQG27,96.9350,yahoo
2026-01-08,ZQG28,96.9350,yahoo
2026-01-08,ZQH27,96.9400,yahoo
2026-01-08,ZQJ27,96.9400,yahoo
2026-01-08,ZQK27,96.9300,yahoo
2026-01-08,ZQM27,96.9100,yahoo
2026-01-08,ZQN27,96.9200,yahoo
2026-01-08,ZQQ27,96.9100,yahoo
2026-01-08,ZQU26,96.7850,yahoo
2026-01-08,ZQU27,96.9100,yahoo
2026-01-08,ZQV26,96.8400,yahoo
2026-01-08,ZQV27,96.9050,yahoo
2026-01-08,ZQX26,96.8800,yahoo
2026-01-08,ZQX27,96.8850,yahoo
2026-01-08,ZQZ26,96.9150,yahoo
2026-01-08,ZQZ27,96.8700,yahoo
2026-01-09,ZQF27,96.8700,yahoo
2026-01-09,ZQF28,96.9000,yahoo
2026-01-09,ZQG27,96.8750,yahoo
2026-01-09,ZQG28,96.8850,yahoo
2026-01-09,ZQH27,96.8800,yahoo
2026-01-09,ZQJ27,96.8800,yahoo
2026-01-09,ZQK27,96.8750,yahoo
2026-01-09,ZQM27,96.8700,yahoo
2026-01-09,ZQN27,96.8700,yahoo
2026-01-09,ZQQ27,96.8600,yahoo
2026-01-09,ZQU26,96.7250,yahoo
2026-01-09,ZQU27,96.8600,yahoo
2026-01-09,ZQV26,96.7800,yahoo
2026-01-09,ZQV27,96.8550,yahoo
2026-01-09,ZQX26,96.8200,yahoo
2026-01-09,ZQX27,96.8350,yahoo
2026-01-09,ZQZ26,96.8550,yahoo
2026-01-09,ZQZ27,96.8200,yahoo
2026-01-12,ZQF27,96.8700,yahoo
2026-01-12,ZQF28,96.8950,yahoo
2026-01-12,ZQG27,96.8750,yahoo
2026-01-12,ZQG28,96.8800,yahoo
2026-01-12,ZQH27,96.8800,yahoo
2026-01-12,ZQJ27,96.8750,yahoo
2026-01-12,ZQK27,96.8700,yahoo
2026-01-12,ZQM27,96.8700,yahoo
2026-01-12,ZQN27,96.8650,yahoo
2026-01-12,ZQQ27,96.8550,yahoo
2026-01-12,ZQU26,96.7100,yahoo
2026-01-12,ZQU27,96.8550,yahoo
2026-01-12,ZQV26,96.7700,yahoo
2026-01-12,ZQV27,96.8500,yahoo
2026-01-12,ZQX26,96.8150,yahoo
2026-01-12,ZQX27,96.8300,yahoo
2026-01-12,ZQZ26,96.8550,yahoo
2026-01-12,ZQZ27,96.8150,yahoo
2026-01-13,ZQF27,96.8950,yahoo
2026-01-13,ZQF28,96.9250,yahoo
2026-01-13,ZQG27,96.9000,yahoo
2026-01-13,ZQG28,96.9100,yahoo
2026-01-13,ZQH27,96.9050,yahoo
2026-01-13,ZQJ27,96.9050,yahoo
2026-01-13,ZQK27,96.9000,yahoo
2026-01-13,ZQM27,96.9000,yahoo
2026-01-13,ZQN27,96.8950,yahoo
2026-01-13,ZQQ27,96.8850,yahoo
2026-01-13,ZQU26,96.7250,yahoo
2026-01-13,ZQU27,96.8850,yahoo
2026-01-13,ZQV26,96.7850,yahoo
2026-01-13,ZQV27,96.8800,yahoo
2026-01-13,ZQX26,96.8350,yahoo
2026-01-13,ZQX27,96.8600,yahoo
2026-01-13,ZQZ26,96.8800,yahoo
2026-01-13,ZQZ27,96.8450,yahoo
2026-01-14,ZQF27,96.9100,yahoo
2026-01-14,ZQF28,96.9450,yahoo
2026-01-14,ZQG27,96.9150,yahoo
2026-01-14,ZQG28,96.9300,yahoo
2026-01-14,ZQH27,96.9200,yahoo
2026-01-14,ZQJ27,96.9250,yahoo
2026-01-14,ZQK27,96.9200,yahoo
2026-01-14,ZQM27,96.9200,yahoo
2026-01-14,ZQN27,96.9150,yahoo
2026-01-14,ZQQ27,96.9050,yahoo
2026-01-14,ZQU26,96.7350,yahoo
2026-01-14,ZQU27,96.9050,yahoo
2026-01-14,ZQV26,96.8000,yahoo
2026-01-14,ZQV27,96.9000,yahoo
2026-01-14,ZQX26,96.8500,yahoo
2026-01-14,ZQX27,96.8800,yahoo
2026-01-14,ZQZ26,96.8950,yahoo
2026-01-14,ZQZ27,96.8650,yahoo
2026-01-15,ZQF27,96.8350,yahoo
2026-01-15,ZQF28,96.9200,yahoo
2026-01-15,ZQG27,96.8400,yahoo
2026-01-15,ZQG28,96.9050,yahoo
2026-01-15,ZQH27,96.8450,yahoo
2026-01-15,ZQJ27,96.8500,yahoo
2026-01-15,ZQK27,96.8400,yahoo
2026-01-15,ZQM27,96.8400,yahoo
2026-01-15,ZQN27,96.8400,yahoo
2026-01-15,ZQQ27,96.8300,yahoo
2026-01-15,ZQU26,96.6750,yahoo
2026-01-15,ZQU27,96.8300,yahoo
2026-01-15,ZQV26,96.7350,yahoo
2026-01-15,ZQV27,96.8250,yahoo
2026-01-15,ZQX26,96.7800,yahoo
2026-01-15,ZQX27,96.8050,yahoo
2026-01-15,ZQZ26,96.8200,yahoo
2026-01-15,ZQZ27,96.8400,yahoo
2026-01-16,ZQF27,96.8100,yahoo
2026-01-16,ZQF28,96.8850,yahoo
2026-01-16,ZQG27,96.8100,yahoo
2026-01-16,ZQG28,96.8700,yahoo
2026-01-16,ZQH27,96.8150,yahoo
2026-01-16,ZQJ27,96.8150,yahoo
2026-01-16,ZQK27,96.8050,yahoo
2026-01-16,ZQM27,96.8050,yahoo
2026-01-16,ZQN27,96.8050,yahoo
2026-01-16,ZQQ27,96.7950,yahoo
2026-01-16,ZQU26,96.6650,yahoo
2026-01-16,ZQU27,96.7950,yahoo
2026-01-16,ZQV26,96.7200,yahoo
2026-01-16,ZQV27,96.7900,yahoo
2026-01-16,ZQX26,96.7600,yahoo
2026-01-16,ZQX27,96.7700,yahoo
2026-01-16,ZQZ26,96.7950,yahoo
2026-01-16,ZQZ27,96.8050,yahoo
2026-01-20,ZQF27,96.8250,yahoo
2026-01-20,ZQF28,96.8700,yahoo
2026-01-20,ZQG27,96.8250,yahoo
2026-01-20,ZQG28,96.8550,yahoo
2026-01-20,ZQH27,96.8250,yahoo
2026-01-20,ZQJ27,96.8200,yahoo
2026-01-20,ZQK27,96.8100,yahoo
2026-01-20,ZQM27,96.8100,yahoo
2026-01-20,ZQN27,96.8000,yahoo
2026-01-20,ZQQ27,96.7800,yahoo
2026-01-20,ZQU26,96.6800,yahoo
2026-01-20,ZQU27,96.7800,yahoo
2026-01-20,ZQV26,96.7350,yahoo
2026-01-20,ZQV27,96.7750,yahoo
2026-01-20,ZQX26,96.7750,yahoo
2026-01-20,ZQX27,96.7550,yahoo
2026-01-20,ZQZ26,96.8150,yahoo
2026-01-20,ZQZ27,96.7900,yahoo
2026-01-21,ZQF27,96.8050,yahoo
2026-01-21,ZQF28,96.8500,yahoo
2026-01-21,ZQG27,96.8050,yahoo
2026-01-21,ZQG28,96.8350,yahoo
2026-01-21,ZQH27,96.8050,yahoo
2026-01-21,ZQJ27,96.8000,yahoo
2026-01-21,ZQK27,96.7900,yahoo
2026-01-21,ZQM27,96.7900,yahoo
2026-01-21,ZQN27,96.7800,yahoo
2026-01-21,ZQQ27,96.7600,yahoo
2026-01-21,ZQU26,96.6600,yahoo
2026-01-21,ZQU27,96.7600,yahoo
2026-01-21,ZQV26,96.7150,yahoo
2026-01-21,ZQV27,96.7550,yahoo
2026-01-21,ZQX26,96.7600,yahoo
2026-01-21,ZQX27,96.7350,yahoo
2026-01-21,ZQZ26,96.7950,yahoo
2026-01-21,ZQZ27,96.7700,yahoo
2026-01-22,ZQF27,96.7850,yahoo
2026-01-22,ZQF28,96.8300,yahoo
2026-01-22,ZQG27,96.7850,yahoo
2026-01-22,ZQG28,96.8150,yahoo
2026-01-22,ZQH27,96.7850,yahoo
2026-01-22,ZQJ27,96.7800,yahoo
2026-01-22,ZQK27,96.7700,yahoo
2026-01-22,ZQM27,96.7700,yahoo
2026-01-22,ZQN27,96.7600,yahoo
2026-01-22,ZQQ27,96.7400,yahoo
2026-01-22,ZQU26,96.6450,yahoo
2026-01-22,ZQU27,96.7400,yahoo
2026-01-22,ZQV26,96.7000,yahoo
2026-01-22,ZQV27,96.7350,yahoo
2026-01-22,ZQX26,96.7400,yahoo
2026-01-22,ZQX27,96.7150,yahoo
2026-01-22,ZQZ26,96.7750,yahoo
2026-01-22,ZQZ27,96.7500,yahoo
2026-01-23,ZQF27,96.8000,yahoo
2026-01-23,ZQF28,96.8450,yahoo
2026-01-23,ZQG27,96.8000,yahoo
2026-01-23,ZQG28,96.8300,yahoo
2026-01-23,ZQH27,96.8000,yahoo
2026-01-23,ZQJ27,96.7950,yahoo
2026-01-23,ZQK27,96.7850,yahoo
2026-01-23,ZQM27,96.7850,yahoo
2026-01-23,ZQN27,96.7750,yahoo
2026-01-23,ZQQ27,96.7550,yahoo
2026-01-23,ZQU26,96.6550,yahoo
2026-01-23,ZQU27,96.7550,yahoo
2026-01-23,ZQV26,96.7100,yahoo
2026-01-23,ZQV27,96.7500,yahoo
2026-01-23,ZQX26,96.7500,yahoo
2026-01-23,ZQX27,96.7300,yahoo
2026-01-23,ZQZ26,96.7850,yahoo
2026-01-23,ZQZ27,96.7650,yahoo
2026-01-26,ZQF27,96.8250,yahoo
2026-01-26,ZQF28,96.8650,yahoo
2026-01-26,ZQG27,96.8200,yahoo
2026-01-26,ZQG28,96.8500,yahoo
2026-01-26,ZQH27,96.8200,yahoo
2026-01-26,ZQJ27,96.8150,yahoo
2026-01-26,ZQK27,96.8050,yahoo
2026-01-26,ZQM27,96.8050,yahoo
2026-01-26,ZQN27,96.7950,yahoo
2026-01-26,ZQQ27,96.7750,yahoo
2026-01-26,ZQU26,96.6700,yahoo
2026-01-26,ZQU27,96.7750,yahoo
2026-01-26,ZQV26,96.7300,yahoo
2026-01-26,ZQV27,96.7700,yahoo
2026-01-26,ZQX26,96.7750,yahoo
2026-01-26,ZQX27,96.7500,yahoo
2026-01-26,ZQZ26,96.8100,yahoo
2026-01-26,ZQZ27,96.7850,yahoo
2026-01-27,ZQF27,96.8500,yahoo
2026-01-27,ZQF28,96.8950,yahoo
2026-01-27,ZQG27,96.8500,yahoo
2026-01-27,ZQG28,96.8800,yahoo
2026-01-27,ZQH27,96.8500,yahoo
2026-01-27,ZQJ27,96.8450,yahoo
2026-01-27,ZQK27,96.8350,yahoo
2026-01-27,ZQM27,96.8350,yahoo
2026-01-27,ZQN27,96.8250,yahoo
2026-01-27,ZQQ27,96.8050,yahoo
2026-01-27,ZQU26,96.6950,yahoo
2026-01-27,ZQU27,96.8050,yahoo
2026-01-27,ZQV26,96.7550,yahoo
2026-01-27,ZQV27,96.8000,yahoo
2026-01-27,ZQX26,96.8000,yahoo
2026-01-27,ZQX27,96.7800,yahoo
2026-01-27,ZQZ26,96.8350,yahoo
2026-01-27,ZQZ27,96.8150,yahoo
2026-01-28,ZQF27,96.8250,yahoo
2026-01-28,ZQF28,96.8550,yahoo
2026-01-28,ZQG27,96.8250,yahoo
2026-01-28,ZQG28,96.8400,yahoo
2026-01-28,ZQH27,96.8250,yahoo
2026-01-28,ZQJ27,96.8200,yahoo
2026-01-28,ZQK27,96.8050,yahoo
2026-01-28,ZQM27,96.7950,yahoo
2026-01-28,ZQN27,96.7850,yahoo
2026-01-28,ZQQ27,96.7650,yahoo
2026-01-28,ZQU26,96.6750,yahoo
2026-01-28,ZQU27,96.7650,yahoo
2026-01-28,ZQV26,96.7350,yahoo
2026-01-28,ZQV27,96.7600,yahoo
2026-01-28,ZQX26,96.7800,yahoo
2026-01-28,ZQX27,96.7400,yahoo
2026-01-28,ZQZ26,96.8150,yahoo
2026-01-28,ZQZ27,96.7750,yahoo
2026-01-29,ZQF27,96.8500,yahoo
2026-01-29,ZQF28,96.8850,yahoo
2026-01-29,ZQG27,96.8500,yahoo
2026-01-29,ZQG28,96.8700,yahoo
2026-01-29,ZQH27,96.8500,yahoo
2026-01-29,ZQJ27,96.8500,yahoo
2026-01-29,ZQK27,96.8350,yahoo
2026-01-29,ZQM27,96.8250,yahoo
2026-01-29,ZQN27,96.8150,yahoo
2026-01-29,ZQQ27,96.7950,yahoo
2026-01-29,ZQU26,96.6900,yahoo
2026-01-29,ZQU27,96.7950,yahoo
2026-01-29,ZQV26,96.7500,yahoo
2026-01-29,ZQV27,96.7900,yahoo
2026-01-29,ZQX26,96.8000,yahoo
2026-01-29,ZQX27,96.7700,yahoo
2026-01-29,ZQZ26,96.8350,yahoo
2026-01-29,ZQZ27,96.8050,yahoo
2026-01-30,ZQF27,96.8950,yahoo
2026-01-30,ZQF28,96.9300,yahoo
2026-01-30,ZQG27,96.8950,yahoo
2026-01-30,ZQG28,96.9150,yahoo
2026-01-30,ZQH27,96.8950,yahoo
2026-01-30,ZQJ27,96.8950,yahoo
2026-01-30,ZQK27,96.8800,yahoo
2026-01-30,ZQM27,96.8700,yahoo
2026-01-30,ZQN27,96.8600,yahoo
2026-01-30,ZQQ27,96.8400,yahoo
2026-01-30,ZQU26,96.7200,yahoo
2026-01-30,ZQU27,96.8400,yahoo
2026-01-30,ZQV26,96.7850,yahoo
2026-01-30,ZQV27,96.8350,yahoo
2026-01-30,ZQX26,96.8400,yahoo
2026-01-30,ZQX27,96.8150,yahoo
2026-01-30,ZQZ26,96.8800,yahoo
2026-01-30,ZQZ27,96.8500,yahoo
2026-02-02,ZQF27,96.8450,yahoo
2026-02-02,ZQF28,96.8850,yahoo
2026-02-02,ZQG27,96.8450,yahoo
2026-02-02,ZQG28,96.8700,yahoo
2026-02-02,ZQH27,96.8450,yahoo
2026-02-02,ZQJ27,96.8450,yahoo
2026-02-02,ZQK27,96.8300,yahoo
2026-02-02,ZQM27,96.8200,yahoo
2026-02-02,ZQN27,96.8150,yahoo
2026-02-02,ZQQ27,96.7950,yahoo
2026-02-02,ZQU26,96.6800,yahoo
2026-02-02,ZQU27,96.7950,yahoo
2026-02-02,ZQV26,96.7400,yahoo
2026-02-02,ZQV27,96.7900,yahoo
2026-02-02,ZQX26,96.7900,yahoo
2026-02-02,ZQX27,96.7700,yahoo
2026-02-02,ZQZ26,96.8300,yahoo
2026-02-02,ZQZ27,96.8050,yahoo
2026-02-03,ZQF27,96.8500,yahoo
2026-02-03,ZQF28,96.8950,yahoo
2026-02-03,ZQG27,96.8500,yahoo
2026-02-03,ZQG28,96.8800,yahoo
2026-02-03,ZQH27,96.8500,yahoo
2026-02-03,ZQJ27,96.8500,yahoo
2026-02-03,ZQK27,96.8350,yahoo
2026-02-03,ZQM27,96.8250,yahoo
2026-02-03,ZQN27,96.8200,yahoo
2026-02-03,ZQQ27,96.8000,yahoo
2026-02-03,ZQU26,96.6700,yahoo
2026-02-03,ZQU27,96.8000,yahoo
2026-02-03,ZQV26,96.7350,yahoo
2026-02-03,ZQV27,96.7950,yahoo
2026-02-03,ZQX26,96.7900,yahoo
2026-02-03,ZQX27,96.7750,yahoo
2026-02-03,ZQZ26,96.8350,yahoo
2026-02-03,ZQZ27,96.8150,yahoo
2026-02-04,ZQF27,96.8550,yahoo
2026-02-04,ZQF28,96.8950,yahoo
2026-02-04,ZQG27,96.8550,yahoo
2026-02-04,ZQG28,96.8800,yahoo
2026-02-04,ZQH27,96.8550,yahoo
2026-02-04,ZQJ27,96.8550,yahoo
2026-02-04,ZQK27,96.8400,yahoo
2026-02-04,ZQM27,96.8300,yahoo
2026-02-04,ZQN27,96.8250,yahoo
2026-02-04,ZQQ27,96.8050,yahoo
2026-02-04,ZQU26,96.6700,yahoo
2026-02-04,ZQU27,96.8050,yahoo
2026-02-04,ZQV26,96.7400,yahoo
2026-02-04,ZQV27,96.7950,yahoo
2026-02-04,ZQX26,96.7950,yahoo
2026-02-04,ZQX27,96.7750,yahoo
2026-02-04,ZQZ26,96.8400,yahoo
2026-02-04,ZQZ27,96.8150,yahoo
2026-02-05,ZQF27,96.9350,yahoo
2026-02-05,ZQF28,96.9750,yahoo
2026-02-05,ZQG27,96.9350,yahoo
2026-02-05,ZQG28,96.9600,yahoo
2026-02-05,ZQH27,96.9350,yahoo
2026-02-05,ZQJ27,96.9350,yahoo
2026-02-05,ZQK27,96.9200,yahoo
2026-02-05,ZQM27,96.9100,yahoo
2026-02-05,ZQN27,96.9050,yahoo
2026-02-05,ZQQ27,96.8850,yahoo
2026-02-05,ZQU26,96.7600,yahoo
2026-02-05,ZQU27,96.8850,yahoo
2026-02-05,ZQV26,96.8300,yahoo
2026-02-05,ZQV27,96.8750,yahoo
2026-02-05,ZQX26,96.8850,yahoo
2026-02-05,ZQX27,96.8550,yahoo
2026-02-05,ZQZ26,96.9250,yahoo
2026-02-05,ZQZ27,96.8950,yahoo
2026-02-06,ZQF27,96.9150,yahoo
2026-02-06,ZQF28,96.9600,yahoo
2026-02-06,ZQG27,96.9150,yahoo
2026-02-06,ZQG28,96.9450,yahoo
2026-02-06,ZQH27,96.9150,yahoo
2026-02-06,ZQJ27,96.9150,yahoo
2026-02-06,ZQK27,96.9000,yahoo
2026-02-06,ZQM27,96.8950,yahoo
2026-02-06,ZQN27,96.8900,yahoo
2026-02-06,ZQQ27,96.8700,yahoo
2026-02-06,ZQU26,96.7400,yahoo
2026-02-06,ZQU27,96.8700,yahoo
2026-02-06,ZQV26,96.8100,yahoo
2026-02-06,ZQV27,96.8600,yahoo
2026-02-06,ZQX26,96.8600,yahoo
2026-02-06,ZQX27,96.8400,yahoo
2026-02-06,ZQZ26,96.9000,yahoo
2026-02-06,ZQZ27,96.8800,yahoo
2026-02-09,ZQF27,96.9300,yahoo
2026-02-09,ZQF28,96.9750,yahoo
2026-02-09,ZQG27,96.9300,yahoo
2026-02-09,ZQG28,96.9600,yahoo
2026-02-09,ZQH27,96.9300,yahoo
2026-02-09,ZQJ27,96.9300,yahoo
2026-02-09,ZQK27,96.9150,yahoo
2026-02-09,ZQM27,96.9100,yahoo
2026-02-09,ZQN27,96.9050,yahoo
2026-02-09,ZQQ27,96.8850,yahoo
2026-02-09,ZQU26,96.7550,yahoo
2026-02-09,ZQU27,96.8850,yahoo
2026-02-09,ZQV26,96.8250,yahoo
2026-02-09,ZQV27,96.8750,yahoo
2026-02-09,ZQX26,96.8750,yahoo
2026-02-09,ZQX27,96.8550,yahoo
2026-02-09,ZQZ26,96.9150,yahoo
2026-02-09,ZQZ27,96.8950,yahoo
2026-02-10,ZQF27,96.9550,yahoo
2026-02-10,ZQF28,97.0200,yahoo
2026-02-10,ZQG27,96.9600,yahoo
2026-02-10,ZQG28,97.0050,yahoo
2026-02-10,ZQH27,96.9650,yahoo
2026-02-10,ZQJ27,96.9700,yahoo
2026-02-10,ZQK27,96.9600,yahoo
2026-02-10,ZQM27,96.9550,yahoo
2026-02-10,ZQN27,96.9500,yahoo
2026-02-10,ZQQ27,96.9300,yahoo
2026-02-10,ZQU26,96.7700,yahoo
2026-02-10,ZQU27,96.9300,yahoo
2026-02-10,ZQV26,96.8400,yahoo
2026-02-10,ZQV27,96.9200,yahoo
2026-02-10,ZQX26,96.8950,yahoo
2026-02-10,ZQX27,96.9000,yahoo
2026-02-10,ZQZ26,96.9400,yahoo
2026-02-10,ZQZ27,96.9400,yahoo
2026-02-11,ZQF27,96.8900,yahoo
2026-02-11,ZQF28,96.9650,yahoo
2026-02-11,ZQG27,96.9050,yahoo
2026-02-11,ZQG28,96.9500,yahoo
2026-02-11,ZQH27,96.9100,yahoo
2026-02-11,ZQJ27,96.9150,yahoo
2026-02-11,ZQK27,96.9050,yahoo
2026-02-11,ZQM27,96.9000,yahoo
2026-02-11,ZQN27,96.8950,yahoo
2026-02-11,ZQQ27,96.8750,yahoo
2026-02-11,ZQU26,96.6850,yahoo
2026-02-11,ZQU27,96.8750,yahoo
2026-02-11,ZQV26,96.7600,yahoo
2026-02-11,ZQV27,96.8650,yahoo
2026-02-11,ZQX26,96.8200,yahoo
2026-02-11,ZQX27,96.8450,yahoo
2026-02-11,ZQZ26,96.8700,yahoo
2026-02-11,ZQZ27,96.8850,yahoo
2026-02-12,ZQF27,96.9400,yahoo
2026-02-12,ZQF28,97.0300,yahoo
2026-02-12,ZQG27,96.9550,yahoo
2026-02-12,ZQG28,97.0150,yahoo
2026-02-12,ZQH27,96.9600,yahoo
2026-02-12,ZQJ27,96.9700,yahoo
2026-02-12,ZQK27,96.9600,yahoo
2026-02-12,ZQM27,96.9600,yahoo
2026-02-12,ZQN27,96.9600,yahoo
2026-02-12,ZQQ27,96.9400,yahoo
2026-02-12,ZQU26,96.7150,yahoo
2026-02-12,ZQU27,96.9400,yahoo
2026-02-12,ZQV26,96.7950,yahoo
2026-02-12,ZQV27,96.9300,yahoo
2026-02-12,ZQX26,96.8600,yahoo
2026-02-12,ZQX27,96.9100,yahoo
2026-02-12,ZQZ26,96.9150,yahoo
2026-02-12,ZQZ27,96.9500,yahoo
2026-02-13,ZQF27,97.0000,yahoo
2026-02-13,ZQF28,97.1150,yahoo
2026-02-13,ZQG27,97.0250,yahoo
2026-02-13,ZQG28,97.1000,yahoo
2026-02-13,ZQH27,97.0350,yahoo
2026-02-13,ZQJ27,97.0450,yahoo
2026-02-13,ZQK27,97.0400,yahoo
2026-02-13,ZQM27,97.0400,yahoo
2026-02-13,ZQN27,97.0400,yahoo
2026-02-13,ZQQ27,97.0250,yahoo
2026-02-13,ZQU26,96.7500,yahoo
2026-02-13,ZQU27,97.0250,yahoo
2026-02-13,ZQV26,96.8350,yahoo
2026-02-13,ZQV27,97.0150,yahoo
2026-02-13,ZQX26,96.9150,yahoo
2026-02-13,ZQX27,96.9950,yahoo
2026-02-13,ZQZ26,96.9750,yahoo
2026-02-13,ZQZ27,97.0350,yahoo
2026-02-17,ZQF27,96.9600,yahoo
2026-02-17,ZQF28,97.0900,yahoo
2026-02-17,ZQG27,96.9850,yahoo
2026-02-17,ZQG28,97.0750,yahoo
2026-02-17,ZQH27,96.9950,yahoo
2026-02-17,ZQJ27,97.0100,yahoo
2026-02-17,ZQK27,97.0100,yahoo
2026-02-17,ZQM27,97.0100,yahoo
2026-02-17,ZQN27,97.0100,yahoo
2026-02-17,ZQQ27,97.0000,yahoo
2026-02-17,ZQU26,96.7150,yahoo
2026-02-17,ZQU27,97.0000,yahoo
2026-02-17,ZQV26,96.7950,yahoo
2026-02-17,ZQV27,96.9900,yahoo
2026-02-17,ZQX26,96.8700,yahoo
2026-02-17,ZQX27,96.9700,yahoo
2026-02-17,ZQZ26,96.9300,yahoo
2026-02-17,ZQZ27,97.0100,yahoo
2026-02-18,ZQF27,96.9450,yahoo
2026-02-18,ZQF28,97.0700,yahoo
2026-02-18,ZQG27,96.9650,yahoo
2026-02-18,ZQG28,97.0550,yahoo
2026-02-18,ZQH27,96.9750,yahoo
2026-02-18,ZQJ27,96.9900,yahoo
2026-02-18,ZQK27,96.9900,yahoo
2026-02-18,ZQM27,96.9900,yahoo
2026-02-18,ZQN27,96.9900,yahoo
2026-02-18,ZQQ27,96.9800,yahoo
2026-02-18,ZQU26,96.7050,yahoo
2026-02-18,ZQU27,96.9800,yahoo
2026-02-18,ZQV26,96.7850,yahoo
2026-02-18,ZQV27,96.9700,yahoo
2026-02-18,ZQX26,96.8550,yahoo
2026-02-18,ZQX27,96.9500,yahoo
2026-02-18,ZQZ26,96.9150,yahoo
2026-02-18,ZQZ27,96.9900,yahoo
2026-02-19,ZQF27,96.9350,yahoo
2026-02-19,ZQF28,97.0700,yahoo
2026-02-19,ZQG27,96.9600,yahoo
2026-02-19,ZQG28,97.0550,yahoo
2026-02-19,ZQH27,96.9700,yahoo
2026-02-19,ZQJ27,96.9850,yahoo
2026-02-19,ZQK27,96.9850,yahoo
2026-02-19,ZQM27,96.9850,yahoo
2026-02-19,ZQN27,96.9900,yahoo
2026-02-19,ZQQ27,96.9800,yahoo
2026-02-19,ZQU26,96.6900,yahoo
2026-02-19,ZQU27,96.9800,yahoo
2026-02-19,ZQV26,96.7700,yahoo
2026-02-19,ZQV27,96.9700,yahoo
2026-02-19,ZQX26,96.8500,yahoo
2026-02-19,ZQX27,96.9500,yahoo
2026-02-19,ZQZ26,96.9100,yahoo
2026-02-19,ZQZ27,96.9900,yahoo
2026-02-20,ZQF27,96.9200,yahoo
2026-02-20,ZQF28,97.0600,yahoo
2026-02-20,ZQG27,96.9450,yahoo
2026-02-20,ZQG28,97.0450,yahoo
2026-02-20,ZQH27,96.9550,yahoo
2026-02-20,ZQJ27,96.9700,yahoo
2026-02-20,ZQK27,96.9700,yahoo
2026-02-20,ZQM27,96.9750,yahoo
2026-02-20,ZQN27,96.9800,yahoo
2026-02-20,ZQQ27,96.9700,yahoo
2026-02-20,ZQU26,96.6650,yahoo
2026-02-20,ZQU27,96.9700,yahoo
2026-02-20,ZQV26,96.7500,yahoo
2026-02-20,ZQV27,96.9600,yahoo
2026-02-20,ZQX26,96.8250,yahoo
2026-02-20,ZQX27,96.9400,yahoo
2026-02-20,ZQZ26,96.8900,yahoo
2026-02-20,ZQZ27,96.9800,yahoo
2026-02-23,ZQF27,96.9550,yahoo
2026-02-23,ZQF28,97.1300,yahoo
2026-02-23,ZQG27,96.9850,yahoo
2026-02-23,ZQG28,97.1150,yahoo
2026-02-23,ZQH27,97.0050,yahoo
2026-02-23,ZQJ27,97.0250,yahoo
2026-02-23,ZQK27,97.0300,yahoo
2026-02-23,ZQM27,97.0350,yahoo
2026-02-23,ZQN27,97.0450,yahoo
2026-02-23,ZQQ27,97.0350,yahoo
2026-02-23,ZQU26,96.6850,yahoo
2026-02-23,ZQU27,97.0350,yahoo
2026-02-23,ZQV26,96.7700,yahoo
2026-02-23,ZQV27,97.0300,yahoo
2026-02-23,ZQX26,96.8450,yahoo
2026-02-23,ZQX27,97.0100,yahoo
2026-02-23,ZQZ26,96.9200,yahoo
2026-02-23,ZQZ27,97.0500,yahoo
2026-02-24,ZQF27,96.9200,yahoo
2026-02-24,ZQF28,97.1050,yahoo
2026-02-24,ZQG27,96.9500,yahoo
2026-02-24,ZQG28,97.0900,yahoo
2026-02-24,ZQH27,96.9700,yahoo
2026-02-24,ZQJ27,96.9900,yahoo
2026-02-24,ZQK27,96.9950,yahoo
2026-02-24,ZQM27,97.0050,yahoo
2026-02-24,ZQN27,97.0150,yahoo
2026-02-24,ZQQ27,97.0100,yahoo
2026-02-24,ZQU26,96.6600,yahoo
2026-02-24,ZQU27,97.0100,yahoo
2026-02-24,ZQV26,96.7400,yahoo
2026-02-24,ZQV27,97.0050,yahoo
2026-02-24,ZQX26,96.8150,yahoo
2026-02-24,ZQX27,96.9850,yahoo
2026-02-24,ZQZ26,96.8850,yahoo
2026-02-24,ZQZ27,97.0250,yahoo
2026-02-25,ZQF27,96.8950,yahoo
2026-02-25,ZQF28,97.0900,yahoo
2026-02-25,ZQG27,96.9200,yahoo
2026-02-25,ZQG28,97.0750,yahoo
2026-02-25,ZQH27,96.9350,yahoo
2026-02-25,ZQJ27,96.9550,yahoo
2026-02-25,ZQK27,96.9600,yahoo
2026-02-25,ZQM27,96.9700,yahoo
2026-02-25,ZQN27,96.9800,yahoo
2026-02-25,ZQQ27,96.9750,yahoo
2026-02-25,ZQU26,96.6400,yahoo
2026-02-25,ZQU27,96.9750,yahoo
2026-02-25,ZQV26,96.7200,yahoo
2026-02-25,ZQV27,96.9700,yahoo
2026-02-25,ZQX26,96.7900,yahoo
2026-02-25,ZQX27,96.9700,yahoo
2026-02-25,ZQZ26,96.8650,yahoo
2026-02-25,ZQZ27,97.0100,yahoo
2026-02-26,ZQF27,96.9200,yahoo
2026-02-26,ZQF28,97.1200,yahoo
2026-02-26,ZQG27,96.9450,yahoo
2026-02-26,ZQG28,97.1050,yahoo
2026-02-26,ZQH27,96.9600,yahoo
2026-02-26,ZQJ27,96.9850,yahoo
2026-02-26,ZQK27,96.9900,yahoo
2026-02-26,ZQM27,97.0000,yahoo
2026-02-26,ZQN27,97.0100,yahoo
2026-02-26,ZQQ27,97.0050,yahoo
2026-02-26,ZQU26,96.6500,yahoo
2026-02-26,ZQU27,97.0050,yahoo
2026-02-26,ZQV26,96.7300,yahoo
2026-02-26,ZQV27,97.0000,yahoo
2026-02-26,ZQX26,96.8050,yahoo
2026-02-26,ZQX27,97.0000,yahoo
2026-02-26,ZQZ26,96.8850,yahoo
2026-02-26,ZQZ27,97.0400,yahoo
2026-02-27,ZQF27,96.9850,yahoo
2026-02-27,ZQF28,97.2200,yahoo
2026-02-27,ZQG27,97.0200,yahoo
2026-02-27,ZQG28,97.2050,yahoo
2026-02-27,ZQH27,97.0400,yahoo
2026-02-27,ZQJ27,97.0650,yahoo
2026-02-27,ZQK27,97.0750,yahoo
2026-02-27,ZQM27,97.0850,yahoo
2026-02-27,ZQN27,97.0950,yahoo
2026-02-27,ZQQ27,97.0900,yahoo
2026-02-27,ZQU26,96.7000,yahoo
2026-02-27,ZQU27,97.0900,yahoo
2026-02-27,ZQV26,96.7850,yahoo
2026-02-27,ZQV27,97.1000,yahoo
2026-02-27,ZQX26,96.8700,yahoo
2026-02-27,ZQX27,97.1000,yahoo
2026-02-27,ZQZ26,96.9500,yahoo
2026-02-27,ZQZ27,97.1400,yahoo
2026-03-02,ZQF27,96.8700,yahoo
2026-03-02,ZQF28,97.1050,yahoo
2026-03-02,ZQG27,96.8950,yahoo
2026-03-02,ZQG28,97.0900,yahoo
2026-03-02,ZQH27,96.9150,yahoo
2026-03-02,ZQJ27,96.9400,yahoo
2026-03-02,ZQK27,96.9500,yahoo
2026-03-02,ZQM27,96.9600,yahoo
2026-03-02,ZQN27,96.9700,yahoo
2026-03-02,ZQQ27,96.9650,yahoo
2026-03-02,ZQU26,96.6250,yahoo
2026-03-02,ZQU27,96.9750,yahoo
2026-03-02,ZQV26,96.7000,yahoo
2026-03-02,ZQV27,96.9850,yahoo
2026-03-02,ZQX26,96.7700,yahoo
2026-03-02,ZQX27,96.9850,yahoo
2026-03-02,ZQZ26,96.8400,yahoo
2026-03-02,ZQZ27,97.0250,yahoo
2026-03-03,ZQF27,96.8350,yahoo
2026-03-03,ZQF28,97.0900,yahoo
2026-03-03,ZQG27,96.8550,yahoo
2026-03-03,ZQG28,97.0750,yahoo
2026-03-03,ZQH27,96.8750,yahoo
2026-03-03,ZQJ27,96.9000,yahoo
2026-03-03,ZQK27,96.9100,yahoo
2026-03-03,ZQM27,96.9300,yahoo
2026-03-03,ZQN27,96.9450,yahoo
2026-03-03,ZQQ27,96.9450,yahoo
2026-03-03,ZQU26,96.6150,yahoo
2026-03-03,ZQU27,96.9600,yahoo
2026-03-03,ZQV26,96.6800,yahoo
2026-03-03,ZQV27,96.9700,yahoo
2026-03-03,ZQX26,96.7400,yahoo
2026-03-03,ZQX27,96.9700,yahoo
2026-03-03,ZQZ26,96.8100,yahoo
2026-03-03,ZQZ27,97.0100,yahoo
2026-03-04,ZQF27,96.7900,yahoo
2026-03-04,ZQF28,97.0500,yahoo
2026-03-04,ZQG27,96.8100,yahoo
2026-03-04,ZQG28,97.0350,yahoo
2026-03-04,ZQH27,96.8300,yahoo
2026-03-04,ZQJ27,96.8550,yahoo
2026-03-04,ZQK27,96.8650,yahoo
2026-03-04,ZQM27,96.8850,yahoo
2026-03-04,ZQN27,96.9000,yahoo
2026-03-04,ZQQ27,96.9050,yahoo
2026-03-04,ZQU26,96.5700,yahoo
2026-03-04,ZQU27,96.9200,yahoo
2026-03-04,ZQV26,96.6350,yahoo
2026-03-04,ZQV27,96.9300,yahoo
2026-03-04,ZQX26,96.6950,yahoo
2026-03-04,ZQX27,96.9300,yahoo
2026-03-04,ZQZ26,96.7600,yahoo
2026-03-04,ZQZ27,96.9700,yahoo
2026-03-05,ZQF27,96.7400,yahoo
2026-03-05,ZQF28,96.9750,yahoo
2026-03-05,ZQG27,96.7500,yahoo
2026-03-05,ZQG28,96.9600,yahoo
2026-03-05,ZQH27,96.7650,yahoo
2026-03-05,ZQJ27,96.7900,yahoo
2026-03-05,ZQK27,96.7950,yahoo
2026-03-05,ZQM27,96.8150,yahoo
2026-03-05,ZQN27,96.8250,yahoo
2026-03-05,ZQQ27,96.8300,yahoo
2026-03-05,ZQU26,96.5500,yahoo
2026-03-05,ZQU27,96.8450,yahoo
2026-03-05,ZQV26,96.6050,yahoo
2026-03-05,ZQV27,96.8550,yahoo
2026-03-05,ZQX26,96.6550,yahoo
2026-03-05,ZQX27,96.8550,yahoo
2026-03-05,ZQZ26,96.7150,yahoo
2026-03-05,ZQZ27,96.8950,yahoo
2026-03-06,ZQF27,96.7850,yahoo
2026-03-06,ZQF28,97.0150,yahoo
2026-03-06,ZQG27,96.8000,yahoo
2026-03-06,ZQG28,97.0000,yahoo
2026-03-06,ZQH27,96.8100,yahoo
2026-03-06,ZQJ27,96.8300,yahoo
2026-03-06,ZQK27,96.8350,yahoo
2026-03-06,ZQM27,96.8550,yahoo
2026-03-06,ZQN27,96.8650,yahoo
2026-03-06,ZQQ27,96.8700,yahoo
2026-03-06,ZQU26,96.6050,yahoo
2026-03-06,ZQU27,96.8850,yahoo
2026-03-06,ZQV26,96.6600,yahoo
2026-03-06,ZQV27,96.8950,yahoo
2026-03-06,ZQX26,96.7100,yahoo
2026-03-06,ZQX27,96.8950,yahoo
2026-03-06,ZQZ26,96.7650,yahoo
2026-03-06,ZQZ27,96.9350,yahoo
2026-03-09,ZQF27,96.7350,yahoo
2026-03-09,ZQF28,96.9650,yahoo
2026-03-09,ZQG27,96.7500,yahoo
2026-03-09,ZQG28,96.9500,yahoo
2026-03-09,ZQH27,96.7600,yahoo
2026-03-09,ZQJ27,96.7800,yahoo
2026-03-09,ZQK27,96.7850,yahoo
2026-03-09,ZQM27,96.8050,yahoo
2026-03-09,ZQN27,96.8150,yahoo
2026-03-09,ZQQ27,96.8200,yahoo
2026-03-09,ZQU26,96.5650,yahoo
2026-03-09,ZQU27,96.8350,yahoo
2026-03-09,ZQV26,96.6150,yahoo
2026-03-09,ZQV27,96.8450,yahoo
2026-03-09,ZQX26,96.6600,yahoo
2026-03-09,ZQX27,96.8450,yahoo
2026-03-09,ZQZ26,96.7150,yahoo
2026-03-09,ZQZ27,96.8850,yahoo
2026-03-10,ZQF27,96.7650,yahoo
2026-03-10,ZQF28,96.9950,yahoo
2026-03-10,ZQG27,96.7800,yahoo
2026-03-10,ZQG28,96.9800,yahoo
2026-03-10,ZQH27,96.7900,yahoo
2026-03-10,ZQJ27,96.8100,yahoo
2026-03-10,ZQK27,96.8150,yahoo
2026-03-10,ZQM27,96.8350,yahoo
2026-03-10,ZQN27,96.8450,yahoo
2026-03-10,ZQQ27,96.8500,yahoo
2026-03-10,ZQU26,96.5850,yahoo
2026-03-10,ZQU27,96.8650,yahoo
2026-03-10,ZQV26,96.6400,yahoo
2026-03-10,ZQV27,96.8750,yahoo
2026-03-10,ZQX26,96.6900,yahoo
2026-03-10,ZQX27,96.8750,yahoo
2026-03-10,ZQZ26,96.7450,yahoo
2026-03-10,ZQZ27,96.9150,yahoo
2026-03-11,ZQF27,96.6800,yahoo
2026-03-11,ZQF28,96.9050,yahoo
2026-03-11,ZQG27,96.6900,yahoo
2026-03-11,ZQG28,96.8900,yahoo
2026-03-11,ZQH27,96.7000,yahoo
2026-03-11,ZQJ27,96.7200,yahoo
2026-03-11,ZQK27,96.7250,yahoo
2026-03-11,ZQM27,96.7450,yahoo
2026-03-11,ZQN27,96.7550,yahoo
2026-03-11,ZQQ27,96.7600,yahoo
2026-03-11,ZQU26,96.5400,yahoo
2026-03-11,ZQU27,96.7750,yahoo
2026-03-11,ZQV26,96.5800,yahoo
2026-03-11,ZQV27,96.7850,yahoo
2026-03-11,ZQX26,96.6150,yahoo
2026-03-11,ZQX27,96.7850,yahoo
2026-03-11,ZQZ26,96.6600,yahoo
2026-03-11,ZQZ27,96.8250,yahoo
2026-03-12,ZQF27,96.5350,yahoo
2026-03-12,ZQF28,96.9500,yahoo
2026-03-12,ZQG27,96.5350,yahoo
2026-03-12,ZQG28,96.9350,yahoo
2026-03-12,ZQH27,96.5400,yahoo
2026-03-12,ZQJ27,96.5500,yahoo
2026-03-12,ZQK27,96.5500,yahoo
2026-03-12,ZQM27,96.5700,yahoo
2026-03-12,ZQN27,96.5800,yahoo
2026-03-12,ZQQ27,96.5850,yahoo
2026-03-12,ZQU26,96.4600,yahoo
2026-03-12,ZQU27,96.6000,yahoo
2026-03-12,ZQV26,96.4750,yahoo
2026-03-12,ZQV27,96.6200,yahoo
2026-03-12,ZQX26,96.4900,yahoo
2026-03-12,ZQX27,96.6200,yahoo
2026-03-12,ZQZ26,96.5200,yahoo
2026-03-12,ZQZ27,96.7850,yahoo
2026-03-13,ZQF27,96.5750,yahoo
2026-03-13,ZQF28,96.9900,yahoo
2026-03-13,ZQG27,96.5750,yahoo
2026-03-13,ZQG28,96.9750,yahoo
2026-03-13,ZQH27,96.5800,yahoo
2026-03-13,ZQJ27,96.5900,yahoo
2026-03-13,ZQK27,96.5900,yahoo
2026-03-13,ZQM27,96.6100,yahoo
2026-03-13,ZQN27,96.6200,yahoo
2026-03-13,ZQQ27,96.6250,yahoo
2026-03-13,ZQU26,96.4800,yahoo
2026-03-13,ZQU27,96.6400,yahoo
2026-03-13,ZQV26,96.5000,yahoo
2026-03-13,ZQV27,96.6600,yahoo
2026-03-13,ZQX26,96.5200,yahoo
2026-03-13,ZQX27,96.6600,yahoo
2026-03-13,ZQZ26,96.5600,yahoo
2026-03-13,ZQZ27,96.8250,yahoo
2026-03-16,ZQF27,96.6150,yahoo
2026-03-16,ZQF28,97.0500,yahoo
2026-03-16,ZQG27,96.6300,yahoo
2026-03-16,ZQG28,97.0350,yahoo
2026-03-16,ZQH27,96.6350,yahoo
2026-03-16,ZQJ27,96.6450,yahoo
2026-03-16,ZQK27,96.6500,yahoo
2026-03-16,ZQM27,96.6700,yahoo
2026-03-16,ZQN27,96.6800,yahoo
2026-03-16,ZQQ27,96.6850,yahoo
2026-03-16,ZQU26,96.4900,yahoo
2026-03-16,ZQU27,96.7000,yahoo
2026-03-16,ZQV26,96.5200,yahoo
2026-03-16,ZQV27,96.7200,yahoo
2026-03-16,ZQX26,96.5500,yahoo
2026-03-16,ZQX27,96.7200,yahoo
2026-03-16,ZQZ26,96.5950,yahoo
2026-03-16,ZQZ27,96.8850,yahoo
2026-03-17,ZQF27,96.6250,yahoo
2026-03-17,ZQF28,97.0700,yahoo
2026-03-17,ZQG27,96.6350,yahoo
2026-03-17,ZQG28,97.0550,yahoo
2026-03-17,ZQH27,96.6450,yahoo
2026-03-17,ZQJ27,96.6550,yahoo
2026-03-17,ZQK27,96.6600,yahoo
2026-03-17,ZQM27,96.6800,yahoo
2026-03-17,ZQN27,96.6950,yahoo
2026-03-17,ZQQ27,96.7050,yahoo
2026-03-17,ZQU26,96.4900,yahoo
2026-03-17,ZQU27,96.7200,yahoo
2026-03-17,ZQV26,96.5250,yahoo
2026-03-17,ZQV27,96.7400,yahoo
2026-03-17,ZQX26,96.5550,yahoo
2026-03-17,ZQX27,96.7400,yahoo
2026-03-17,ZQZ26,96.6050,yahoo
2026-03-17,ZQZ27,96.9050,yahoo
2026-03-18,ZQF27,96.5350,yahoo
2026-03-18,ZQF28,96.9850,yahoo
2026-03-18,ZQG27,96.5450,yahoo
2026-03-18,ZQG28,96.9700,yahoo
2026-03-18,ZQH27,96.5550,yahoo
2026-03-18,ZQJ27,96.5650,yahoo
2026-03-18,ZQK27,96.5700,yahoo
2026-03-18,ZQM27,96.5950,yahoo
2026-03-18,ZQN27,96.6100,yahoo
2026-03-18,ZQQ27,96.6200,yahoo
2026-03-18,ZQU26,96.4400,yahoo
2026-03-18,ZQU27,96.6350,yahoo
2026-03-18,ZQV26,96.4600,yahoo
2026-03-18,ZQV27,96.6550,yahoo
2026-03-18,ZQX26,96.4800,yahoo
2026-03-18,ZQX27,96.6550,yahoo
2026-03-18,ZQZ26,96.5200,yahoo
2026-03-18,ZQZ27,96.8200,yahoo
2026-03-19,ZQF27,96.3800,yahoo
2026-03-19,ZQF28,96.8550,yahoo
2026-03-19,ZQG27,96.3850,yahoo
2026-03-19,ZQG28,96.8400,yahoo
2026-03-19,ZQH27,96.3900,yahoo
2026-03-19,ZQJ27,96.4000,yahoo
2026-03-19,ZQK27,96.4100,yahoo
2026-03-19,ZQM27,96.4350,yahoo
2026-03-19,ZQN27,96.4650,yahoo
2026-03-19,ZQQ27,96.4850,yahoo
2026-03-19,ZQU26,96.3450,yahoo
2026-03-19,ZQU27,96.5050,yahoo
2026-03-19,ZQV26,96.3450,yahoo
2026-03-19,ZQV27,96.5250,yahoo
2026-03-19,ZQX26,96.3450,yahoo
2026-03-19,ZQX27,96.5250,yahoo
2026-03-19,ZQZ26,96.3700,yahoo
2026-03-19,ZQZ27,96.6900,yahoo
2026-03-20,ZQF27,96.2850,yahoo
2026-03-20,ZQF28,96.7950,yahoo
2026-03-20,ZQG27,96.2850,yahoo
2026-03-20,ZQG28,96.7800,yahoo
2026-03-20,ZQH27,96.2900,yahoo
2026-03-20,ZQJ27,96.2950,yahoo
2026-03-20,ZQK27,96.3050,yahoo
2026-03-20,ZQM27,96.3400,yahoo
2026-03-20,ZQN27,96.3700,yahoo
2026-03-20,ZQQ27,96.4000,yahoo
2026-03-20,ZQU26,96.2950,yahoo
2026-03-20,ZQU27,96.4250,yahoo
2026-03-20,ZQV26,96.2750,yahoo
2026-03-20,ZQV27,96.4650,yahoo
2026-03-20,ZQX26,96.2600,yahoo
2026-03-20,ZQX27,96.4650,yahoo
2026-03-20,ZQZ26,96.2750,yahoo
2026-03-20,ZQZ27,96.6300,yahoo
2026-03-23,ZQF27,96.3750,yahoo
2026-03-23,ZQF28,96.8900,yahoo
2026-03-23,ZQG27,96.3800,yahoo
2026-03-23,ZQG28,96.8750,yahoo
2026-03-23,ZQH27,96.3850,yahoo
2026-03-23,ZQJ27,96.3900,yahoo
2026-03-23,ZQK27,96.4000,yahoo
2026-03-23,ZQM27,96.4350,yahoo
2026-03-23,ZQN27,96.4550,yahoo
2026-03-23,ZQQ27,96.4950,yahoo
2026-03-23,ZQU26,96.3400,yahoo
2026-03-23,ZQU27,96.5200,yahoo
2026-03-23,ZQV26,96.3350,yahoo
2026-03-23,ZQV27,96.5600,yahoo
2026-03-23,ZQX26,96.3400,yahoo
2026-03-23,ZQX27,96.5600,yahoo
2026-03-23,ZQZ26,96.3650,yahoo
2026-03-23,ZQZ27,96.7250,yahoo
2026-03-24,ZQF27,96.2600,yahoo
2026-03-24,ZQF28,96.7650,yahoo
2026-03-24,ZQG27,96.2600,yahoo
2026-03-24,ZQG28,96.7500,yahoo
2026-03-24,ZQH27,96.2600,yahoo
2026-03-24,ZQJ27,96.2650,yahoo
2026-03-24,ZQK27,96.2750,yahoo
2026-03-24,ZQM27,96.3100,yahoo
2026-03-24,ZQN27,96.3300,yahoo
2026-03-24,ZQQ27,96.3700,yahoo
2026-03-24,ZQU26,96.2750,yahoo
2026-03-24,ZQU27,96.3950,yahoo
2026-03-24,ZQV26,96.2550,yahoo
2026-03-24,ZQV27,96.4350,yahoo
2026-03-24,ZQX26,96.2400,yahoo
2026-03-24,ZQX27,96.4350,yahoo
2026-03-24,ZQZ26,96.2550,yahoo
2026-03-24,ZQZ27,96.6000,yahoo
2026-03-25,ZQF27,96.3150,yahoo
2026-03-25,ZQF28,96.8350,yahoo
2026-03-25,ZQG27,96.3200,yahoo
2026-03-25,ZQG28,96.8200,yahoo
2026-03-25,ZQH27,96.3250,yahoo
2026-03-25,ZQJ27,96.3300,yahoo
2026-03-25,ZQK27,96.3450,yahoo
2026-03-25,ZQM27,96.3800,yahoo
2026-03-25,ZQN27,96.4000,yahoo
2026-03-25,ZQQ27,96.4400,yahoo
2026-03-25,ZQU26,96.3100,yahoo
2026-03-25,ZQU27,96.4650,yahoo
2026-03-25,ZQV26,96.2950,yahoo
2026-03-25,ZQV27,96.5050,yahoo
2026-03-25,ZQX26,96.2900,yahoo
2026-03-25,ZQX27,96.5050,yahoo
2026-03-25,ZQZ26,96.3050,yahoo
2026-03-25,ZQZ27,96.6700,yahoo
2026-03-26,ZQF27,96.2200,yahoo
2026-03-26,ZQF28,96.7250,yahoo
2026-03-26,ZQG27,96.2150,yahoo
2026-03-26,ZQG28,96.7100,yahoo
2026-03-26,ZQH27,96.2200,yahoo
2026-03-26,ZQJ27,96.2250,yahoo
2026-03-26,ZQK27,96.2300,yahoo
2026-03-26,ZQM27,96.2600,yahoo
2026-03-26,ZQN27,96.2800,yahoo
2026-03-26,ZQQ27,96.3100,yahoo
2026-03-26,ZQU26,96.2650,yahoo
2026-03-26,ZQU27,96.3350,yahoo
2026-03-26,ZQV26,96.2350,yahoo
2026-03-26,ZQV27,96.3750,yahoo
2026-03-26,ZQX26,96.2150,yahoo
2026-03-26,ZQX27,96.3950,yahoo
2026-03-26,ZQZ26,96.2200,yahoo
2026-03-26,ZQZ27,96.5600,yahoo
2026-03-27,ZQF27,96.3000,yahoo
2026-03-27,ZQF28,96.8100,yahoo
2026-03-27,ZQG27,96.3000,yahoo
2026-03-27,ZQG28,96.7950,yahoo
2026-03-27,ZQH27,96.3050,yahoo
2026-03-27,ZQJ27,96.3100,yahoo
2026-03-27,ZQK27,96.3150,yahoo
2026-03-27,ZQM27,96.3450,yahoo
2026-03-27,ZQN27,96.3650,yahoo
2026-03-27,ZQQ27,96.3950,yahoo
2026-03-27,ZQU26,96.3200,yahoo
2026-03-27,ZQU27,96.4200,yahoo
2026-03-27,ZQV26,96.3000,yahoo
2026-03-27,ZQV27,96.4600,yahoo
2026-03-27,ZQX26,96.2900,yahoo
2026-03-27,ZQX27,96.4800,yahoo
2026-03-27,ZQZ26,96.2950,yahoo
2026-03-27,ZQZ27,96.6450,yahoo
2026-03-30,ZQF27,96.3900,yahoo
2026-03-30,ZQF28,96.9050,yahoo
2026-03-30,ZQG27,96.4000,yahoo
2026-03-30,ZQG28,96.8900,yahoo
2026-03-30,ZQH27,96.4050,yahoo
2026-03-30,ZQJ27,96.4100,yahoo
2026-03-30,ZQK27,96.4150,yahoo
2026-03-30,ZQM27,96.4400,yahoo
2026-03-30,ZQN27,96.4600,yahoo
2026-03-30,ZQQ27,96.4900,yahoo
2026-03-30,ZQU26,96.3700,yahoo
2026-03-30,ZQU27,96.5150,yahoo
2026-03-30,ZQV26,96.3650,yahoo
2026-03-30,ZQV27,96.5550,yahoo
2026-03-30,ZQX26,96.3650,yahoo
2026-03-30,ZQX27,96.5750,yahoo
2026-03-30,ZQZ26,96.3850,yahoo
2026-03-30,ZQZ27,96.7400,yahoo
2026-03-31,ZQF27,96.4200,yahoo
2026-03-31,ZQF28,96.9300,yahoo
2026-03-31,ZQG27,96.4350,yahoo
2026-03-31,ZQG28,96.9150,yahoo
2026-03-31,ZQH27,96.4350,yahoo
2026-03-31,ZQJ27,96.4400,yahoo
2026-03-31,ZQK27,96.4450,yahoo
2026-03-31,ZQM27,96.4700,yahoo
2026-03-31,ZQN27,96.4900,yahoo
2026-03-31,ZQQ27,96.5150,yahoo
2026-03-31,ZQU26,96.3850,yahoo
2026-03-31,ZQU27,96.5400,yahoo
2026-03-31,ZQV26,96.3850,yahoo
2026-03-31,ZQV27,96.5800,yahoo
2026-03-31,ZQX26,96.3900,yahoo
2026-03-31,ZQX27,96.6000,yahoo
2026-03-31,ZQZ26,96.4100,yahoo
2026-03-31,ZQZ27,96.7650,yahoo
2026-04-01,ZQF27,96.4300,yahoo
2026-04-01,ZQF28,96.9350,yahoo
2026-04-01,ZQG27,96.4450,yahoo
2026-04-01,ZQG28,96.9200,yahoo
2026-04-01,ZQH27,96.4500,yahoo
2026-04-01,ZQJ27,96.4550,yahoo
2026-04-01,ZQK27,96.4600,yahoo
2026-04-01,ZQM27,96.4850,yahoo
2026-04-01,ZQN27,96.4950,yahoo
2026-04-01,ZQQ27,96.5200,yahoo
2026-04-01,ZQU26,96.3800,yahoo
2026-04-01,ZQU27,96.5450,yahoo
2026-04-01,ZQV26,96.3850,yahoo
2026-04-01,ZQV27,96.5850,yahoo
2026-04-01,ZQX26,96.3950,yahoo
2026-04-01,ZQX27,96.6050,yahoo
2026-04-01,ZQZ26,96.4200,yahoo
2026-04-01,ZQZ27,96.7700,yahoo
2026-04-02,ZQF27,96.4250,yahoo
2026-04-02,ZQF28,96.9250,yahoo
2026-04-02,ZQG27,96.4350,yahoo
2026-04-02,ZQG28,96.9100,yahoo
2026-04-02,ZQH27,96.4400,yahoo
2026-04-02,ZQJ27,96.4450,yahoo
2026-04-02,ZQK27,96.4500,yahoo
2026-04-02,ZQM27,96.4750,yahoo
2026-04-02,ZQN27,96.4850,yahoo
2026-04-02,ZQQ27,96.5100,yahoo
2026-04-02,ZQU26,96.3850,yahoo
2026-04-02,ZQU27,96.5350,yahoo
2026-04-02,ZQV26,96.3850,yahoo
2026-04-02,ZQV27,96.5750,yahoo
2026-04-02,ZQX26,96.3900,yahoo
2026-04-02,ZQX27,96.5950,yahoo
2026-04-02,ZQZ26,96.4150,yahoo
2026-04-02,ZQZ27,96.7600,yahoo
2026-04-06,ZQF27,96.3600,yahoo
2026-04-06,ZQF28,96.8550,yahoo
2026-04-06,ZQG27,96.3650,yahoo
2026-04-06,ZQG28,96.8400,yahoo
2026-04-06,ZQH27,96.3650,yahoo
2026-04-06,ZQJ27,96.3700,yahoo
2026-04-06,ZQK27,96.3750,yahoo
2026-04-06,ZQM27,96.4000,yahoo
2026-04-06,ZQN27,96.4150,yahoo
2026-04-06,ZQQ27,96.4400,yahoo
2026-04-06,ZQU26,96.3550,yahoo
2026-04-06,ZQU27,96.4650,yahoo
2026-04-06,ZQV26,96.3450,yahoo
2026-04-06,ZQV27,96.5050,yahoo
2026-04-06,ZQX26,96.3300,yahoo
2026-04-06,ZQX27,96.5250,yahoo
2026-04-06,ZQZ26,96.3500,yahoo
2026-04-06,ZQZ27,96.6900,yahoo
2026-04-07,ZQF27,96.3850,yahoo
2026-04-07,ZQF28,96.8900,yahoo
2026-04-07,ZQG27,96.3950,yahoo
2026-04-07,ZQG28,96.8750,yahoo
2026-04-07,ZQH27,96.4000,yahoo
2026-04-07,ZQJ27,96.4050,yahoo
2026-04-07,ZQK27,96.4100,yahoo
2026-04-07,ZQM27,96.4350,yahoo
2026-04-07,ZQN27,96.4500,yahoo
2026-04-07,ZQQ27,96.4750,yahoo
2026-04-07,ZQU26,96.3650,yahoo
2026-04-07,ZQU27,96.5000,yahoo
2026-04-07,ZQV26,96.3600,yahoo
2026-04-07,ZQV27,96.5400,yahoo
2026-04-07,ZQX26,96.3550,yahoo
2026-04-07,ZQX27,96.5600,yahoo
2026-04-07,ZQZ26,96.3750,yahoo
2026-04-07,ZQZ27,96.7250,yahoo
2026-04-08,ZQF27,96.4150,yahoo
2026-04-08,ZQF28,96.9450,yahoo
2026-04-08,ZQG27,96.4300,yahoo
2026-04-08,ZQG28,96.9300,yahoo
2026-04-08,ZQH27,96.4400,yahoo
2026-04-08,ZQJ27,96.4500,yahoo
2026-04-08,ZQK27,96.4600,yahoo
2026-04-08,ZQM27,96.4850,yahoo
2026-04-08,ZQN27,96.5050,yahoo
2026-04-08,ZQQ27,96.5300,yahoo
2026-04-08,ZQU26,96.3600,yahoo
2026-04-08,ZQU27,96.5550,yahoo
2026-04-08,ZQV26,96.3650,yahoo
2026-04-08,ZQV27,96.5950,yahoo
2026-04-08,ZQX26,96.3750,yahoo
2026-04-08,ZQX27,96.6150,yahoo
2026-04-08,ZQZ26,96.4050,yahoo
2026-04-08,ZQZ27,96.7800,yahoo
2026-04-09,ZQF27,96.4350,yahoo
2026-04-09,ZQF28,96.9550,yahoo
2026-04-09,ZQG27,96.4500,yahoo
2026-04-09,ZQG28,96.9400,yahoo
2026-04-09,ZQH27,96.4600,yahoo
2026-04-09,ZQJ27,96.4700,yahoo
2026-04-09,ZQK27,96.4750,yahoo
2026-04-09,ZQM27,96.5000,yahoo
2026-04-09,ZQN27,96.5150,yahoo
2026-04-09,ZQQ27,96.5400,yahoo
2026-04-09,ZQU26,96.3750,yahoo
2026-04-09,ZQU27,96.5650,yahoo
2026-04-09,ZQV26,96.3850,yahoo
2026-04-09,ZQV27,96.6050,yahoo
2026-04-09,ZQX26,96.3950,yahoo
2026-04-09,ZQX27,96.6250,yahoo
2026-04-09,ZQZ26,96.4250,yahoo
2026-04-09,ZQZ27,96.7900,yahoo
2026-04-10,ZQF27,96.4200,yahoo
2026-04-10,ZQF28,96.9350,yahoo
2026-04-10,ZQG27,96.4350,yahoo
2026-04-10,ZQG28,96.9200,yahoo
2026-04-10,ZQH27,96.4400,yahoo
2026-04-10,ZQJ27,96.4500,yahoo
2026-04-10,ZQK27,96.4550,yahoo
2026-04-10,ZQM27,96.4800,yahoo
2026-04-10,ZQN27,96.4950,yahoo
2026-04-10,ZQQ27,96.5200,yahoo
2026-04-10,ZQU26,96.3700,yahoo
2026-04-10,ZQU27,96.5450,yahoo
2026-04-10,ZQV26,96.3750,yahoo
2026-04-10,ZQV27,96.5850,yahoo
2026-04-10,ZQX26,96.3800,yahoo
2026-04-10,ZQX27,96.6050,yahoo
2026-04-10,ZQZ26,96.4100,yahoo
2026-04-10,ZQZ27,96.7700,yahoo
2026-04-13,ZQF27,96.4450,yahoo
2026-04-13,ZQF28,96.9550,yahoo
2026-04-13,ZQG27,96.4550,yahoo
2026-04-13,ZQG28,96.9400,yahoo
2026-04-13,ZQH27,96.4600,yahoo
2026-04-13,ZQJ27,96.4700,yahoo
2026-04-13,ZQK27,96.4750,yahoo
2026-04-13,ZQM27,96.5000,yahoo
2026-04-13,ZQN27,96.5150,yahoo
2026-04-13,ZQQ27,96.5400,yahoo
2026-04-13,ZQU26,96.3850,yahoo
2026-04-13,ZQU27,96.5650,yahoo
2026-04-13,ZQV26,96.3950,yahoo
2026-04-13,ZQV27,96.6050,yahoo
2026-04-13,ZQX26,96.4050,yahoo
2026-04-13,ZQX27,96.6250,yahoo
2026-04-13,ZQZ26,96.4350,yahoo
2026-04-13,ZQZ27,96.7900,yahoo
2026-04-14,ZQF27,96.4550,yahoo
2026-04-14,ZQF28,96.9800,yahoo
2026-04-14,ZQG27,96.4700,yahoo
2026-04-14,ZQG28,96.9650,yahoo
2026-04-14,ZQH27,96.4750,yahoo
2026-04-14,ZQJ27,96.4850,yahoo
2026-04-14,ZQK27,96.4950,yahoo
2026-04-14,ZQM27,96.5200,yahoo
2026-04-14,ZQN27,96.5400,yahoo
2026-04-14,ZQQ27,96.5650,yahoo
2026-04-14,ZQU26,96.3850,yahoo
2026-04-14,ZQU27,96.5900,yahoo
2026-04-14,ZQV26,96.3950,yahoo
2026-04-14,ZQV27,96.6300,yahoo
2026-04-14,ZQX26,96.4150,yahoo
2026-04-14,ZQX27,96.6500,yahoo
2026-04-14,ZQZ26,96.4450,yahoo
2026-04-14,ZQZ27,96.8150,yahoo
2026-04-15,ZQF27,96.4500,yahoo
2026-04-15,ZQF28,96.9650,yahoo
2026-04-15,ZQG27,96.4650,yahoo
2026-04-15,ZQG28,96.9500,yahoo
2026-04-15,ZQH27,96.4700,yahoo
2026-04-15,ZQJ27,96.4800,yahoo
2026-04-15,ZQK27,96.4900,yahoo
2026-04-15,ZQM27,96.5150,yahoo
2026-04-15,ZQN27,96.5300,yahoo
2026-04-15,ZQQ27,96.5550,yahoo
2026-04-15,ZQU26,96.3800,yahoo
2026-04-15,ZQU27,96.5800,yahoo
2026-04-15,ZQV26,96.3950,yahoo
2026-04-15,ZQV27,96.6150,yahoo
2026-04-15,ZQX26,96.4100,yahoo
2026-04-15,ZQX27,96.6350,yahoo
2026-04-15,ZQZ26,96.4400,yahoo
2026-04-15,ZQZ27,96.8000,yahoo
2026-04-16,ZQF27,96.4450,yahoo
2026-04-16,ZQF28,96.9400,yahoo
2026-04-16,ZQG27,96.4550,yahoo
2026-04-16,ZQG28,96.9250,yahoo
2026-04-16,ZQH27,96.4600,yahoo
2026-04-16,ZQJ27,96.4650,yahoo
2026-04-16,ZQK27,96.4700,yahoo
2026-04-16,ZQM27,96.4950,yahoo
2026-04-16,ZQN27,96.5050,yahoo
2026-04-16,ZQQ27,96.5300,yahoo
2026-04-16,ZQU26,96.3900,yahoo
2026-04-16,ZQU27,96.5550,yahoo
2026-04-16,ZQV26,96.4000,yahoo
2026-04-16,ZQV27,96.5900,yahoo
2026-04-16,ZQX26,96.4100,yahoo
2026-04-16,ZQX27,96.6100,yahoo
2026-04-16,ZQZ26,96.4350,yahoo
2026-04-16,ZQZ27,96.7750,yahoo
2026-04-17,ZQF27,96.5200,yahoo
2026-04-17,ZQF28,97.0350,yahoo
2026-04-17,ZQG27,96.5350,yahoo
2026-04-17,ZQG28,97.0200,yahoo
2026-04-17,ZQH27,96.5450,yahoo
2026-04-17,ZQJ27,96.5550,yahoo
2026-04-17,ZQK27,96.5650,yahoo
2026-04-17,ZQM27,96.5900,yahoo
2026-04-17,ZQN27,96.6050,yahoo
2026-04-17,ZQQ27,96.6300,yahoo
2026-04-17,ZQU26,96.4200,yahoo
2026-04-17,ZQU27,96.6550,yahoo
2026-04-17,ZQV26,96.4500,yahoo
2026-04-17,ZQV27,96.6850,yahoo
2026-04-17,ZQX26,96.4750,yahoo
2026-04-17,ZQX27,96.7050,yahoo
2026-04-17,ZQZ26,96.5100,yahoo
2026-04-17,ZQZ27,96.8700,yahoo
2026-04-20,ZQF27,96.5050,yahoo
2026-04-20,ZQF28,97.0250,yahoo
2026-04-20,ZQG27,96.5200,yahoo
2026-04-20,ZQG28,97.0100,yahoo
2026-04-20,ZQH27,96.5300,yahoo
2026-04-20,ZQJ27,96.5450,yahoo
2026-04-20,ZQK27,96.5550,yahoo
2026-04-20,ZQM27,96.5800,yahoo
2026-04-20,ZQN27,96.5950,yahoo
2026-04-20,ZQQ27,96.6200,yahoo
2026-04-20,ZQU26,96.4050,yahoo
2026-04-20,ZQU27,96.6450,yahoo
2026-04-20,ZQV26,96.4300,yahoo
2026-04-20,ZQV27,96.6750,yahoo
2026-04-20,ZQX26,96.4550,yahoo
2026-04-20,ZQX27,96.6950,yahoo
2026-04-20,ZQZ26,96.4900,yahoo
2026-04-20,ZQZ27,96.8600,yahoo
2026-04-21,ZQF27,96.4450,yahoo
2026-04-21,ZQF28,96.9500,yahoo
2026-04-21,ZQG27,96.4550,yahoo
2026-04-21,ZQG28,96.9350,yahoo
2026-04-21,ZQH27,96.4650,yahoo
2026-04-21,ZQJ27,96.4750,yahoo
2026-04-21,ZQK27,96.4800,yahoo
2026-04-21,ZQM27,96.5050,yahoo
2026-04-21,ZQN27,96.5200,yahoo
2026-04-21,ZQQ27,96.5450,yahoo
2026-04-21,ZQU26,96.3850,yahoo
2026-04-21,ZQU27,96.5700,yahoo
2026-04-21,ZQV26,96.4000,yahoo
2026-04-21,ZQV27,96.6000,yahoo
2026-04-21,ZQX26,96.4150,yahoo
2026-04-21,ZQX27,96.6200,yahoo
2026-04-21,ZQZ26,96.4400,yahoo
2026-04-21,ZQZ27,96.7850,yahoo
2026-04-22,ZQF27,96.4350,yahoo
2026-04-22,ZQF28,96.9250,yahoo
2026-04-22,ZQG27,96.4400,yahoo
2026-04-22,ZQG28,96.9100,yahoo
2026-04-22,ZQH27,96.4450,yahoo
2026-04-22,ZQJ27,96.4500,yahoo
2026-04-22,ZQK27,96.4550,yahoo
2026-04-22,ZQM27,96.4800,yahoo
2026-04-22,ZQN27,96.4950,yahoo
2026-04-22,ZQQ27,96.5200,yahoo
2026-04-22,ZQU26,96.3850,yahoo
2026-04-22,ZQU27,96.5450,yahoo
2026-04-22,ZQV26,96.4000,yahoo
2026-04-22,ZQV27,96.5750,yahoo
2026-04-22,ZQX26,96.4100,yahoo
2026-04-22,ZQX27,96.5950,yahoo
2026-04-22,ZQZ26,96.4300,yahoo
2026-04-22,ZQZ27,96.7600,yahoo
2026-04-23,ZQF27,96.4200,yahoo
2026-04-23,ZQF28,96.8700,yahoo
2026-04-23,ZQG27,96.4200,yahoo
2026-04-23,ZQG28,96.8550,yahoo
2026-04-23,ZQH27,96.4200,yahoo
2026-04-23,ZQJ27,96.4200,yahoo
2026-04-23,ZQK27,96.4200,yahoo
2026-04-23,ZQM27,96.4400,yahoo
2026-04-23,ZQN27,96.4450,yahoo
2026-04-23,ZQQ27,96.4650,yahoo
2026-04-23,ZQU26,96.3850,yahoo
2026-04-23,ZQU27,96.4900,yahoo
2026-04-23,ZQV26,96.4000,yahoo
2026-04-23,ZQV27,96.5200,yahoo
2026-04-23,ZQX26,96.4050,yahoo
2026-04-23,ZQX27,96.5400,yahoo
2026-04-23,ZQZ26,96.4200,yahoo
2026-04-23,ZQZ27,96.7050,yahoo
2026-04-24,ZQF27,96.4700,yahoo
2026-04-24,ZQF28,96.9250,yahoo
2026-04-24,ZQG27,96.4700,yahoo
2026-04-24,ZQG28,96.9100,yahoo
2026-04-24,ZQH27,96.4750,yahoo
2026-04-24,ZQJ27,96.4800,yahoo
2026-04-24,ZQK27,96.4750,yahoo
2026-04-24,ZQM27,96.4950,yahoo
2026-04-24,ZQN27,96.5050,yahoo
2026-04-24,ZQQ27,96.5200,yahoo
2026-04-24,ZQU26,96.4100,yahoo
2026-04-24,ZQU27,96.5450,yahoo
2026-04-24,ZQV26,96.4300,yahoo
2026-04-24,ZQV27,96.5750,yahoo
2026-04-24,ZQX26,96.4450,yahoo
2026-04-24,ZQX27,96.5950,yahoo
2026-04-24,ZQZ26,96.4650,yahoo
2026-04-24,ZQZ27,96.7600,yahoo
2026-04-27,ZQF27,96.4450,yahoo
2026-04-27,ZQF28,96.8950,yahoo
2026-04-27,ZQG27,96.4450,yahoo
2026-04-27,ZQG28,96.8800,yahoo
2026-04-27,ZQH27,96.4450,yahoo
2026-04-27,ZQJ27,96.4500,yahoo
2026-04-27,ZQK27,96.4450,yahoo
2026-04-27,ZQM27,96.4650,yahoo
2026-04-27,ZQN27,96.4750,yahoo
2026-04-27,ZQQ27,96.4900,yahoo
2026-04-27,ZQU26,96.4000,yahoo
2026-04-27,ZQU27,96.5150,yahoo
2026-04-27,ZQV26,96.4150,yahoo
2026-04-27,ZQV27,96.5450,yahoo
2026-04-27,ZQX26,96.4200,yahoo
2026-04-27,ZQX27,96.5650,yahoo
2026-04-27,ZQZ26,96.4400,yahoo
2026-04-27,ZQZ27,96.7300,yahoo
2026-04-28,ZQF27,96.4100,yahoo
2026-04-28,ZQF28,96.8300,yahoo
2026-04-28,ZQG27,96.4000,yahoo
2026-04-28,ZQG28,96.8150,yahoo
2026-04-28,ZQH27,96.4000,yahoo
2026-04-28,ZQJ27,96.3950,yahoo
2026-04-28,ZQK27,96.3850,yahoo
2026-04-28,ZQM27,96.4000,yahoo
2026-04-28,ZQN27,96.4100,yahoo
2026-04-28,ZQQ27,96.4250,yahoo
2026-04-28,ZQU26,96.3900,yahoo
2026-04-28,ZQU27,96.4500,yahoo
2026-04-28,ZQV26,96.4000,yahoo
2026-04-28,ZQV27,96.4800,yahoo
2026-04-28,ZQX26,96.4000,yahoo
2026-04-28,ZQX27,96.5000,yahoo
2026-04-28,ZQZ26,96.4100,yahoo
2026-04-28,ZQZ27,96.6650,yahoo
2026-04-29,ZQF27,96.3300,yahoo
2026-04-29,ZQF28,96.4400,yahoo
2026-04-29,ZQG27,96.3000,yahoo
2026-04-29,ZQG28,96.4250,yahoo
2026-04-29,ZQH27,96.2850,yahoo
2026-04-29,ZQJ27,96.2650,yahoo
2026-04-29,ZQK27,96.2400,yahoo
2026-04-29,ZQM27,96.2500,yahoo
2026-04-29,ZQN27,96.2550,yahoo
2026-04-29,ZQQ27,96.2700,yahoo
2026-04-29,ZQU26,96.3600,yahoo
2026-04-29,ZQU27,96.2950,yahoo
2026-04-29,ZQV26,96.3600,yahoo
2026-04-29,ZQV27,96.3250,yahoo
2026-04-29,ZQX26,96.3500,yahoo
2026-04-29,ZQX27,96.3500,yahoo
2026-04-29,ZQZ26,96.3400,yahoo
2026-04-29,ZQZ27,96.5150,yahoo
2026-04-30,ZQF27,96.3800,yahoo
2026-04-30,ZQF28,96.5000,yahoo
2026-04-30,ZQG27,96.3550,yahoo
2026-04-30,ZQG28,96.4850,yahoo
2026-04-30,ZQH27,96.3400,yahoo
2026-04-30,ZQJ27,96.3250,yahoo
2026-04-30,ZQK27,96.3050,yahoo
2026-04-30,ZQM27,96.3150,yahoo
2026-04-30,ZQN27,96.3200,yahoo
2026-04-30,ZQQ27,96.3400,yahoo
2026-04-30,ZQU26,96.3950,yahoo
2026-04-30,ZQU27,96.3650,yahoo
2026-04-30,ZQV26,96.4000,yahoo
2026-04-30,ZQV27,96.3950,yahoo
2026-04-30,ZQX26,96.4000,yahoo
2026-04-30,ZQX27,96.4200,yahoo
2026-04-30,ZQZ26,96.3900,yahoo
2026-04-30,ZQZ27,96.5850,yahoo
2026-05-01,ZQF27,96.3650,yahoo
2026-05-01,ZQF28,96.4950,yahoo
2026-05-01,ZQG27,96.3450,yahoo
2026-05-01,ZQG28,96.4800,yahoo
2026-05-01,ZQH27,96.3300,yahoo
2026-05-01,ZQJ27,96.3150,yahoo
2026-05-01,ZQK27,96.3000,yahoo
2026-05-01,ZQM27,96.3100,yahoo
2026-05-01,ZQN27,96.3150,yahoo
2026-05-01,ZQQ27,96.3350,yahoo
2026-05-01,ZQU26,96.3900,yahoo
2026-05-01,ZQU27,96.3600,yahoo
2026-05-01,ZQV26,96.3950,yahoo
2026-05-01,ZQV27,96.3900,yahoo
2026-05-01,ZQX26,96.3900,yahoo
2026-05-01,ZQX27,96.4150,yahoo
2026-05-01,ZQZ26,96.3750,yahoo
2026-05-01,ZQZ27,96.5800,yahoo
2026-05-04,ZQF27,96.2750,yahoo
2026-05-04,ZQF28,96.3850,yahoo
2026-05-04,ZQG27,96.2400,yahoo
2026-05-04,ZQG28,96.3700,yahoo
2026-05-04,ZQH27,96.2250,yahoo
2026-05-04,ZQJ27,96.2050,yahoo
2026-05-04,ZQK27,96.1900,yahoo
2026-05-04,ZQM27,96.2000,yahoo
2026-05-04,ZQN27,96.2050,yahoo
2026-05-04,ZQQ27,96.2250,yahoo
2026-05-04,ZQU26,96.3750,yahoo
2026-05-04,ZQU27,96.2500,yahoo
2026-05-04,ZQV26,96.3650,yahoo
2026-05-04,ZQV27,96.2800,yahoo
2026-05-04,ZQX26,96.3300,yahoo
2026-05-04,ZQX27,96.3050,yahoo
2026-05-04,ZQZ26,96.2950,yahoo
2026-05-04,ZQZ27,96.4700,yahoo
2026-05-05,ZQF27,96.2950,yahoo
2026-05-05,ZQF28,96.4100,yahoo
2026-05-05,ZQG27,96.2650,yahoo
2026-05-05,ZQG28,96.3950,yahoo
2026-05-05,ZQH27,96.2500,yahoo
2026-05-05,ZQJ27,96.2300,yahoo
2026-05-05,ZQK27,96.2150,yahoo
2026-05-05,ZQM27,96.2250,yahoo
2026-05-05,ZQN27,96.2300,yahoo
2026-05-05,ZQQ27,96.2500,yahoo
2026-05-05,ZQU26,96.3850,yahoo
2026-05-05,ZQU27,96.2750,yahoo
2026-05-05,ZQV26,96.3800,yahoo
2026-05-05,ZQV27,96.3050,yahoo
2026-05-05,ZQX26,96.3400,yahoo
2026-05-05,ZQX27,96.3300,yahoo
2026-05-05,ZQZ26,96.3050,yahoo
2026-05-05,ZQZ27,96.4950,yahoo
2026-05-06,ZQF27,96.3500,yahoo
2026-05-06,ZQF28,96.4150,yahoo
2026-05-06,ZQG27,96.3400,yahoo
2026-05-06,ZQG28,96.4000,yahoo
2026-05-06,ZQH27,96.3250,yahoo
2026-05-06,ZQJ27,96.3150,yahoo
2026-05-06,ZQK27,96.3050,yahoo
2026-05-06,ZQM27,96.3150,yahoo
2026-05-06,ZQN27,96.3250,yahoo
2026-05-06,ZQQ27,96.3450,yahoo
2026-05-06,ZQU26,96.3950,yahoo
2026-05-06,ZQU27,96.3700,yahoo
2026-05-06,ZQV26,96.4000,yahoo
2026-05-06,ZQV27,96.4000,yahoo
2026-05-06,ZQX26,96.3800,yahoo
2026-05-06,ZQX27,96.4200,yahoo
2026-05-06,ZQZ26,96.3550,yahoo
2026-05-06,ZQZ27,96.5000,yahoo
2026-05-07,ZQF27,96.3200,yahoo
2026-05-07,ZQF28,96.3400,yahoo
2026-05-07,ZQG27,96.3000,yahoo
2026-05-07,ZQG28,96.3250,yahoo
2026-05-07,ZQH27,96.2800,yahoo
2026-05-07,ZQJ27,96.2600,yahoo
2026-05-07,ZQK27,96.2450,yahoo
2026-05-07,ZQM27,96.2550,yahoo
2026-05-07,ZQN27,96.2600,yahoo
2026-05-07,ZQQ27,96.2750,yahoo
2026-05-07,ZQU26,96.3850,yahoo
2026-05-07,ZQU27,96.3000,yahoo
2026-05-07,ZQV26,96.3800,yahoo
2026-05-07,ZQV27,96.3300,yahoo
2026-05-07,ZQX26,96.3550,yahoo
2026-05-07,ZQX27,96.3450,yahoo
2026-05-07,ZQZ26,96.3300,yahoo
2026-05-07,ZQZ27,96.4250,yahoo
2026-05-08,ZQF27,96.3550,yahoo
2026-05-08,ZQF28,96.3750,yahoo
2026-05-08,ZQG27,96.3400,yahoo
2026-05-08,ZQG28,96.3600,yahoo
2026-05-08,ZQH27,96.3250,yahoo
2026-05-08,ZQJ27,96.3050,yahoo
2026-05-08,ZQK27,96.2900,yahoo
2026-05-08,ZQM27,96.3000,yahoo
2026-05-08,ZQN27,96.3050,yahoo
2026-05-08,ZQQ27,96.3200,yahoo
2026-05-08,ZQU26,96.3950,yahoo
2026-05-08,ZQU27,96.3450,yahoo
2026-05-08,ZQV26,96.3950,yahoo
2026-05-08,ZQV27,96.3650,yahoo
2026-05-08,ZQX26,96.3800,yahoo
2026-05-08,ZQX27,96.3800,yahoo
2026-05-08,ZQZ26,96.3600,yahoo
2026-05-08,ZQZ27,96.4600,yahoo
2026-05-11,ZQF27,96.3100,yahoo
2026-05-11,ZQF28,96.3500,yahoo
2026-05-11,ZQG27,96.2900,yahoo
2026-05-11,ZQG28,96.3350,yahoo
2026-05-11,ZQH27,96.2700,yahoo
2026-05-11,ZQJ27,96.2500,yahoo
2026-05-11,ZQK27,96.2350,yahoo
2026-05-11,ZQM27,96.2400,yahoo
2026-05-11,ZQN27,96.2400,yahoo
2026-05-11,ZQQ27,96.2500,yahoo
2026-05-11,ZQU26,96.3750,yahoo
2026-05-11,ZQU27,96.2750,yahoo
2026-05-11,ZQV26,96.3650,yahoo
2026-05-11,ZQV27,96.2950,yahoo
2026-05-11,ZQX26,96.3450,yahoo
2026-05-11,ZQX27,96.3100,yahoo
2026-05-11,ZQZ26,96.3200,yahoo
2026-05-11,ZQZ27,96.3900,yahoo
2026-05-12,ZQF27,96.2650,yahoo
2026-05-12,ZQF28,96.2650,yahoo
2026-05-12,ZQG27,96.2350,yahoo
2026-05-12,ZQG28,96.2500,yahoo
2026-05-12,ZQH27,96.2100,yahoo
2026-05-12,ZQJ27,96.1800,yahoo
2026-05-12,ZQK27,96.1550,yahoo
2026-05-12,ZQM27,96.1550,yahoo
2026-05-12,ZQN27,96.1550,yahoo
2026-05-12,ZQQ27,96.1650,yahoo
2026-05-12,ZQU26,96.3650,yahoo
2026-05-12,ZQU27,96.1900,yahoo
2026-05-12,ZQV26,96.3550,yahoo
2026-05-12,ZQV27,96.2100,yahoo
2026-05-12,ZQX26,96.3200,yahoo
2026-05-12,ZQX27,96.2250,yahoo
2026-05-12,ZQZ26,96.2800,yahoo
2026-05-12,ZQZ27,96.3050,yahoo
2026-05-13,ZQF27,96.2700,yahoo
2026-05-13,ZQF28,96.2600,yahoo
2026-05-13,ZQG27,96.2450,yahoo
2026-05-13,ZQG28,96.2450,yahoo
2026-05-13,ZQH27,96.2200,yahoo
2026-05-13,ZQJ27,96.1950,yahoo
2026-05-13,ZQK27,96.1700,yahoo
2026-05-13,ZQM27,96.1700,yahoo
2026-05-13,ZQN27,96.1700,yahoo
2026-05-13,ZQQ27,96.1800,yahoo
2026-05-13,ZQU26,96.3600,yahoo
2026-05-13,ZQU27,96.2050,yahoo
2026-05-13,ZQV26,96.3450,yahoo
2026-05-13,ZQV27,96.2200,yahoo
2026-05-13,ZQX26,96.3150,yahoo
2026-05-13,ZQX27,96.2350,yahoo
2026-05-13,ZQZ26,96.2800,yahoo
2026-05-13,ZQZ27,96.3000,yahoo
2026-05-14,ZQF27,96.2550,yahoo
2026-05-14,ZQF28,96.2500,yahoo
2026-05-14,ZQG27,96.2350,yahoo
2026-05-14,ZQG28,96.2350,yahoo
2026-05-14,ZQH27,96.2150,yahoo
2026-05-14,ZQJ27,96.1900,yahoo
2026-05-14,ZQK27,96.1650,yahoo
2026-05-14,ZQM27,96.1650,yahoo
2026-05-14,ZQN27,96.1700,yahoo
2026-05-14,ZQQ27,96.1750,yahoo
2026-05-14,ZQU26,96.3550,yahoo
2026-05-14,ZQU27,96.1950,yahoo
2026-05-14,ZQV26,96.3400,yahoo
2026-05-14,ZQV27,96.2100,yahoo
2026-05-14,ZQX26,96.3100,yahoo
2026-05-14,ZQX27,96.2250,yahoo
2026-05-14,ZQZ26,96.2700,yahoo
2026-05-14,ZQZ27,96.2900,yahoo
2026-05-15,ZQF27,96.2100,yahoo
2026-05-15,ZQF28,96.1000,yahoo
2026-05-15,ZQG27,96.1700,yahoo
2026-05-15,ZQG28,96.0850,yahoo
2026-05-15,ZQH27,96.1350,yahoo
2026-05-15,ZQJ27,96.0950,yahoo
2026-05-15,ZQK27,96.0550,yahoo
2026-05-15,ZQM27,96.0450,yahoo
2026-05-15,ZQN27,96.0400,yahoo
2026-05-15,ZQQ27,96.0350,yahoo
2026-05-15,ZQU26,96.3450,yahoo
2026-05-15,ZQU27,96.0550,yahoo
2026-05-15,ZQV26,96.3250,yahoo
2026-05-15,ZQV27,96.0700,yahoo
2026-05-15,ZQX26,96.2850,yahoo
2026-05-15,ZQX27,96.0750,yahoo
2026-05-15,ZQZ26,96.2300,yahoo
2026-05-15,ZQZ27,96.1400,yahoo
2026-05-18,ZQF27,96.2000,yahoo
2026-05-18,ZQF28,96.0850,yahoo
2026-05-18,ZQG27,96.1600,yahoo
2026-05-18,ZQG28,96.0700,yahoo
2026-05-18,ZQH27,96.1250,yahoo
2026-05-18,ZQJ27,96.0850,yahoo
2026-05-18,ZQK27,96.0450,yahoo
2026-05-18,ZQM27,96.0350,yahoo
2026-05-18,ZQN27,96.0300,yahoo
2026-05-18,ZQQ27,96.0200,yahoo
2026-05-18,ZQU26,96.3350,yahoo
2026-05-18,ZQU27,96.0400,yahoo
2026-05-18,ZQV26,96.3100,yahoo
2026-05-18,ZQV27,96.0550,yahoo
2026-05-18,ZQX26,96.2750,yahoo
2026-05-18,ZQX27,96.0600,yahoo
2026-05-18,ZQZ26,96.2200,yahoo
2026-05-18,ZQZ27,96.1250,yahoo
2026-05-19,ZQF27,96.1550,yahoo
2026-05-19,ZQF28,96.0400,yahoo
2026-05-19,ZQG27,96.1100,yahoo
2026-05-19,ZQG28,96.0250,yahoo
2026-05-19,ZQH27,96.0750,yahoo
2026-05-19,ZQJ27,96.0350,yahoo
2026-05-19,ZQK27,95.9950,yahoo
2026-05-19,ZQM27,95.9900,yahoo
2026-05-19,ZQN27,95.9850,yahoo
2026-05-19,ZQQ27,95.9750,yahoo
2026-05-19,ZQU26,96.3100,yahoo
2026-05-19,ZQU27,95.9950,yahoo
2026-05-19,ZQV26,96.2800,yahoo
2026-05-19,ZQV27,96.0100,yahoo
2026-05-19,ZQX26,96.2400,yahoo
2026-05-19,ZQX27,96.0150,yahoo
2026-05-19,ZQZ26,96.1800,yahoo
2026-05-19,ZQZ27,96.0800,yahoo
2026-05-20,ZQF27,96.2200,yahoo
2026-05-20,ZQF28,96.1550,yahoo
2026-05-20,ZQG27,96.1850,yahoo
2026-05-20,ZQG28,96.1400,yahoo
2026-05-20,ZQH27,96.1600,yahoo
2026-05-20,ZQJ27,96.1300,yahoo
2026-05-20,ZQK27,96.1000,yahoo
2026-05-20,ZQM27,96.1000,yahoo
2026-05-20,ZQN27,96.0950,yahoo
2026-05-20,ZQQ27,96.0900,yahoo
2026-05-20,ZQU26,96.3300,yahoo
2026-05-20,ZQU27,96.1100,yahoo
2026-05-20,ZQV26,96.3100,yahoo
2026-05-20,ZQV27,96.1250,yahoo
2026-05-20,ZQX26,96.2850,yahoo
2026-05-20,ZQX27,96.1300,yahoo
2026-05-20,ZQZ26,96.2400,yahoo
2026-05-20,ZQZ27,96.1950,yahoo
2026-05-21,ZQF27,96.1650,yahoo
2026-05-21,ZQF28,96.0950,yahoo
2026-05-21,ZQG27,96.1300,yahoo
2026-05-21,ZQG28,96.0800,yahoo
2026-05-21,ZQH27,96.1050,yahoo
2026-05-21,ZQJ27,96.0700,yahoo
2026-05-21,ZQK27,96.0400,yahoo
2026-05-21,ZQM27,96.0400,yahoo
2026-05-21,ZQN27,96.0350,yahoo
2026-05-21,ZQQ27,96.0300,yahoo
2026-05-21,ZQU26,96.3000,yahoo
2026-05-21,ZQU27,96.0500,yahoo
2026-05-21,ZQV26,96.2700,yahoo
2026-05-21,ZQV27,96.0650,yahoo
2026-05-21,ZQX26,96.2350,yahoo
2026-05-21,ZQX27,96.0700,yahoo
2026-05-21,ZQZ26,96.1850,yahoo
2026-05-21,ZQZ27,96.1350,yahoo
2026-05-22,ZQF27,96.1200,yahoo
2026-05-22,ZQF28,96.0550,yahoo
2026-05-22,ZQG27,96.0800,yahoo
2026-05-22,ZQG28,96.0400,yahoo
2026-05-22,ZQH27,96.0500,yahoo
2026-05-22,ZQJ27,96.0150,yahoo
2026-05-22,ZQK27,95.9850,yahoo
2026-05-22,ZQM27,95.9850,yahoo
2026-05-22,ZQN27,95.9850,yahoo
2026-05-22,ZQQ27,95.9900,yahoo
2026-05-22,ZQU26,96.2900,yahoo
2026-05-22,ZQU27,96.0100,yahoo
2026-05-22,ZQV26,96.2550,yahoo
2026-05-22,ZQV27,96.0250,yahoo
2026-05-22,ZQX26,96.2100,yahoo
2026-05-22,ZQX27,96.0300,yahoo
2026-05-22,ZQZ26,96.1500,yahoo
2026-05-22,ZQZ27,96.0950,yahoo
2026-05-26,ZQF27,96.2000,yahoo
2026-05-26,ZQF28,96.1600,yahoo
2026-05-26,ZQG27,96.1700,yahoo
2026-05-26,ZQG28,96.1450,yahoo
2026-05-26,ZQH27,96.1450,yahoo
2026-05-26,ZQJ27,96.1150,yahoo
2026-05-26,ZQK27,96.0900,yahoo
2026-05-26,ZQM27,96.0900,yahoo
2026-05-26,ZQN27,96.0900,yahoo
2026-05-26,ZQQ27,96.0950,yahoo
2026-05-26,ZQU26,96.3150,yahoo
2026-05-26,ZQU27,96.1150,yahoo
2026-05-26,ZQV26,96.2900,yahoo
2026-05-26,ZQV27,96.1300,yahoo
2026-05-26,ZQX26,96.2650,yahoo
2026-05-26,ZQX27,96.1350,yahoo
2026-05-26,ZQZ26,96.2200,yahoo
2026-05-26,ZQZ27,96.2000,yahoo
2026-05-27,ZQF27,96.2150,yahoo
2026-05-27,ZQF28,96.1800,yahoo
2026-05-27,ZQG27,96.1900,yahoo
2026-05-27,ZQG28,96.1650,yahoo
2026-05-27,ZQH27,96.1650,yahoo
2026-05-27,ZQJ27,96.1350,yahoo
2026-05-27,ZQK27,96.1100,yahoo
2026-05-27,ZQM27,96.1100,yahoo
2026-05-27,ZQN27,96.1100,yahoo
2026-05-27,ZQQ27,96.1150,yahoo
2026-05-27,ZQU26,96.3250,yahoo
2026-05-27,ZQU27,96.1350,yahoo
2026-05-27,ZQV26,96.3000,yahoo
2026-05-27,ZQV27,96.1500,yahoo
2026-05-27,ZQX26,96.2800,yahoo
2026-05-27,ZQX27,96.1550,yahoo
2026-05-27,ZQZ26,96.2350,yahoo
2026-05-27,ZQZ27,96.2200,yahoo
2026-05-28,ZQF27,96.2200,yahoo
2026-05-28,ZQF28,96.1600,yahoo
2026-05-28,ZQG27,96.2000,yahoo
2026-05-28,ZQG28,96.1450,yahoo
2026-05-28,ZQH27,96.1750,yahoo
2026-05-28,ZQJ27,96.1450,yahoo
2026-05-28,ZQK27,96.1250,yahoo
2026-05-28,ZQM27,96.1250,yahoo
2026-05-28,ZQN27,96.1250,yahoo
2026-05-28,ZQQ27,96.1250,yahoo
2026-05-28,ZQU26,96.3300,yahoo
2026-05-28,ZQU27,96.1450,yahoo
2026-05-28,ZQV26,96.3050,yahoo
2026-05-28,ZQV27,96.1600,yahoo
2026-05-28,ZQX26,96.2850,yahoo
2026-05-28,ZQX27,96.1650,yahoo
2026-05-28,ZQZ26,96.2400,yahoo
2026-05-28,ZQZ27,96.2000,yahoo
2026-05-29,ZQF27,96.2300,yahoo
2026-05-29,ZQF28,96.1600,yahoo
2026-05-29,ZQG27,96.2050,yahoo
2026-05-29,ZQG28,96.1450,yahoo
2026-05-29,ZQH27,96.1800,yahoo
2026-05-29,ZQJ27,96.1550,yahoo
2026-05-29,ZQK27,96.1350,yahoo
2026-05-29,ZQM27,96.1350,yahoo
2026-05-29,ZQN27,96.1350,yahoo
2026-05-29,ZQQ27,96.1350,yahoo
2026-05-29,ZQU26,96.3350,yahoo
2026-05-29,ZQU27,96.1550,yahoo
2026-05-29,ZQV26,96.3150,yahoo
2026-05-29,ZQV27,96.1700,yahoo
2026-05-29,ZQX26,96.2950,yahoo
2026-05-29,ZQX27,96.1750,yahoo
2026-05-29,ZQZ26,96.2500,yahoo
2026-05-29,ZQZ27,96.2000,yahoo
2026-06-01,ZQF27,96.1950,yahoo
2026-06-01,ZQF28,96.1000,yahoo
2026-06-01,ZQG27,96.1650,yahoo
2026-06-01,ZQG28,96.0850,yahoo
2026-06-01,ZQH27,96.1350,yahoo
2026-06-01,ZQJ27,96.1000,yahoo
2026-06-01,ZQK27,96.0750,yahoo
2026-06-01,ZQM27,96.0750,yahoo
2026-06-01,ZQN27,96.0750,yahoo
2026-06-01,ZQQ27,96.0750,yahoo
2026-06-01,ZQU26,96.3300,yahoo
2026-06-01,ZQU27,96.0950,yahoo
2026-06-01,ZQV26,96.3050,yahoo
2026-06-01,ZQV27,96.1100,yahoo
2026-06-01,ZQX26,96.2700,yahoo
2026-06-01,ZQX27,96.1150,yahoo
2026-06-01,ZQZ26,96.2150,yahoo
2026-06-01,ZQZ27,96.1400,yahoo
2026-06-02,ZQF27,96.1950,yahoo
2026-06-02,ZQF28,96.1000,yahoo
2026-06-02,ZQG27,96.1650,yahoo
2026-06-02,ZQG28,96.0850,yahoo
2026-06-02,ZQH27,96.1350,yahoo
2026-06-02,ZQJ27,96.1000,yahoo
2026-06-02,ZQK27,96.0750,yahoo
2026-06-02,ZQM27,96.0750,yahoo
2026-06-02,ZQN27,96.0750,yahoo
2026-06-02,ZQQ27,96.0750,yahoo
2026-06-02,ZQU26,96.3350,yahoo
2026-06-02,ZQU27,96.0950,yahoo
2026-06-02,ZQV26,96.3100,yahoo
2026-06-02,ZQV27,96.1100,yahoo
2026-06-02,ZQX26,96.2750,yahoo
2026-06-02,ZQX27,96.1150,yahoo
2026-06-02,ZQZ26,96.2200,yahoo
2026-06-02,ZQZ27,96.1400,yahoo
2026-06-03,ZQF27,96.1750,yahoo
2026-06-03,ZQF28,96.0900,yahoo
2026-06-03,ZQG27,96.1350,yahoo
2026-06-03,ZQG28,96.0750,yahoo
2026-06-03,ZQH27,96.1050,yahoo
2026-06-03,ZQJ27,96.0650,yahoo
2026-06-03,ZQK27,96.0300,yahoo
2026-06-03,ZQM27,96.0250,yahoo
2026-06-03,ZQN27,96.0250,yahoo
2026-06-03,ZQQ27,96.0250,yahoo
2026-06-03,ZQU26,96.3250,yahoo
2026-06-03,ZQU27,96.0450,yahoo
2026-06-03,ZQV26,96.2950,yahoo
2026-06-03,ZQV27,96.0600,yahoo
2026-06-03,ZQX26,96.2600,yahoo
2026-06-03,ZQX27,96.0650,yahoo
2026-06-03,ZQZ26,96.2000,yahoo
2026-06-03,ZQZ27,96.0900,yahoo
2026-06-04,ZQF27,96.2100,yahoo
2026-06-04,ZQF28,96.1350,yahoo
2026-06-04,ZQG27,96.1750,yahoo
2026-06-04,ZQG28,96.1200,yahoo
2026-06-04,ZQH27,96.1450,yahoo
2026-06-04,ZQJ27,96.1100,yahoo
2026-06-04,ZQK27,96.0800,yahoo
2026-06-04,ZQM27,96.0750,yahoo
2026-06-04,ZQN27,96.0750,yahoo
2026-06-04,ZQQ27,96.0750,yahoo
2026-06-04,ZQU26,96.3350,yahoo
2026-06-04,ZQU27,96.0950,yahoo
2026-06-04,ZQV26,96.3100,yahoo
2026-06-04,ZQV27,96.1050,yahoo
2026-06-04,ZQX26,96.2800,yahoo
2026-06-04,ZQX27,96.1100,yahoo
2026-06-04,ZQZ26,96.2300,yahoo
2026-06-04,ZQZ27,96.1350,yahoo
2026-06-05,ZQF27,96.1050,yahoo
2026-06-05,ZQF28,95.9900,yahoo
2026-06-05,ZQG27,96.0550,yahoo
2026-06-05,ZQG28,95.9750,yahoo
2026-06-05,ZQH27,96.0200,yahoo
2026-06-05,ZQJ27,95.9750,yahoo
2026-06-05,ZQK27,95.9400,yahoo
2026-06-05,ZQM27,95.9300,yahoo
2026-06-05,ZQN27,95.9300,yahoo
2026-06-05,ZQQ27,95.9300,yahoo
2026-06-05,ZQU26,96.3100,yahoo
2026-06-05,ZQU27,95.9500,yahoo
2026-06-05,ZQV26,96.2650,yahoo
2026-06-05,ZQV27,95.9600,yahoo
2026-06-05,ZQX26,96.2150,yahoo
2026-06-05,ZQX27,95.9650,yahoo
2026-06-05,ZQZ26,96.1400,yahoo
2026-06-05,ZQZ27,95.9900,yahoo
2026-06-08,ZQF27,96.1000,yahoo
2026-06-08,ZQF28,96.0050,yahoo
2026-06-08,ZQG27,96.0550,yahoo
2026-06-08,ZQG28,95.9900,yahoo
2026-06-08,ZQH27,96.0250,yahoo
2026-06-08,ZQJ27,95.9850,yahoo
2026-06-08,ZQK27,95.9550,yahoo
2026-06-08,ZQM27,95.9450,yahoo
2026-06-08,ZQN27,95.9450,yahoo
2026-06-08,ZQQ27,95.9450,yahoo
2026-06-08,ZQU26,96.3000,yahoo
2026-06-08,ZQU27,95.9650,yahoo
2026-06-08,ZQV26,96.2550,yahoo
2026-06-08,ZQV27,95.9750,yahoo
2026-06-08,ZQX26,96.2050,yahoo
2026-06-08,ZQX27,95.9800,yahoo
2026-06-08,ZQZ26,96.1300,yahoo
2026-06-08,ZQZ27,96.0050,yahoo
2026-06-09,ZQF27,96.1200,yahoo
2026-06-09,ZQF28,96.0400,yahoo
2026-06-09,ZQG27,96.0800,yahoo
2026-06-09,ZQG28,96.0250,yahoo
2026-06-09,ZQH27,96.0500,yahoo
2026-06-09,ZQJ27,96.0150,yahoo
2026-06-09,ZQK27,95.9850,yahoo
2026-06-09,ZQM27,95.9800,yahoo
2026-06-09,ZQN27,95.9800,yahoo
2026-06-09,ZQQ27,95.9800,yahoo
2026-06-09,ZQU26,96.3050,yahoo
2026-06-09,ZQU27,96.0000,yahoo
2026-06-09,ZQV26,96.2650,yahoo
2026-06-09,ZQV27,96.0100,yahoo
2026-06-09,ZQX26,96.2200,yahoo
2026-06-09,ZQX27,96.0150,yahoo
2026-06-09,ZQZ26,96.1500,yahoo
2026-06-09,ZQZ27,96.0400,yahoo
2026-06-10,ZQF27,96.1300,yahoo
2026-06-10,ZQF28,96.0400,yahoo
2026-06-10,ZQG27,96.0900,yahoo
2026-06-10,ZQG28,96.0250,yahoo
2026-06-10,ZQH27,96.0550,yahoo
2026-06-10,ZQJ27,96.0150,yahoo
2026-06-10,ZQK27,95.9850,yahoo
2026-06-10,ZQM27,95.9800,yahoo
2026-06-10,ZQN27,95.9800,yahoo
2026-06-10,ZQQ27,95.9800,yahoo
2026-06-10,ZQU26,96.3100,yahoo
2026-06-10,ZQU27,96.0000,yahoo
2026-06-10,ZQV26,96.2700,yahoo
2026-06-10,ZQV27,96.0100,yahoo
2026-06-10,ZQX26,96.2250,yahoo
2026-06-10,ZQX27,96.0150,yahoo
2026-06-10,ZQZ26,96.1600,yahoo
2026-06-10,ZQZ27,96.0400,yahoo
2026-06-11,ZQF27,96.1800,yahoo
2026-06-11,ZQF28,96.1100,yahoo
2026-06-11,ZQG27,96.1450,yahoo
2026-06-11,ZQG28,96.0950,yahoo
2026-06-11,ZQH27,96.1150,yahoo
2026-06-11,ZQJ27,96.0800,yahoo
2026-06-11,ZQK27,96.0550,yahoo
2026-06-11,ZQM27,96.0500,yahoo
2026-06-11,ZQN27,96.0500,yahoo
2026-06-11,ZQQ27,96.0500,yahoo
2026-06-11,ZQU26,96.3250,yahoo
2026-06-11,ZQU27,96.0700,yahoo
2026-06-11,ZQV26,96.2900,yahoo
2026-06-11,ZQV27,96.0800,yahoo
2026-06-11,ZQX26,96.2600,yahoo
2026-06-11,ZQX27,96.0850,yahoo
2026-06-11,ZQZ26,96.2050,yahoo
2026-06-11,ZQZ27,96.1100,yahoo
2026-06-12,ZQF27,96.1700,yahoo
2026-06-12,ZQF28,96.0950,yahoo
2026-06-12,ZQG27,96.1300,yahoo
2026-06-12,ZQG28,96.0800,yahoo
2026-06-12,ZQH27,96.1050,yahoo
2026-06-12,ZQJ27,96.0700,yahoo
2026-06-12,ZQK27,96.0400,yahoo
2026-06-12,ZQM27,96.0350,yahoo
2026-06-12,ZQN27,96.0350,yahoo
2026-06-12,ZQQ27,96.0400,yahoo
2026-06-12,ZQU26,96.3300,yahoo
2026-06-12,ZQU27,96.0600,yahoo
2026-06-12,ZQV26,96.3000,yahoo
2026-06-12,ZQV27,96.0700,yahoo
2026-06-12,ZQX26,96.2650,yahoo
2026-06-12,ZQX27,96.0750,yahoo
2026-06-12,ZQZ26,96.2000,yahoo
2026-06-12,ZQZ27,96.0950,yahoo
2026-06-15,ZQF27,96.1800,yahoo
2026-06-15,ZQF28,96.1300,yahoo
2026-06-15,ZQG27,96.1450,yahoo
2026-06-15,ZQG28,96.1150,yahoo
2026-06-15,ZQH27,96.1200,yahoo
2026-06-15,ZQJ27,96.0950,yahoo
2026-06-15,ZQK27,96.0750,yahoo
2026-06-15,ZQM27,96.0700,yahoo
2026-06-15,ZQN27,96.0700,yahoo
2026-06-15,ZQQ27,96.0750,yahoo
2026-06-15,ZQU26,96.3250,yahoo
2026-06-15,ZQU27,96.0950,yahoo
2026-06-15,ZQV26,96.2950,yahoo
2026-06-15,ZQV27,96.1050,yahoo
2026-06-15,ZQX26,96.2650,yahoo
2026-06-15,ZQX27,96.1100,yahoo
2026-06-15,ZQZ26,96.2050,yahoo
2026-06-15,ZQZ27,96.1300,yahoo
2026-06-16,ZQF27,96.1700,yahoo
2026-06-16,ZQF28,96.1550,yahoo
2026-06-16,ZQG27,96.1400,yahoo
2026-06-16,ZQG28,96.1400,yahoo
2026-06-16,ZQH27,96.1200,yahoo
2026-06-16,ZQJ27,96.1000,yahoo
2026-06-16,ZQK27,96.0850,yahoo
2026-06-16,ZQM27,96.0900,yahoo
2026-06-16,ZQN27,96.0950,yahoo
2026-06-16,ZQQ27,96.1050,yahoo
2026-06-16,ZQU26,96.3200,yahoo
2026-06-16,ZQU27,96.1200,yahoo
2026-06-16,ZQV26,96.2900,yahoo
2026-06-16,ZQV27,96.1300,yahoo
2026-06-16,ZQX26,96.2600,yahoo
2026-06-16,ZQX27,96.1350,yahoo
2026-06-16,ZQZ26,96.1950,yahoo
2026-06-16,ZQZ27,96.1550,yahoo
2026-06-17,ZQF27,96.0350,yahoo
2026-06-17,ZQF28,96.0350,yahoo
2026-06-17,ZQG27,96.0000,yahoo
2026-06-17,ZQG28,96.0200,yahoo
2026-06-17,ZQH27,95.9750,yahoo
2026-06-17,ZQJ27,95.9500,yahoo
2026-06-17,ZQK27,95.9400,yahoo
2026-06-17,ZQM27,95.9500,yahoo
2026-06-17,ZQN27,95.9550,yahoo
2026-06-17,ZQQ27,95.9750,yahoo
2026-06-17,ZQU26,96.2500,yahoo
2026-06-17,ZQU27,95.9900,yahoo
2026-06-17,ZQV26,96.2000,yahoo
2026-06-17,ZQV27,96.0000,yahoo
2026-06-17,ZQX26,96.1550,yahoo
2026-06-17,ZQX27,96.0150,yahoo
2026-06-17,ZQZ26,96.0700,yahoo
2026-06-17,ZQZ27,96.0350,yahoo
2026-06-18,ZQF27,95.9750,yahoo
2026-06-18,ZQF28,96.0350,yahoo
2026-06-18,ZQG27,95.9400,yahoo
2026-06-18,ZQG28,96.0200,yahoo
2026-06-18,ZQH27,95.9200,yahoo
2026-06-18,ZQJ27,95.9000,yahoo
2026-06-18,ZQK27,95.9000,yahoo
2026-06-18,ZQM27,95.9150,yahoo
2026-06-18,ZQN27,95.9250,yahoo
2026-06-18,ZQQ27,95.9550,yahoo
2026-06-18,ZQU26,96.2100,yahoo
2026-06-18,ZQU27,95.9700,yahoo
2026-06-18,ZQV26,96.1400,yahoo
2026-06-18,ZQV27,95.9850,yahoo
2026-06-18,ZQX26,96.0800,yahoo
2026-06-18,ZQX27,96.0150,yahoo
2026-06-18,ZQZ26,96.0100,yahoo
2026-06-18,ZQZ27,96.0350,yahoo
2026-06-22,ZQF27,95.9450,yahoo
2026-06-22,ZQF28,95.9750,yahoo
2026-06-22,ZQG27,95.9050,yahoo
2026-06-22,ZQG28,95.9600,yahoo
2026-06-22,ZQH27,95.8850,yahoo
2026-06-22,ZQJ27,95.8600,yahoo
2026-06-22,ZQK27,95.8500,yahoo
2026-06-22,ZQM27,95.8600,yahoo
2026-06-22,ZQN27,95.8700,yahoo
2026-06-22,ZQQ27,95.8950,yahoo
2026-06-22,ZQU26,96.2050,yahoo
2026-06-22,ZQU27,95.9100,yahoo
2026-06-22,ZQV26,96.1200,yahoo
2026-06-22,ZQV27,95.9250,yahoo
2026-06-22,ZQX26,96.0500,yahoo
2026-06-22,ZQX27,95.9550,yahoo
2026-06-22,ZQZ26,95.9800,yahoo
2026-06-22,ZQZ27,95.9750,yahoo
2026-06-23,ZQF27,95.9850,yahoo
2026-06-23,ZQF28,96.0250,yahoo
2026-06-23,ZQG27,95.9550,yahoo
2026-06-23,ZQG28,96.0100,yahoo
2026-06-23,ZQH27,95.9350,yahoo
2026-06-23,ZQJ27,95.9150,yahoo
2026-06-23,ZQK27,95.9050,yahoo
2026-06-23,ZQM27,95.9150,yahoo
2026-06-23,ZQN27,95.9250,yahoo
2026-06-23,ZQQ27,95.9450,yahoo
2026-06-23,ZQU26,96.2100,yahoo
2026-06-23,ZQU27,95.9600,yahoo
2026-06-23,ZQV26,96.1350,yahoo
2026-06-23,ZQV27,95.9750,yahoo
2026-06-23,ZQX26,96.0800,yahoo
2026-06-23,ZQX27,96.0050,yahoo
2026-06-23,ZQZ26,96.0150,yahoo
2026-06-23,ZQZ27,96.0250,yahoo
2026-06-24,ZQF27,96.0250,yahoo
2026-06-24,ZQF28,96.1050,yahoo
2026-06-24,ZQG27,96.0000,yahoo
2026-06-24,ZQG28,96.0900,yahoo
2026-06-24,ZQH27,95.9850,yahoo
2026-06-24,ZQJ27,95.9700,yahoo
2026-06-24,ZQK27,95.9650,yahoo
2026-06-24,ZQM27,95.9800,yahoo
2026-06-24,ZQN27,95.9900,yahoo
2026-06-24,ZQQ27,96.0150,yahoo
2026-06-24,ZQU26,96.2250,yahoo
2026-06-24,ZQU27,96.0300,yahoo
2026-06-24,ZQV26,96.1550,yahoo
2026-06-24,ZQV27,96.0550,yahoo
2026-06-24,ZQX26,96.1050,yahoo
2026-06-24,ZQX27,96.0850,yahoo
2026-06-24,ZQZ26,96.0500,yahoo
2026-06-24,ZQZ27,96.1050,yahoo
2026-06-25,ZQF27,96.0350,yahoo
2026-06-25,ZQF28,96.1350,yahoo
2026-06-25,ZQG27,96.0150,yahoo
2026-06-25,ZQG28,96.1200,yahoo
2026-06-25,ZQH27,96.0000,yahoo
2026-06-25,ZQJ27,95.9850,yahoo
2026-06-25,ZQK27,95.9900,yahoo
2026-06-25,ZQM27,96.0100,yahoo
2026-06-25,ZQN27,96.0200,yahoo
2026-06-25,ZQQ27,96.0450,yahoo
2026-06-25,ZQU26,96.2350,yahoo
2026-06-25,ZQU27,96.0600,yahoo
2026-06-25,ZQV26,96.1700,yahoo
2026-06-25,ZQV27,96.0850,yahoo
2026-06-25,ZQX26,96.1200,yahoo
2026-06-25,ZQX27,96.1150,yahoo
2026-06-25,ZQZ26,96.0600,yahoo
2026-06-25,ZQZ27,96.1350,yahoo
2026-06-26,ZQF27,96.0650,yahoo
2026-06-26,ZQF28,96.1700,yahoo
2026-06-26,ZQG27,96.0500,yahoo
2026-06-26,ZQG28,96.1550,yahoo
2026-06-26,ZQH27,96.0350,yahoo
2026-06-26,ZQJ27,96.0200,yahoo
2026-06-26,ZQK27,96.0250,yahoo
2026-06-26,ZQM27,96.0450,yahoo
2026-06-26,ZQN27,96.0550,yahoo
2026-06-26,ZQQ27,96.0800,yahoo
2026-06-26,ZQU26,96.2450,yahoo
2026-06-26,ZQU27,96.0950,yahoo
2026-06-26,ZQV26,96.1850,yahoo
2026-06-26,ZQV27,96.1200,yahoo
2026-06-26,ZQX26,96.1400,yahoo
2026-06-26,ZQX27,96.1500,yahoo
2026-06-26,ZQZ26,96.0850,yahoo
2026-06-26,ZQZ27,96.1700,yahoo
2026-06-29,ZQF27,96.0400,yahoo
2026-06-29,ZQF28,96.1450,yahoo
2026-06-29,ZQG27,96.0200,yahoo
2026-06-29,ZQG28,96.1300,yahoo
2026-06-29,ZQH27,96.0050,yahoo
2026-06-29,ZQJ27,95.9900,yahoo
2026-06-29,ZQK27,95.9950,yahoo
2026-06-29,ZQM27,96.0150,yahoo
2026-06-29,ZQN27,96.0250,yahoo
2026-06-29,ZQQ27,96.0550,yahoo
2026-06-29,ZQU26,96.2400,yahoo
2026-06-29,ZQU27,96.0700,yahoo
2026-06-29,ZQV26,96.1750,yahoo
2026-06-29,ZQV27,96.0950,yahoo
2026-06-29,ZQX26,96.1250,yahoo
2026-06-29,ZQX27,96.1250,yahoo
2026-06-29,ZQZ26,96.0650,yahoo
2026-06-29,ZQZ27,96.1450,yahoo
2026-06-30,ZQF27,96.0150,yahoo
2026-06-30,ZQF28,96.1100,yahoo
2026-06-30,ZQG27,95.9950,yahoo
2026-06-30,ZQG28,96.0950,yahoo
2026-06-30,ZQH27,95.9750,yahoo
2026-06-30,ZQJ27,95.9550,yahoo
2026-06-30,ZQK27,95.9600,yahoo
2026-06-30,ZQM27,95.9800,yahoo
2026-06-30,ZQN27,95.9900,yahoo
2026-06-30,ZQQ27,96.0200,yahoo
2026-06-30,ZQU26,96.2300,yahoo
2026-06-30,ZQU27,96.0350,yahoo
2026-06-30,ZQV26,96.1550,yahoo
2026-06-30,ZQV27,96.0600,yahoo
2026-06-30,ZQX26,96.1050,yahoo
2026-06-30,ZQX27,96.0900,yahoo
2026-06-30,ZQZ26,96.0400,yahoo
2026-06-30,ZQZ27,96.1100,yahoo
2026-07-01,ZQF27,96.0150,yahoo
2026-07-01,ZQF28,96.0800,yahoo
2026-07-01,ZQG27,95.9850,yahoo
2026-07-01,ZQG28,96.0650,yahoo
2026-07-01,ZQH27,95.9650,yahoo
2026-07-01,ZQJ27,95.9400,yahoo
2026-07-01,ZQK27,95.9350,yahoo
2026-07-01,ZQM27,95.9500,yahoo
2026-07-01,ZQN27,95.9600,yahoo
2026-07-01,ZQQ27,95.9900,yahoo
2026-07-01,ZQU26,96.2400,yahoo
2026-07-01,ZQU27,96.0050,yahoo
2026-07-01,ZQV26,96.1700,yahoo
2026-07-01,ZQV27,96.0300,yahoo
2026-07-01,ZQX26,96.1150,yahoo
2026-07-01,ZQX27,96.0600,yahoo
2026-07-01,ZQZ26,96.0450,yahoo
2026-07-01,ZQZ27,96.0800,yahoo
2026-07-02,ZQF27,96.0600,yahoo
2026-07-02,ZQF28,96.1150,yahoo
2026-07-02,ZQG27,96.0300,yahoo
2026-07-02,ZQG28,96.1000,yahoo
2026-07-02,ZQH27,96.0100,yahoo
2026-07-02,ZQJ27,95.9850,yahoo
2026-07-02,ZQK27,95.9800,yahoo
2026-07-02,ZQM27,95.9900,yahoo
2026-07-02,ZQN27,96.0000,yahoo
2026-07-02,ZQQ27,96.0300,yahoo
2026-07-02,ZQU26,96.2750,yahoo
2026-07-02,ZQU27,96.0450,yahoo
2026-07-02,ZQV26,96.2100,yahoo
2026-07-02,ZQV27,96.0650,yahoo
2026-07-02,ZQX26,96.1600,yahoo
2026-07-02,ZQX27,96.0950,yahoo
2026-07-02,ZQZ26,96.0900,yahoo
2026-07-02,ZQZ27,96.1150,yahoo
2026-07-06,ZQF27,96.0700,yahoo
2026-07-06,ZQF28,96.1300,yahoo
2026-07-06,ZQG27,96.0450,yahoo
2026-07-06,ZQG28,96.1150,yahoo
2026-07-06,ZQH27,96.0250,yahoo
2026-07-06,ZQJ27,96.0000,yahoo
2026-07-06,ZQK27,95.9950,yahoo
2026-07-06,ZQM27,96.0100,yahoo
2026-07-06,ZQN27,96.0200,yahoo
2026-07-06,ZQQ27,96.0500,yahoo
2026-07-06,ZQU26,96.2550,yahoo
2026-07-06,ZQU27,96.0650,yahoo
2026-07-06,ZQV26,96.1950,yahoo
2026-07-06,ZQV27,96.0850,yahoo
2026-07-06,ZQX26,96.1550,yahoo
2026-07-06,ZQX27,96.1100,yahoo
2026-07-06,ZQZ26,96.0950,yahoo
2026-07-06,ZQZ27,96.1300,yahoo
2026-07-07,ZQF27,96.0400,yahoo
2026-07-07,ZQF28,96.0800,yahoo
2026-07-07,ZQG27,96.0100,yahoo
2026-07-07,ZQG28,96.0650,yahoo
2026-07-07,ZQH27,95.9850,yahoo
2026-07-07,ZQJ27,95.9600,yahoo
2026-07-07,ZQK27,95.9550,yahoo
2026-07-07,ZQM27,95.9650,yahoo
2026-07-07,ZQN27,95.9750,yahoo
2026-07-07,ZQQ27,96.0000,yahoo
2026-07-07,ZQU26,96.2500,yahoo
2026-07-07,ZQU27,96.0150,yahoo
2026-07-07,ZQV26,96.1800,yahoo
2026-07-07,ZQV27,96.0350,yahoo
2026-07-07,ZQX26,96.1350,yahoo
2026-07-07,ZQX27,96.0600,yahoo
2026-07-07,ZQZ26,96.0700,yahoo
2026-07-07,ZQZ27,96.0800,yahoo
2026-07-08,ZQF27,96.0050,yahoo
2026-07-08,ZQF28,96.0400,yahoo
2026-07-08,ZQG27,95.9750,yahoo
2026-07-08,ZQG28,96.0250,yahoo
2026-07-08,ZQH27,95.9500,yahoo
2026-07-08,ZQJ27,95.9250,yahoo
2026-07-08,ZQK27,95.9150,yahoo
2026-07-08,ZQM27,95.9250,yahoo
2026-07-08,ZQN27,95.9350,yahoo
2026-07-08,ZQQ27,95.9600,yahoo
2026-07-08,ZQU26,96.2350,yahoo
2026-07-08,ZQU27,95.9750,yahoo
2026-07-08,ZQV26,96.1600,yahoo
2026-07-08,ZQV27,95.9950,yahoo
2026-07-08,ZQX26,96.1050,yahoo
2026-07-08,ZQX27,96.0200,yahoo
2026-07-08,ZQZ26,96.0350,yahoo
2026-07-08,ZQZ27,96.0400,yahoo
2026-07-09,ZQF27,96.0400,yahoo
2026-07-09,ZQF28,96.0750,yahoo
2026-07-09,ZQG27,96.0100,yahoo
2026-07-09,ZQG28,96.0600,yahoo
2026-07-09,ZQH27,95.9900,yahoo
2026-07-09,ZQJ27,95.9650,yahoo
2026-07-09,ZQK27,95.9550,yahoo
2026-07-09,ZQM27,95.9650,yahoo
2026-07-09,ZQN27,95.9750,yahoo
2026-07-09,ZQQ27,95.9950,yahoo
2026-07-09,ZQU26,96.2550,yahoo
2026-07-09,ZQU27,96.0100,yahoo
2026-07-09,ZQV26,96.1850,yahoo
2026-07-09,ZQV27,96.0300,yahoo
2026-07-09,ZQX26,96.1400,yahoo
2026-07-09,ZQX27,96.0550,yahoo
2026-07-09,ZQZ26,96.0750,yahoo
2026-07-09,ZQZ27,96.0750,yahoo
2026-07-10,ZQF27,96.0000,yahoo
2026-07-10,ZQF28,96.0250,yahoo
2026-07-10,ZQG27,95.9700,yahoo
2026-07-10,ZQG28,96.0500,yahoo
2026-07-10,ZQH27,95.9450,yahoo
2026-07-10,ZQJ27,95.9150,yahoo
2026-07-10,ZQK27,95.9050,yahoo
2026-07-10,ZQM27,95.9150,yahoo
2026-07-10,ZQN27,95.9250,yahoo
2026-07-10,ZQQ27,95.9450,yahoo
2026-07-10,ZQU26,96.2300,yahoo
2026-07-10,ZQU27,95.9600,yahoo
2026-07-10,ZQV26,96.1500,yahoo
2026-07-10,ZQV27,95.9800,yahoo
2026-07-10,ZQX26,96.1000,yahoo
2026-07-10,ZQX27,96.0050,yahoo
2026-07-10,ZQZ26,96.0300,yahoo
2026-07-10,ZQZ27,96.0250,yahoo
2026-07-13,ZQF27,95.9500,yahoo
2026-07-13,ZQF28,95.9600,yahoo
2026-07-13,ZQG27,95.9100,yahoo
2026-07-13,ZQG28,95.9900,yahoo
2026-07-13,ZQH27,95.8850,yahoo
2026-07-13,ZQJ27,95.8550,yahoo
2026-07-13,ZQK27,95.8400,yahoo
2026-07-13,ZQM27,95.8500,yahoo
2026-07-13,ZQN27,95.8600,yahoo
2026-07-13,ZQQ27,95.8800,yahoo
2026-07-13,ZQU26,96.2050,yahoo
2026-07-13,ZQU27,95.8950,yahoo
2026-07-13,ZQV26,96.1200,yahoo
2026-07-13,ZQV27,95.9150,yahoo
2026-07-13,ZQX26,96.0550,yahoo
2026-07-13,ZQX27,95.9400,yahoo
2026-07-13,ZQZ26,95.9850,yahoo
2026-07-13,ZQZ27,95.9600,yahoo
2026-07-14,ZQF27,96.0650,yahoo
2026-07-14,ZQF28,96.0250,yahoo
2026-07-14,ZQG27,96.0300,yahoo
2026-07-14,ZQG28,96.0550,yahoo
2026-07-14,ZQH27,96.0000,yahoo
2026-07-14,ZQJ27,95.9650,yahoo
2026-07-14,ZQK27,95.9450,yahoo
2026-07-14,ZQM27,95.9450,yahoo
2026-07-14,ZQN27,95.9500,yahoo
2026-07-14,ZQQ27,95.9600,yahoo
2026-07-14,ZQU26,96.2750,yahoo
2026-07-14,ZQU27,95.9700,yahoo
2026-07-14,ZQV26,96.2050,yahoo
2026-07-14,ZQV27,95.9850,yahoo
2026-07-14,ZQX26,96.1600,yahoo
2026-07-14,ZQX27,96.0050,yahoo
2026-07-14,ZQZ26,96.0950,yahoo
2026-07-14,ZQZ27,96.0250,yahoo
2026-07-15,ZQF27,96.1150,yahoo
2026-07-15,ZQF28,96.1000,yahoo
2026-07-15,ZQG27,96.0850,yahoo
2026-07-15,ZQG28,96.1300,yahoo
2026-07-15,ZQH27,96.0650,yahoo
2026-07-15,ZQJ27,96.0350,yahoo
2026-07-15,ZQK27,96.0150,yahoo
2026-07-15,ZQM27,96.0200,yahoo
2026-07-15,ZQN27,96.0250,yahoo
2026-07-15,ZQQ27,96.0350,yahoo
2026-07-15,ZQU26,96.2950,yahoo
2026-07-15,ZQU27,96.0450,yahoo
2026-07-15,ZQV26,96.2350,yahoo
2026-07-15,ZQV27,96.0600,yahoo
2026-07-15,ZQX26,96.1950,yahoo
2026-07-15,ZQX27,96.0800,yahoo
2026-07-15,ZQZ26,96.1400,yahoo
2026-07-15,ZQZ27,96.1000,yahoo
2026-07-16,ZQF27,96.0950,yahoo
2026-07-16,ZQF28,96.0650,yahoo
2026-07-16,ZQG27,96.0600,yahoo
2026-07-16,ZQG28,96.0950,yahoo
2026-07-16,ZQH27,96.0350,yahoo
2026-07-16,ZQJ27,96.0050,yahoo
2026-07-16,ZQK27,95.9850,yahoo
2026-07-16,ZQM27,95.9850,yahoo
2026-07-16,ZQN27,95.9900,yahoo
2026-07-16,ZQQ27,96.0000,yahoo
2026-07-16,ZQU26,96.2900,yahoo
2026-07-16,ZQU27,96.0100,yahoo
2026-07-16,ZQV26,96.2250,yahoo
2026-07-16,ZQV27,96.0250,yahoo
2026-07-16,ZQX26,96.1800,yahoo
2026-07-16,ZQX27,96.0450,yahoo
2026-07-16,ZQZ26,96.1200,yahoo
2026-07-16,ZQZ27,96.0650,yahoo
2026-07-17,ZQF27,96.0600,yahoo
2026-07-17,ZQF28,96.0500,yahoo
2026-07-17,ZQG27,96.0250,yahoo
2026-07-17,ZQG28,96.0800,yahoo
2026-07-17,ZQH27,96.0000,yahoo
2026-07-17,ZQJ27,95.9750,yahoo
2026-07-17,ZQK27,95.9600,yahoo
2026-07-17,ZQM27,95.9600,yahoo
2026-07-17,ZQN27,95.9650,yahoo
2026-07-17,ZQQ27,95.9800,yahoo
2026-07-17,ZQU26,96.2800,yahoo
2026-07-17,ZQU27,95.9950,yahoo
2026-07-17,ZQV26,96.2050,yahoo
2026-07-17,ZQV27,96.0100,yahoo
2026-07-17,ZQX26,96.1500,yahoo
2026-07-17,ZQX27,96.0300,yahoo
2026-07-17,ZQZ26,96.0850,yahoo
2026-07-17,ZQZ27,96.0500,yahoo
2026-07-20,ZQF27,96.0250,yahoo
2026-07-20,ZQF28,96.0200,yahoo
2026-07-20,ZQG27,95.9900,yahoo
2026-07-20,ZQG28,96.0500,yahoo
2026-07-20,ZQH27,95.9650,yahoo
2026-07-20,ZQJ27,95.9350,yahoo
2026-07-20,ZQK27,95.9200,yahoo
2026-07-20,ZQM27,95.9200,yahoo
2026-07-20,ZQN27,95.9250,yahoo
2026-07-20,ZQQ27,95.9400,yahoo
2026-07-20,ZQU26,96.2700,yahoo
2026-07-20,ZQU27,95.9550,yahoo
2026-07-20,ZQV26,96.1850,yahoo
2026-07-20,ZQV27,95.9700,yahoo
2026-07-20,ZQX26,96.1250,yahoo
2026-07-20,ZQX27,95.9900,yahoo
2026-07-20,ZQZ26,96.0550,yahoo
2026-07-20,ZQZ27,96.0100,yahoo
2026-07-21,ZQF27,95.9850,yahoo
2026-07-21,ZQF28,95.9750,yahoo
2026-07-21,ZQG27,95.9450,yahoo
2026-07-21,ZQG28,96.0050,yahoo
2026-07-21,ZQH27,95.9150,yahoo
2026-07-21,ZQJ27,95.8850,yahoo
2026-07-21,ZQK27,95.8650,yahoo
2026-07-21,ZQM27,95.8700,yahoo
2026-07-21,ZQN27,95.8750,yahoo
2026-07-21,ZQQ27,95.8900,yahoo
2026-07-21,ZQU26,96.2400,yahoo
2026-07-21,ZQU27,95.9050,yahoo
2026-07-21,ZQV26,96.1550,yahoo
2026-07-21,ZQV27,95.9200,yahoo
2026-07-21,ZQX26,96.0900,yahoo
2026-07-21,ZQX27,95.9400,yahoo
2026-07-21,ZQZ26,96.0150,yahoo
2026-07-21,ZQZ27,95.9600,yahoo
2026-07-22,ZQF27,95.9450,yahoo
2026-07-22,ZQF28,95.9300,yahoo
2026-07-22,ZQG27,95.9050,yahoo
2026-07-22,ZQG28,95.9600,yahoo
2026-07-22,ZQH27,95.8800,yahoo
2026-07-22,ZQJ27,95.8450,yahoo
2026-07-22,ZQK27,95.8250,yahoo
2026-07-22,ZQM27,95.8250,yahoo
2026-07-22,ZQN27,95.8300,yahoo
2026-07-22,ZQQ27,95.8450,yahoo
2026-07-22,ZQU26,96.2100,yahoo
2026-07-22,ZQU27,95.8600,yahoo
2026-07-22,ZQV26,96.1150,yahoo
2026-07-22,ZQV27,95.8750,yahoo
2026-07-22,ZQX26,96.0500,yahoo
2026-07-22,ZQX27,95.8950,yahoo
2026-07-22,ZQZ26,95.9800,yahoo
2026-07-22,ZQZ27,95.9150,yahoo
2026-07-23,ZQF27,95.9150,yahoo
2026-07-23,ZQF28,95.8600,yahoo
2026-07-23,ZQG27,95.8700,yahoo
2026-07-23,ZQG28,95.8900,yahoo
2026-07-23,ZQH27,95.8400,yahoo
2026-07-23,ZQJ27,95.8000,yahoo
2026-07-23,ZQK27,95.7700,yahoo
2026-07-23,ZQM27,95.7650,yahoo
2026-07-23,ZQN27,95.7650,yahoo
2026-07-23,ZQQ27,95.7700,yahoo
2026-07-23,ZQU26,96.2000,yahoo
2026-07-23,ZQU27,95.7850,yahoo
2026-07-23,ZQV26,96.0950,yahoo
2026-07-23,ZQV27,95.8050,yahoo
2026-07-23,ZQX26,96.0250,yahoo
2026-07-23,ZQX27,95.8250,yahoo
2026-07-23,ZQZ26,95.9500,yahoo
2026-07-23,ZQZ27,95.8450,yahoo
2026-07-24,ZQF27,95.9250,yahoo
2026-07-24,ZQF28,95.9000,yahoo
2026-07-24,ZQG27,95.8850,yahoo
2026-07-24,ZQG28,95.9300,yahoo
2026-07-24,ZQH27,95.8550,yahoo
2026-07-24,ZQJ27,95.8200,yahoo
2026-07-24,ZQK27,95.7950,yahoo
2026-07-24,ZQM27,95.7950,yahoo
2026-07-24,ZQN27,95.8000,yahoo
2026-07-24,ZQQ27,95.8100,yahoo
2026-07-24,ZQU26,96.1950,yahoo
2026-07-24,ZQU27,95.8250,yahoo
2026-07-24,ZQV26,96.0950,yahoo
2026-07-24,ZQV27,95.8450,yahoo
2026-07-24,ZQX26,96.0300,yahoo
2026-07-24,ZQX27,95.8650,yahoo
2026-07-24,ZQZ26,95.9600,yahoo
2026-07-24,ZQZ27,95.8850,yahoo
2026-07-27,ZQF27,95.9300,yahoo
2026-07-27,ZQF28,95.9250,yahoo
2026-07-27,ZQG27,95.8900,yahoo
2026-07-27,ZQG28,95.9550,yahoo
2026-07-27,ZQH27,95.8650,yahoo
2026-07-27,ZQJ27,95.8350,yahoo
2026-07-27,ZQK27,95.8150,yahoo
2026-07-27,ZQM27,95.8150,yahoo
2026-07-27,ZQN27,95.8200,yahoo
2026-07-27,ZQQ27,95.8300,yahoo
2026-07-27,ZQU26,96.1950,yahoo
2026-07-27,ZQU27,95.8450,yahoo
2026-07-27,ZQV26,96.0950,yahoo
2026-07-27,ZQV27,95.8650,yahoo
2026-07-27,ZQX26,96.0250,yahoo
2026-07-27,ZQX27,95.8850,yahoo
2026-07-27,ZQZ26,95.9600,yahoo
2026-07-27,ZQZ27,95.9100,yahoo
2026-07-28,ZQF27,95.9650,yahoo
2026-07-28,ZQF28,95.9700,yahoo
2026-07-28,ZQG27,95.9300,yahoo
2026-07-28,ZQG28,96.0000,yahoo
2026-07-28,ZQH27,95.9050,yahoo
2026-07-28,ZQJ27,95.8800,yahoo
2026-07-28,ZQK27,95.8600,yahoo
2026-07-28,ZQM27,95.8600,yahoo
2026-07-28,ZQN27,95.8650,yahoo
2026-07-28,ZQQ27,95.8750,yahoo
2026-07-28,ZQU26,96.2150,yahoo
2026-07-28,ZQU27,95.8900,yahoo
2026-07-28,ZQV26,96.1250,yahoo
2026-07-28,ZQV27,95.9100,yahoo
2026-07-28,ZQX26,96.0600,yahoo
2026-07-28,ZQX27,95.9300,yahoo
2026-07-28,ZQZ26,95.9950,yahoo
2026-07-28,ZQZ27,95.9550,yahoo
2026-07-29,ZQF27,96.0450,yahoo
2026-07-29,ZQF28,95.9950,yahoo
2026-07-29,ZQG27,96.0000,yahoo
2026-07-29,ZQG28,96.0250,yahoo
2026-07-29,ZQH27,95.9700,yahoo
2026-07-29,ZQJ27,95.9300,yahoo
2026-07-29,ZQK27,95.9000,yahoo
2026-07-29,ZQM27,95.8950,yahoo
2026-07-29,ZQN27,95.8950,yahoo
2026-07-29,ZQQ27,95.9050,yahoo
2026-07-29,ZQU26,96.2950,yahoo
2026-07-29,ZQU27,95.9200,yahoo
2026-07-29,ZQV26,96.2150,yahoo
2026-07-29,ZQV27,95.9350,yahoo
2026-07-29,ZQX26,96.1550,yahoo
2026-07-29,ZQX27,95.9550,yahoo
2026-07-29,ZQZ26,96.0800,yahoo
2026-07-29,ZQZ27,95.9800,yahoo
2026-07-30,ZQF27,96.0400,yahoo
2026-07-30,ZQF28,95.9950,yahoo
2026-07-30,ZQG27,96.0000,yahoo
2026-07-30,ZQG28,96.0250,yahoo
2026-07-30,ZQH27,95.9700,yahoo
2026-07-30,ZQJ27,95.9350,yahoo
2026-07-30,ZQK27,95.9100,yahoo
2026-07-30,ZQM27,95.9050,yahoo
2026-07-30,ZQN27,95.9050,yahoo
2026-07-30,ZQQ27,95.9150,yahoo
2026-07-30,ZQU26,96.2900,yahoo
2026-07-30,ZQU27,95.9250,yahoo
2026-07-30,ZQV26,96.2000,yahoo
2026-07-30,ZQV27,95.9400,yahoo
2026-07-30,ZQX26,96.1400,yahoo
2026-07-30,ZQX27,95.9550,yahoo
2026-07-30,ZQZ26,96.0700,yahoo
2026-07-30,ZQZ27,95.9800,yahoo
2026-07-31,ZQF27,96.0000,yahoo
2026-07-31,ZQF28,95.9100,yahoo
2026-07-31,ZQG27,95.9450,yahoo
2026-07-31,ZQG28,95.9400,yahoo
2026-07-31,ZQH27,95.9100,yahoo
2026-07-31,ZQJ27,95.8650,yahoo
2026-07-31,ZQK27,95.8350,yahoo
2026-07-31,ZQM27,95.8250,yahoo
2026-07-31,ZQN27,95.8250,yahoo
2026-07-31,ZQQ27,95.8300,yahoo
2026-07-31,ZQU26,96.2900,yahoo
2026-07-31,ZQU27,95.8400,yahoo
2026-07-31,ZQV26,96.1950,yahoo
2026-07-31,ZQV27,95.8550,yahoo
2026-07-31,ZQX26,96.1250,yahoo
2026-07-31,ZQX27,95.8700,yahoo
2026-07-31,ZQZ26,96.0400,yahoo
2026-07-31,ZQZ27,95.8950,yahoo
2026-08-03,ZQF27,96.0100,yahoo
2026-08-03,ZQF28,95.9550,yahoo
2026-08-03,ZQG27,95.9700,yahoo
2026-08-03,ZQG28,95.9850,yahoo
2026-08-03,ZQH27,95.9400,yahoo
2026-08-03,ZQJ27,95.9000,yahoo
2026-08-03,ZQK27,95.8750,yahoo
2026-08-03,ZQM27,95.8650,yahoo
2026-08-03,ZQN27,95.8650,yahoo
2026-08-03,ZQQ27,95.8700,yahoo
2026-08-03,ZQU26,96.2850,yahoo
2026-08-03,ZQU27,95.8850,yahoo
2026-08-03,ZQV26,96.1900,yahoo
2026-08-03,ZQV27,95.9000,yahoo
2026-08-03,ZQX26,96.1250,yahoo
2026-08-03,ZQX27,95.9150,yahoo
2026-08-03,ZQZ26,96.0450,yahoo
2026-08-03,ZQZ27,95.9400,yahoo
2026-08-04,ZQF27,96.0450,yahoo
2026-08-04,ZQF28,96.0250,yahoo
2026-08-04,ZQG27,96.0200,yahoo
2026-08-04,ZQG28,96.0550,yahoo
2026-08-04,ZQH27,95.9900,yahoo
2026-08-04,ZQJ27,95.9550,yahoo
2026-08-04,ZQK27,95.9400,yahoo
2026-08-04,ZQM27,95.9300,yahoo
2026-08-04,ZQN27,95.9300,yahoo
2026-08-04,ZQQ27,95.9400,yahoo
2026-08-04,ZQU26,96.3000,yahoo
2026-08-04,ZQU27,95.9550,yahoo
2026-08-04,ZQV26,96.2150,yahoo
2026-08-04,ZQV27,95.9700,yahoo
2026-08-04,ZQX26,96.1550,yahoo
2026-08-04,ZQX27,95.9850,yahoo
2026-08-04,ZQZ26,96.0750,yahoo
2026-08-04,ZQZ27,96.0100,yahoo
2026-08-05,ZQF27,96.0600,yahoo
2026-08-05,ZQF28,96.0550,yahoo
2026-08-05,ZQG27,96.0350,yahoo
2026-08-05,ZQG28,96.0850,yahoo
2026-08-05,ZQH27,96.0050,yahoo
2026-08-05,ZQJ27,95.9750,yahoo
2026-08-05,ZQK27,95.9650,yahoo
2026-08-05,ZQM27,95.9600,yahoo
2026-08-05,ZQN27,95.9600,yahoo
2026-08-05,ZQQ27,95.9700,yahoo
2026-08-05,ZQU26,96.3050,yahoo
2026-08-05,ZQU27,95.9850,yahoo
2026-08-05,ZQV26,96.2250,yahoo
2026-08-05,ZQV27,96.0000,yahoo
2026-08-05,ZQX26,96.1650,yahoo
2026-08-05,ZQX27,96.0150,yahoo
2026-08-05,ZQZ26,96.0900,yahoo
2026-08-05,ZQZ27,96.0400,yahoo
2026-08-06,ZQF27,96.0200,yahoo
2026-08-06,ZQF28,95.9700,yahoo
2026-08-06,ZQG27,95.9850,yahoo
2026-08-06,ZQG28,96.0000,yahoo
2026-08-06,ZQH27,95.9550,yahoo
2026-08-06,ZQJ27,95.9150,yahoo
2026-08-06,ZQK27,95.8950,yahoo
2026-08-06,ZQM27,95.8850,yahoo
2026-08-06,ZQN27,95.8800,yahoo
2026-08-06,ZQQ27,95.8900,yahoo
2026-08-06,ZQU26,96.3000,yahoo
2026-08-06,ZQU27,95.9000,yahoo
2026-08-06,ZQV26,96.2200,yahoo
2026-08-06,ZQV27,95.9150,yahoo
2026-08-06,ZQX26,96.1500,yahoo
2026-08-06,ZQX27,95.9300,yahoo
2026-08-06,ZQZ26,96.0600,yahoo
2026-08-06,ZQZ27,95.9550,yahoo
2026-08-07,ZQF27,96.0750,yahoo
2026-08-07,ZQF28,96.0150,yahoo
2026-08-07,ZQG27,96.0400,yahoo
2026-08-07,ZQG28,96.0400,yahoo
2026-08-07,ZQH27,96.0100,yahoo
2026-08-07,ZQJ27,95.9750,yahoo
2026-08-07,ZQK27,95.9550,yahoo
2026-08-07,ZQM27,95.9400,yahoo
2026-08-07,ZQN27,95.9400,yahoo
2026-08-07,ZQQ27,95.9450,yahoo
2026-08-07,ZQU26,96.3150,yahoo
2026-08-07,ZQU27,95.9550,yahoo
2026-08-07,ZQV26,96.2500,yahoo
2026-08-07,ZQV27,95.9650,yahoo
2026-08-07,ZQX26,96.1900,yahoo
2026-08-07,ZQX27,95.9800,yahoo
2026-08-07,ZQZ26,96.1100,yahoo
2026-08-07,ZQZ27,96.0000,yahoo
2026-08-10,ZQF27,96.0500,yahoo
2026-08-10,ZQF28,95.9700,yahoo
2026-08-10,ZQG27,96.0100,yahoo
2026-08-10,ZQG28,95.9900,yahoo
2026-08-10,ZQH27,95.9800,yahoo
2026-08-10,ZQJ27,95.9450,yahoo
2026-08-10,ZQK27,95.9250,yahoo
2026-08-10,ZQM27,95.9050,yahoo
2026-08-10,ZQN27,95.9000,yahoo
2026-08-10,ZQQ27,95.9050,yahoo
2026-08-10,ZQU26,96.3050,yahoo
2026-08-10,ZQU27,95.9100,yahoo
2026-08-10,ZQV26,96.2300,yahoo
2026-08-10,ZQV27,95.9200,yahoo
2026-08-10,ZQX26,96.1650,yahoo
2026-08-10,ZQX27,95.9350,yahoo
2026-08-10,ZQZ26,96.0850,yahoo
2026-08-10,ZQZ27,95.9550,yahoo
2026-08-11,ZQF27,96.0650,yahoo
2026-08-11,ZQF28,95.9900,yahoo
2026-08-11,ZQG27,96.0300,yahoo
2026-08-11,ZQG28,96.0100,yahoo
2026-08-11,ZQH27,96.0000,yahoo
2026-08-11,ZQJ27,95.9650,yahoo
2026-08-11,ZQK27,95.9450,yahoo
2026-08-11,ZQM27,95.9300,yahoo
2026-08-11,ZQN27,95.9250,yahoo
2026-08-11,ZQQ27,95.9300,yahoo
2026-08-11,ZQU26,96.3100,yahoo
2026-08-11,ZQU27,95.9350,yahoo
2026-08-11,ZQV26,96.2400,yahoo
2026-08-11,ZQV27,95.9450,yahoo
2026-08-11,ZQX26,96.1800,yahoo
2026-08-11,ZQX27,95.9550,yahoo
2026-08-11,ZQZ26,96.1000,yahoo
2026-08-11,ZQZ27,95.9750,yahoo
2026-08-12,ZQF27,96.0900,yahoo
2026-08-12,ZQF28,96.0100,yahoo
2026-08-12,ZQG27,96.0550,yahoo
2026-08-12,ZQG28,96.0300,yahoo
2026-08-12,ZQH27,96.0250,yahoo
2026-08-12,ZQJ27,95.9900,yahoo
2026-08-12,ZQK27,95.9700,yahoo
2026-08-12,ZQM27,95.9550,yahoo
2026-08-12,ZQN27,95.9500,yahoo
2026-08-12,ZQQ27,95.9500,yahoo
2026-08-12,ZQU26,96.3200,yahoo
2026-08-12,ZQU27,95.9550,yahoo
2026-08-12,ZQV26,96.2600,yahoo
2026-08-12,ZQV27,95.9650,yahoo
2026-08-12,ZQX26,96.2050,yahoo
2026-08-12,ZQX27,95.9750,yahoo
2026-08-12,ZQZ26,96.1250,yahoo
2026-08-12,ZQZ27,95.9950,yahoo
2026-08-13,ZQF27,96.1400,yahoo
2026-08-13,ZQF28,96.0650,yahoo
2026-08-13,ZQG27,96.1050,yahoo
2026-08-13,ZQG28,96.0850,yahoo
2026-08-13,ZQH27,96.0800,yahoo
2026-08-13,ZQJ27,96.0500,yahoo
2026-08-13,ZQK27,96.0350,yahoo
2026-08-13,ZQM27,96.0200,yahoo
2026-08-13,ZQN27,96.0150,yahoo
2026-08-13,ZQQ27,96.0200,yahoo
2026-08-13,ZQU26,96.3300,yahoo
2026-08-13,ZQU27,96.0250,yahoo
2026-08-13,ZQV26,96.2800,yahoo
2026-08-13,ZQV27,96.0300,yahoo
2026-08-13,ZQX26,96.2300,yahoo
2026-08-13,ZQX27,96.0400,yahoo
2026-08-13,ZQZ26,96.1650,yahoo
2026-08-13,ZQZ27,96.0600,yahoo
2026-08-14,ZQF27,96.1300,yahoo
2026-08-14,ZQF28,96.0300,yahoo
2026-08-14,ZQG27,96.0900,yahoo
2026-08-14,ZQG28,96.0500,yahoo
2026-08-14,ZQH27,96.0650,yahoo
2026-08-14,ZQJ27,96.0300,yahoo
2026-08-14,ZQK27,96.0100,yahoo
2026-08-14,ZQM27,95.9950,yahoo
2026-08-14,ZQN27,95.9900,yahoo
2026-08-14,ZQQ27,95.9900,yahoo
2026-08-14,ZQU26,96.3300,yahoo
2026-08-14,ZQU27,95.9950,yahoo
2026-08-14,ZQV26,96.2800,yahoo
2026-08-14,ZQV27,96.0000,yahoo
2026-08-14,ZQX26,96.2350,yahoo
2026-08-14,ZQX27,96.0100,yahoo
2026-08-14,ZQZ26,96.1650,yahoo
2026-08-14,ZQZ27,96.0250,yahoo
2026-08-17,ZQF27,96.1250,yahoo
2026-08-17,ZQF28,96.0150,yahoo
2026-08-17,ZQG27,96.0850,yahoo
2026-08-17,ZQG28,96.0350,yahoo
2026-08-17,ZQH27,96.0550,yahoo
2026-08-17,ZQJ27,96.0200,yahoo
2026-08-17,ZQK27,96.0000,yahoo
2026-08-17,ZQM27,95.9850,yahoo
2026-08-17,ZQN27,95.9800,yahoo
2026-08-17,ZQQ27,95.9800,yahoo
2026-08-17,ZQU26,96.3300,yahoo
2026-08-17,ZQU27,95.9850,yahoo
2026-08-17,ZQV26,96.2750,yahoo
2026-08-17,ZQV27,95.9900,yahoo
2026-08-17,ZQX26,96.2300,yahoo
2026-08-17,ZQX27,95.9950,yahoo
2026-08-17,ZQZ26,96.1600,yahoo
2026-08-17,ZQZ27,96.0100,yahoo
2026-08-18,ZQF27,96.1300,yahoo
2026-08-18,ZQF28,96.0200,yahoo
2026-08-18,ZQG27,96.0850,yahoo
2026-08-18,ZQG28,96.0400,yahoo
2026-08-18,ZQH27,96.0550,yahoo
2026-08-18,ZQJ27,96.0250,yahoo
2026-08-18,ZQK27,96.0050,yahoo
2026-08-18,ZQM27,95.9900,yahoo
2026-08-18,ZQN27,95.9850,yahoo
2026-08-18,ZQQ27,95.9850,yahoo
2026-08-18,ZQU26,96.3300,yahoo
2026-08-18,ZQU27,95.9900,yahoo
2026-08-18,ZQV26,96.2750,yahoo
2026-08-18,ZQV27,95.9950,yahoo
2026-08-18,ZQX26,96.2300,yahoo
2026-08-18,ZQX27,96.0000,yahoo
2026-08-18,ZQZ26,96.1600,yahoo
2026-08-18,ZQZ27,96.0150,yahoo
2026-08-19,ZQF27,96.1300,yahoo
2026-08-19,ZQF28,96.0100,yahoo
2026-08-19,ZQG27,96.0900,yahoo
2026-08-19,ZQG28,96.0300,yahoo
2026-08-19,ZQH27,96.0600,yahoo
2026-08-19,ZQJ27,96.0300,yahoo
2026-08-19,ZQK27,96.0050,yahoo
2026-08-19,ZQM27,95.9850,yahoo
2026-08-19,ZQN27,95.9800,yahoo
2026-08-19,ZQQ27,95.9800,yahoo
2026-08-19,ZQU26,96.3300,yahoo
2026-08-19,ZQU27,95.9800,yahoo
2026-08-19,ZQV26,96.2800,yahoo
2026-08-19,ZQV27,95.9850,yahoo
2026-08-19,ZQX26,96.2350,yahoo
2026-08-19,ZQX27,95.9900,yahoo
2026-08-19,ZQZ26,96.1650,yahoo
2026-08-19,ZQZ27,96.0050,yahoo
2026-08-20,ZQF27,96.1350,yahoo
2026-08-20,ZQF28,96.0050,yahoo
2026-08-20,ZQG27,96.0950,yahoo
2026-08-20,ZQG28,96.0250,yahoo
2026-08-20,ZQH27,96.0650,yahoo
2026-08-20,ZQJ27,96.0350,yahoo
2026-08-20,ZQK27,96.0100,yahoo
2026-08-20,ZQM27,95.9900,yahoo
2026-08-20,ZQN27,95.9850,yahoo
2026-08-20,ZQQ27,95.9800,yahoo
2026-08-20,ZQU26,96.3300,yahoo
2026-08-20,ZQU27,95.9800,yahoo
2026-08-20,ZQV26,96.2750,yahoo
2026-08-20,ZQV27,95.9800,yahoo
2026-08-20,ZQX26,96.2300,yahoo
2026-08-20,ZQX27,95.9850,yahoo
2026-08-20,ZQZ26,96.1650,yahoo
2026-08-20,ZQZ27,96.0000,yahoo
2026-08-21,ZQF27,96.1100,yahoo
2026-08-21,ZQF28,95.9500,yahoo
2026-08-21,ZQG27,96.0650,yahoo
2026-08-21,ZQG28,95.9700,yahoo
2026-08-21,ZQH27,96.0300,yahoo
2026-08-21,ZQJ27,95.9950,yahoo
2026-08-21,ZQK27,95.9650,yahoo
2026-08-21,ZQM27,95.9400,yahoo
2026-08-21,ZQN27,95.9300,yahoo
2026-08-21,ZQQ27,95.9250,yahoo
2026-08-21,ZQU26,96.3250,yahoo
2026-08-21,ZQU27,95.9250,yahoo
2026-08-21,ZQV26,96.2650,yahoo
2026-08-21,ZQV27,95.9250,yahoo
2026-08-21,ZQX26,96.2150,yahoo
2026-08-21,ZQX27,95.9300,yahoo
2026-08-21,ZQZ26,96.1400,yahoo
2026-08-21,ZQZ27,95.9450,yahoo
2026-08-24,ZQF27,96.0900,yahoo
2026-08-24,ZQF28,95.9450,yahoo
2026-08-24,ZQG27,96.0450,yahoo
2026-08-24,ZQG28,95.9650,yahoo
2026-08-24,ZQH27,96.0100,yahoo
2026-08-24,ZQJ27,95.9750,yahoo
2026-08-24,ZQK27,95.9500,yahoo
2026-08-24,ZQM27,95.9300,yahoo
2026-08-24,ZQN27,95.9200,yahoo
2026-08-24,ZQQ27,95.9150,yahoo
2026-08-24,ZQU26,96.3200,yahoo
2026-08-24,ZQU27,95.9150,yahoo
2026-08-24,ZQV26,96.2600,yahoo
2026-08-24,ZQV27,95.9200,yahoo
2026-08-24,ZQX26,96.2000,yahoo
2026-08-24,ZQX27,95.9250,yahoo
2026-08-24,ZQZ26,96.1200,yahoo
2026-08-24,ZQZ27,95.9400,yahoo
2026-08-25,ZQF27,96.1050,yahoo
2026-08-25,ZQF28,95.9950,yahoo
2026-08-25,ZQG27,96.0650,yahoo
2026-08-25,ZQG28,96.0150,yahoo
2026-08-25,ZQH27,96.0350,yahoo
2026-08-25,ZQJ27,96.0050,yahoo
2026-08-25,ZQK27,95.9850,yahoo
2026-08-25,ZQM27,95.9700,yahoo
2026-08-25,ZQN27,95.9600,yahoo
2026-08-25,ZQQ27,95.9650,yahoo
2026-08-25,ZQU26,96.3200,yahoo
2026-08-25,ZQU27,95.9650,yahoo
2026-08-25,ZQV26,96.2650,yahoo
2026-08-25,ZQV27,95.9700,yahoo
2026-08-25,ZQX26,96.2100,yahoo
2026-08-25,ZQX27,95.9750,yahoo
2026-08-25,ZQZ26,96.1350,yahoo
2026-08-25,ZQZ27,95.9900,yahoo
2026-08-26,ZQF27,96.1000,yahoo
2026-08-26,ZQF28,95.9650,yahoo
2026-08-26,ZQG27,96.0550,yahoo
2026-08-26,ZQG28,95.9850,yahoo
2026-08-26,ZQH27,96.0200,yahoo
2026-08-26,ZQJ27,95.9850,yahoo
2026-08-26,ZQK27,95.9650,yahoo
2026-08-26,ZQM27,95.9450,yahoo
2026-08-26,ZQN27,95.9350,yahoo
2026-08-26,ZQQ27,95.9350,yahoo
2026-08-26,ZQU26,96.3250,yahoo
2026-08-26,ZQU27,95.9350,yahoo
2026-08-26,ZQV26,96.2700,yahoo
2026-08-26,ZQV27,95.9400,yahoo
2026-08-26,ZQX26,96.2150,yahoo
2026-08-26,ZQX27,95.9450,yahoo
2026-08-26,ZQZ26,96.1350,yahoo
2026-08-26,ZQZ27,95.9600,yahoo
2026-08-27,ZQF27,96.0950,yahoo
2026-08-27,ZQF28,95.9500,yahoo
2026-08-27,ZQG27,96.0500,yahoo
2026-08-27,ZQG28,95.9700,yahoo
2026-08-27,ZQH27,96.0150,yahoo
2026-08-27,ZQJ27,95.9750,yahoo
2026-08-27,ZQK27,95.9500,yahoo
2026-08-27,ZQM27,95.9300,yahoo
2026-08-27,ZQN27,95.9200,yahoo
2026-08-27,ZQQ27,95.9200,yahoo
2026-08-27,ZQU26,96.3300,yahoo
2026-08-27,ZQU27,95.9200,yahoo
2026-08-27,ZQV26,96.2750,yahoo
2026-08-27,ZQV27,95.9250,yahoo
2026-08-27,ZQX26,96.2150,yahoo
2026-08-27,ZQX27,95.9300,yahoo
2026-08-27,ZQZ26,96.1300,yahoo
2026-08-27,ZQZ27,95.9450,yahoo
2026-08-28,ZQF27,95.9850,yahoo
2026-08-28,ZQF28,95.8150,yahoo
2026-08-28,ZQG27,95.9250,yahoo
2026-08-28,ZQG28,95.8350,yahoo
2026-08-28,ZQH27,95.8800,yahoo
2026-08-28,ZQJ27,95.8300,yahoo
2026-08-28,ZQK27,95.8000,yahoo
2026-08-28,ZQM27,95.7800,yahoo
2026-08-28,ZQN27,95.7700,yahoo
2026-08-28,ZQQ27,95.7700,yahoo
2026-08-28,ZQU26,96.3050,yahoo
2026-08-28,ZQU27,95.7700,yahoo
2026-08-28,ZQV26,96.2200,yahoo
2026-08-28,ZQV27,95.7750,yahoo
2026-08-28,ZQX26,96.1500,yahoo
2026-08-28,ZQX27,95.7900,yahoo
2026-08-28,ZQZ26,96.0350,yahoo
2026-08-28,ZQZ27,95.8100,yahoo
2026-08-31,ZQF27,95.9850,yahoo
2026-08-31,ZQF28,95.8150,yahoo
2026-08-31,ZQG27,95.9300,yahoo
2026-08-31,ZQG28,95.8350,yahoo
2026-08-31,ZQH27,95.8850,yahoo
2026-08-31,ZQJ27,95.8350,yahoo
2026-08-31,ZQK27,95.8050,yahoo
2026-08-31,ZQM27,95.7800,yahoo
2026-08-31,ZQN27,95.7700,yahoo
2026-08-31,ZQQ27,95.7700,yahoo
2026-08-31,ZQU26,96.2950,yahoo
2026-08-31,ZQU27,95.7700,yahoo
2026-08-31,ZQV26,96.2000,yahoo
2026-08-31,ZQV27,95.7750,yahoo
2026-08-31,ZQX26,96.1400,yahoo
2026-08-31,ZQX27,95.7900,yahoo
2026-08-31,ZQZ26,96.0350,yahoo
2026-08-31,ZQZ27,95.8100,yahoo
2026-09-01,ZQF27,95.9650,yahoo
2026-09-01,ZQF28,95.7600,yahoo
2026-09-01,ZQG27,95.9100,yahoo
2026-09-01,ZQG28,95.7850,yahoo
2026-09-01,ZQH27,95.8650,yahoo
2026-09-01,ZQJ27,95.8100,yahoo
2026-09-01,ZQK27,95.7750,yahoo
2026-09-01,ZQM27,95.7450,yahoo
2026-09-01,ZQN27,95.7300,yahoo
2026-09-01,ZQQ27,95.7250,yahoo
2026-09-01,ZQU26,96.2925,yahoo
2026-09-01,ZQU27,95.7250,yahoo
2026-09-01,ZQV26,96.1950,yahoo
2026-09-01,ZQV27,95.7250,yahoo
2026-09-01,ZQX26,96.1300,yahoo
2026-09-01,ZQX27,95.7350,yahoo
2026-09-01,ZQZ26,96.0200,yahoo
2026-09-01,ZQZ27,95.7550,yahoo
2026-09-02,ZQF27,95.9800,yahoo
2026-09-02,ZQF28,95.7750,yahoo
2026-09-02,ZQG27,95.9250,yahoo
2026-09-02,ZQG28,95.8000,yahoo
2026-09-02,ZQH27,95.8800,yahoo
2026-09-02,ZQJ27,95.8250,yahoo
2026-09-02,ZQK27,95.7900,yahoo
2026-09-02,ZQM27,95.7600,yahoo
2026-09-02,ZQN27,95.7450,yahoo
2026-09-02,ZQQ27,95.7350,yahoo
2026-09-02,ZQU26,96.2975,yahoo
2026-09-02,ZQU27,95.7350,yahoo
2026-09-02,ZQV26,96.2050,yahoo
2026-09-02,ZQV27,95.7350,yahoo
2026-09-02,ZQX26,96.1400,yahoo
2026-09-02,ZQX27,95.7450,yahoo
2026-09-02,ZQZ26,96.0300,yahoo
2026-09-02,ZQZ27,95.7650,yahoo
2026-09-03,ZQF27,96.0400,yahoo
2026-09-03,ZQF28,95.8300,yahoo
2026-09-03,ZQG27,95.9900,yahoo
2026-09-03,ZQG28,95.8550,yahoo
2026-09-03,ZQH27,95.9400,yahoo
2026-09-03,ZQJ27,95.8900,yahoo
2026-09-03,ZQK27,95.8550,yahoo
2026-09-03,ZQM27,95.8200,yahoo
2026-09-03,ZQN27,95.8050,yahoo
2026-09-03,ZQQ27,95.7950,yahoo
2026-09-03,ZQU26,96.3150,yahoo
2026-09-03,ZQU27,95.7950,yahoo
2026-09-03,ZQV26,96.2400,yahoo
2026-09-03,ZQV27,95.7950,yahoo
2026-09-03,ZQX26,96.1800,yahoo
2026-09-03,ZQX27,95.8000,yahoo
2026-09-03,ZQZ26,96.0850,yahoo
2026-09-03,ZQZ27,95.8200,yahoo
2026-09-04,ZQF27,96.0150,yahoo
2026-09-04,ZQF28,95.7850,yahoo
2026-09-04,ZQG27,95.9650,yahoo
2026-09-04,ZQG28,95.8100,yahoo
2026-09-04,ZQH27,95.9150,yahoo
2026-09-04,ZQJ27,95.8650,yahoo
2026-09-04,ZQK27,95.8300,yahoo
2026-09-04,ZQM27,95.7950,yahoo
2026-09-04,ZQN27,95.7750,yahoo
2026-09-04,ZQQ27,95.7650,yahoo
2026-09-04,ZQU26,96.3025,yahoo
2026-09-04,ZQU27,95.7600,yahoo
2026-09-04,ZQV26,96.2150,yahoo
2026-09-04,ZQV27,95.7550,yahoo
2026-09-04,ZQX26,96.1550,yahoo
2026-09-04,ZQX27,95.7600,yahoo
2026-09-04,ZQZ26,96.0600,yahoo
2026-09-04,ZQZ27,95.7750,yahoo
2026-09-08,ZQF27,96.0100,yahoo
2026-09-08,ZQF28,95.7650,yahoo
2026-09-08,ZQG27,95.9550,yahoo
2026-09-08,ZQG28,95.7850,yahoo
2026-09-08,ZQH27,95.9100,yahoo
2026-09-08,ZQJ27,95.8550,yahoo
2026-09-08,ZQK27,95.8200,yahoo
2026-09-08,ZQM27,95.7800,yahoo
2026-09-08,ZQN27,95.7600,yahoo
2026-09-08,ZQQ27,95.7500,yahoo
2026-09-08,ZQU26,96.3025,yahoo
2026-09-08,ZQU27,95.7450,yahoo
2026-09-08,ZQV26,96.2150,yahoo
2026-09-08,ZQV27,95.7400,yahoo
2026-09-08,ZQX26,96.1550,yahoo
2026-09-08,ZQX27,95.7400,yahoo
2026-09-08,ZQZ26,96.0600,yahoo
2026-09-08,ZQZ27,95.7550,yahoo
2026-09-09,ZQF27,95.9950,yahoo
2026-09-09,ZQF28,95.7250,yahoo
2026-09-09,ZQG27,95.9400,yahoo
2026-09-09,ZQG28,95.7450,yahoo
2026-09-09,ZQH27,95.8900,yahoo
2026-09-09,ZQJ27,95.8350,yahoo
2026-09-09,ZQK27,95.7950,yahoo
2026-09-09,ZQM27,95.7550,yahoo
2026-09-09,ZQN27,95.7350,yahoo
2026-09-09,ZQQ27,95.7200,yahoo
2026-09-09,ZQU26,96.3000,yahoo
2026-09-09,ZQU27,95.7100,yahoo
2026-09-09,ZQV26,96.2100,yahoo
2026-09-09,ZQV27,95.7050,yahoo
2026-09-09,ZQX26,96.1450,yahoo
2026-09-09,ZQX27,95.7050,yahoo
2026-09-09,ZQZ26,96.0450,yahoo
2026-09-09,ZQZ27,95.7150,yahoo
2026-09-10,ZQF27,95.9150,yahoo
2026-09-10,ZQF28,95.5600,yahoo
2026-09-10,ZQG27,95.8350,yahoo
2026-09-10,ZQG28,95.5800,yahoo
2026-09-10,ZQH27,95.7700,yahoo
2026-09-10,ZQJ27,95.7000,yahoo
2026-09-10,ZQK27,95.6450,yahoo
2026-09-10,ZQM27,95.6000,yahoo
2026-09-10,ZQN27,95.5750,yahoo
2026-09-10,ZQQ27,95.5550,yahoo
2026-09-10,ZQU26,96.2875,yahoo
2026-09-10,ZQU27,95.5450,yahoo
2026-09-10,ZQV26,96.1800,yahoo
2026-09-10,ZQV27,95.5400,yahoo
2026-09-10,ZQX26,96.0950,yahoo
2026-09-10,ZQX27,95.5400,yahoo
2026-09-10,ZQZ26,95.9750,yahoo
2026-09-10,ZQZ27,95.5500,yahoo
2026-09-11,ZQF27,95.8550,yahoo
2026-09-11,ZQF28,95.4600,yahoo
2026-09-11,ZQG27,95.7700,yahoo
2026-09-11,ZQG28,95.4800,yahoo
2026-09-11,ZQH27,95.7000,yahoo
2026-09-11,ZQJ27,95.6200,yahoo
2026-09-11,ZQK27,95.5550,yahoo
2026-09-11,ZQM27,95.5000,yahoo
2026-09-11,ZQN27,95.4750,yahoo
2026-09-11,ZQQ27,95.4500,yahoo
2026-09-11,ZQU26,96.2675,yahoo
2026-09-11,ZQU27,95.4400,yahoo
2026-09-11,ZQV26,96.1400,yahoo
2026-09-11,ZQV27,95.4350,yahoo
2026-09-11,ZQX26,96.0300,yahoo
2026-09-11,ZQX27,95.4350,yahoo
2026-09-11,ZQZ26,95.9100,yahoo
2026-09-11,ZQZ27,95.4500,yahoo
2026-09-14,ZQF27,95.8450,yahoo
2026-09-14,ZQF28,95.4800,yahoo
2026-09-14,ZQG27,95.7650,yahoo
2026-09-14,ZQG28,95.5000,yahoo
2026-09-14,ZQH27,95.7000,yahoo
2026-09-14,ZQJ27,95.6300,yahoo
2026-09-14,ZQK27,95.5700,yahoo
2026-09-14,ZQM27,95.5200,yahoo
2026-09-14,ZQN27,95.4950,yahoo
2026-09-14,ZQQ27,95.4700,yahoo
2026-09-14,ZQU26,96.2600,yahoo
2026-09-14,ZQU27,95.4600,yahoo
2026-09-14,ZQV26,96.1250,yahoo
2026-09-14,ZQV27,95.4550,yahoo
2026-09-14,ZQX26,96.0200,yahoo
2026-09-14,ZQX27,95.4550,yahoo
2026-09-14,ZQZ26,95.9000,yahoo
2026-09-14,ZQZ27,95.4700,yahoo
2026-09-15,ZQF27,95.8400,yahoo
2026-09-15,ZQF28,95.4450,tradingview
2026-09-15,ZQF29,95.3450,tradingview
2026-09-15,ZQF30,95.0700,tradingview
2026-09-15,ZQG27,95.7600,yahoo
2026-09-15,ZQG28,95.4650,tradingview
2026-09-15,ZQG29,95.3300,tradingview
2026-09-15,ZQH27,95.6900,yahoo
2026-09-15,ZQH28,95.4800,tradingview
2026-09-15,ZQH29,95.3150,tradingview
2026-09-15,ZQJ27,95.6150,yahoo
2026-09-15,ZQJ28,95.5500,tradingview
2026-09-15,ZQJ29,95.2750,tradingview
2026-09-15,ZQK27,95.5500,yahoo
2026-09-15,ZQK28,95.5250,tradingview
2026-09-15,ZQK29,95.2500,tradingview
2026-09-15,ZQM27,95.4950,yahoo
2026-09-15,ZQM28,95.5050,tradingview
2026-09-15,ZQM29,95.2300,tradingview
2026-09-15,ZQN27,95.4650,yahoo
2026-09-15,ZQN28,95.4850,tradingview
2026-09-15,ZQN29,95.2100,tradingview
2026-09-15,ZQQ27,95.4400,yahoo
2026-09-15,ZQQ28,95.4050,tradingview
2026-09-15,ZQQ29,95.1300,tradingview
2026-09-15,ZQU26,96.2625,yahoo
2026-09-15,ZQU27,95.4300,yahoo
2026-09-15,ZQU28,95.4050,tradingview
2026-09-15,ZQU29,95.1300,tradingview
2026-09-15,ZQV26,96.1250,yahoo
2026-09-15,ZQV27,95.4200,yahoo
2026-09-15,ZQV28,95.4000,tradingview
2026-09-15,ZQV29,95.1250,tradingview
2026-09-15,ZQX26,96.0200,yahoo
2026-09-15,ZQX27,95.4200,tradingview
2026-09-15,ZQX28,95.3800,tradingview
2026-09-15,ZQX29,95.1050,tradingview
2026-09-15,ZQZ26,95.8950,yahoo
2026-09-15,ZQZ27,95.4350,tradingview
2026-09-15,ZQZ28,95.3600,tradingview
2026-09-15,ZQZ29,95.0850,tradingview
2026-09-16,ZQF27,95.7900,tradingview
2026-09-16,ZQF28,95.3650,tradingview
2026-09-16,ZQF29,95.2650,tradingview
2026-09-16,ZQF30,94.9900,tradingview
2026-09-16,ZQG27,95.7050,tradingview
2026-09-16,ZQG28,95.3850,tradingview
2026-09-16,ZQG29,95.2500,tradingview
2026-09-16,ZQH27,95.6250,tradingview
2026-09-16,ZQH28,95.4000,tradingview
2026-09-16,ZQH29,95.2350,tradingview
2026-09-16,ZQJ27,95.5300,tradingview
2026-09-16,ZQJ28,95.4700,tradingview
2026-09-16,ZQJ29,95.1950,tradingview
2026-09-16,ZQK27,95.4500,tradingview
2026-09-16,ZQK28,95.4450,tradingview
2026-09-16,ZQK29,95.1700,tradingview
2026-09-16,ZQM27,95.3900,tradingview
2026-09-16,ZQM28,95.4250,tradingview
2026-09-16,ZQM29,95.1500,tradingview
2026-09-16,ZQN27,95.3600,tradingview
2026-09-16,ZQN28,95.4050,tradingview
2026-09-16,ZQN29,95.1300,tradingview
2026-09-16,ZQQ27,95.3400,tradingview
2026-09-16,ZQQ28,95.3250,tradingview
2026-09-16,ZQQ29,95.0500,tradingview
2026-09-16,ZQU26,96.2550,tradingview
2026-09-16,ZQU27,95.3300,tradingview
2026-09-16,ZQU28,95.3250,tradingview
2026-09-16,ZQU29,95.0500,tradingview
2026-09-16,ZQV26,96.1050,tradingview
2026-09-16,ZQV27,95.3250,tradingview
2026-09-16,ZQV28,95.3200,tradingview
2026-09-16,ZQV29,95.0450,tradingview
2026-09-16,ZQX26,95.9950,tradingview
2026-09-16,ZQX27,95.3300,tradingview
2026-09-16,ZQX28,95.3000,tradingview
2026-09-16,ZQX29,95.0250,tradingview
2026-09-16,ZQZ26,95.8550,tradingview
2026-09-16,ZQZ27,95.3550,tradingview
2026-09-16,ZQZ28,95.2800,tradingview
2026-09-16,ZQZ29,95.0050,tradingview
2026-09-17,ZQF27,95.7800,tradingview
2026-09-17,ZQF28,95.4250,tradingview
2026-09-17,ZQF29,95.3250,tradingview
2026-09-17,ZQF30,95.0500,tradingview
2026-09-17,ZQG27,95.7000,tradingview
2026-09-17,ZQG28,95.4450,tradingview
2026-09-17,ZQG29,95.3100,tradingview
2026-09-17,ZQH27,95.6250,tradingview
2026-09-17,ZQH28,95.4600,tradingview
2026-09-17,ZQH29,95.2950,tradingview
2026-09-17,ZQJ27,95.5350,tradingview
2026-09-17,ZQJ28,95.5300,tradingview
2026-09-17,ZQJ29,95.2550,tradingview
2026-09-17,ZQK27,95.4750,tradingview
2026-09-17,ZQK28,95.5050,tradingview
2026-09-17,ZQK29,95.2300,tradingview
2026-09-17,ZQM27,95.4250,tradingview
2026-09-17,ZQM28,95.4850,tradingview
2026-09-17,ZQM29,95.2100,tradingview
2026-09-17,ZQN27,95.4000,tradingview
2026-09-17,ZQN28,95.4650,tradingview
2026-09-17,ZQN29,95.1900,tradingview
2026-09-17,ZQQ27,95.3900,tradingview
2026-09-17,ZQQ28,95.3850,tradingview
2026-09-17,ZQQ29,95.1100,tradingview
2026-09-17,ZQU26,96.2525,tradingview
2026-09-17,ZQU27,95.3850,tradingview
2026-09-17,ZQU28,95.3850,tradingview
2026-09-17,ZQU29,95.1100,tradingview
2026-09-17,ZQV26,96.1050,tradingview
2026-09-17,ZQV27,95.3800,tradingview
2026-09-17,ZQV28,95.3800,tradingview
2026-09-17,ZQV29,95.1050,tradingview
2026-09-17,ZQX26,95.9800,tradingview
2026-09-17,ZQX27,95.3900,tradingview
2026-09-17,ZQX28,95.3600,tradingview
2026-09-17,ZQX29,95.0850,tradingview
2026-09-17,ZQZ26,95.8450,tradingview
2026-09-17,ZQZ27,95.4150,tradingview
2026-09-17,ZQZ28,95.3400,tradingview
2026-09-17,ZQZ29,95.0650,tradingview
2026-09-18,ZQF27,95.7700,tradingview
2026-09-18,ZQF28,95.3600,tradingview
2026-09-18,ZQF29,95.2600,tradingview
2026-09-18,ZQF30,94.9850,tradingview
2026-09-18,ZQG27,95.6800,tradingview
2026-09-18,ZQG28,95.3800,tradingview
2026-09-18,ZQG29,95.2450,tradingview
2026-09-18,ZQH27,95.6000,tradingview
2026-09-18,ZQH28,95.3950,tradingview
2026-09-18,ZQH29,95.2300,tradingview
2026-09-18,ZQJ27,95.5100,tradingview
2026-09-18,ZQJ28,95.4650,tradingview
2026-09-18,ZQJ29,95.1900,tradingview
2026-09-18,ZQK27,95.4400,tradingview
2026-09-18,ZQK28,95.4400,tradingview
2026-09-18,ZQK29,95.1650,tradingview
2026-09-18,ZQM27,95.3850,tradingview
2026-09-18,ZQM28,95.4200,tradingview
2026-09-18,ZQM29,95.1450,tradingview
2026-09-18,ZQN27,95.3550,tradingview
2026-09-18,ZQN28,95.4000,tradingview
2026-09-18,ZQN29,95.1250,tradingview
2026-09-18,ZQQ27,95.3350,tradingview
2026-09-18,ZQQ28,95.3200,tradingview
2026-09-18,ZQQ29,95.0450,tradingview
2026-09-18,ZQU26,96.2525,tradingview
2026-09-18,ZQU27,95.3250,tradingview
2026-09-18,ZQU28,95.3200,tradingview
2026-09-18,ZQU29,95.0450,tradingview
2026-09-18,ZQV26,96.1050,tradingview
2026-09-18,ZQV27,95.3200,tradingview
2026-09-18,ZQV28,95.3150,tradingview
2026-09-18,ZQV29,95.0400,tradingview
2026-09-18,ZQX26,95.9750,tradingview
2026-09-18,ZQX27,95.3300,tradingview
2026-09-18,ZQX28,95.2950,tradingview
2026-09-18,ZQX29,95.0200,tradingview
2026-09-18,ZQZ26,95.8350,tradingview
2026-09-18,ZQZ27,95.3500,tradingview
2026-09-18,ZQZ28,95.2750,tradingview
2026-09-18,ZQZ29,95.0000,tradingview
2026-09-21,ZQF27,95.7700,tradingview
2026-09-21,ZQF28,95.3550,tradingview
2026-09-21,ZQF29,95.2550,tradingview
2026-09-21,ZQF30,94.9800,tradingview
2026-09-21,ZQG27,95.6800,tradingview
2026-09-21,ZQG28,95.3750,tradingview
2026-09-21,ZQG29,95.2400,tradingview
2026-09-21,ZQH27,95.6000,tradingview
2026-09-21,ZQH28,95.3900,tradingview
2026-09-21,ZQH29,95.2250,tradingview
2026-09-21,ZQJ27,95.5100,tradingview
2026-09-21,ZQJ28,95.4600,tradingview
2026-09-21,ZQJ29,95.1850,tradingview
2026-09-21,ZQK27,95.4350,tradingview
2026-09-21,ZQK28,95.4350,tradingview
2026-09-21,ZQK29,95.1600,tradingview
2026-09-21,ZQM27,95.3800,tradingview
2026-09-21,ZQM28,95.4150,tradingview
2026-09-21,ZQM29,95.1400,tradingview
2026-09-21,ZQN27,95.3500,tradingview
2026-09-21,ZQN28,95.3950,tradingview
2026-09-21,ZQN29,95.1200,tradingview
2026-09-21,ZQQ27,95.3300,tradingview
2026-09-21,ZQQ28,95.3150,tradingview
2026-09-21,ZQQ29,95.0400,tradingview
2026-09-21,ZQU26,96.2525,tradingview
2026-09-21,ZQU27,95.3200,tradingview
2026-09-21,ZQU28,95.3150,tradingview
2026-09-21,ZQU29,95.0400,tradingview
2026-09-21,ZQV26,96.1050,tradingview
2026-09-21,ZQV27,95.3150,tradingview
2026-09-21,ZQV28,95.3100,tradingview
2026-09-21,ZQV29,95.0350,tradingview
2026-09-21,ZQX26,95.9750,tradingview
2026-09-21,ZQX27,95.3250,tradingview
2026-09-21,ZQX28,95.2900,tradingview
2026-09-21,ZQX29,95.0150,tradingview
2026-09-21,ZQZ26,95.8350,tradingview
2026-09-21,ZQZ27,95.3450,tradingview
2026-09-21,ZQZ28,95.2700,tradingview
2026-09-21,ZQZ29,94.9950,tradingview
2026-09-22,ZQF27,95.7750,tradingview
2026-09-22,ZQF28,95.3550,tradingview
2026-09-22,ZQF29,95.2500,tradingview
2026-09-22,ZQF30,94.9750,tradingview
2026-09-22,ZQG27,95.6800,tradingview
2026-09-22,ZQG28,95.3750,tradingview
2026-09-22,ZQG29,95.2350,tradingview
2026-09-22,ZQH27,95.6050,tradingview
2026-09-22,ZQH28,95.3900,tradingview
2026-09-22,ZQH29,95.2200,tradingview
2026-09-22,ZQJ27,95.5150,tradingview
2026-09-22,ZQJ28,95.4550,tradingview
2026-09-22,ZQJ29,95.1800,tradingview
2026-09-22,ZQK27,95.4400,tradingview
2026-09-22,ZQK28,95.4300,tradingview
2026-09-22,ZQK29,95.1550,tradingview
2026-09-22,ZQM27,95.3850,tradingview
2026-09-22,ZQM28,95.4100,tradingview
2026-09-22,ZQM29,95.1350,tradingview
2026-09-22,ZQN27,95.3550,tradingview
2026-09-22,ZQN28,95.3900,tradingview
2026-09-22,ZQN29,95.1150,tradingview
2026-09-22,ZQQ27,95.3350,tradingview
2026-09-22,ZQQ28,95.3100,tradingview
2026-09-22,ZQQ29,95.0350,tradingview
2026-09-22,ZQU26,96.2525,tradingview
2026-09-22,ZQU27,95.3250,tradingview
2026-09-22,ZQU28,95.3100,tradingview
2026-09-22,ZQU29,95.0350,tradingview
2026-09-22,ZQV26,96.1050,tradingview
2026-09-22,ZQV27,95.3200,tradingview
2026-09-22,ZQV28,95.3050,tradingview
2026-09-22,ZQV29,95.0300,tradingview
2026-09-22,ZQX26,95.9800,tradingview
2026-09-22,ZQX27,95.3250,tradingview
2026-09-22,ZQX28,95.2850,tradingview
2026-09-22,ZQX29,95.0100,tradingview
2026-09-22,ZQZ26,95.8400,tradingview
2026-09-22,ZQZ27,95.3450,tradingview
2026-09-22,ZQZ28,95.2650,tradingview
2026-09-22,ZQZ29,94.9900,tradingview
2026-09-23,ZQF27,95.7350,tradingview
2026-09-23,ZQF28,95.2000,tradingview
2026-09-23,ZQF29,95.0950,tradingview
2026-09-23,ZQF30,94.8200,tradingview
2026-09-23,ZQG27,95.6250,tradingview
2026-09-23,ZQG28,95.2200,tradingview
2026-09-23,ZQG29,95.0800,tradingview
2026-09-23,ZQH27,95.5450,tradingview
2026-09-23,ZQH28,95.2350,tradingview
2026-09-23,ZQH29,95.0650,tradingview
2026-09-23,ZQJ27,95.4500,tradingview
2026-09-23,ZQJ28,95.3000,tradingview
2026-09-23,ZQJ29,95.0250,tradingview
2026-09-23,ZQK27,95.3600,tradingview
2026-09-23,ZQK28,95.2750,tradingview
2026-09-23,ZQK29,95.0000,tradingview
2026-09-23,ZQM27,95.2900,tradingview
2026-09-23,ZQM28,95.2550,tradingview
2026-09-23,ZQM29,94.9800,tradingview
2026-09-23,ZQN27,95.2550,tradingview
2026-09-23,ZQN28,95.2350,tradingview
2026-09-23,ZQN29,94.9600,tradingview
2026-09-23,ZQQ27,95.2200,tradingview
2026-09-23,ZQQ28,95.1550,tradingview
2026-09-23,ZQQ29,94.8800,tradingview
2026-09-23,ZQU26,96.2550,tradingview
2026-09-23,ZQU27,95.2000,tradingview
2026-09-23,ZQU28,95.1550,tradingview
2026-09-23,ZQU29,94.8800,tradingview
2026-09-23,ZQV26,96.1050,tradingview
2026-09-23,ZQV27,95.1850,tradingview
2026-09-23,ZQV28,95.1500,tradingview
2026-09-23,ZQV29,94.8750,tradingview
2026-09-23,ZQX26,95.9450,tradingview
2026-09-23,ZQX27,95.1750,tradingview
2026-09-23,ZQX28,95.1300,tradingview
2026-09-23,ZQX29,94.8550,tradingview
2026-09-23,ZQZ26,95.8050,tradingview
2026-09-23,ZQZ27,95.1900,tradingview
2026-09-23,ZQZ28,95.1100,tradingview
2026-09-23,ZQZ29,94.8350,tradingview
2026-09-24,ZQF27,95.7350,tradingview
2026-09-24,ZQF28,95.2050,tradingview
2026-09-24,ZQF29,95.1000,tradingview
2026-09-24,ZQF30,94.8250,tradingview
2026-09-24,ZQG27,95.6250,tradingview
2026-09-24,ZQG28,95.2250,tradingview
2026-09-24,ZQG29,95.0850,tradingview
2026-09-24,ZQH27,95.5400,tradingview
2026-09-24,ZQH28,95.2400,tradingview
2026-09-24,ZQH29,95.0700,tradingview
2026-09-24,ZQJ27,95.4400,tradingview
2026-09-24,ZQJ28,95.3050,tradingview
2026-09-24,ZQJ29,95.0300,tradingview
2026-09-24,ZQK27,95.3500,tradingview
2026-09-24,ZQK28,95.2800,tradingview
2026-09-24,ZQK29,95.0050,tradingview
2026-09-24,ZQM27,95.2800,tradingview
2026-09-24,ZQM28,95.2600,tradingview
2026-09-24,ZQM29,94.9850,tradingview
2026-09-24,ZQN27,95.2450,tradingview
2026-09-24,ZQN28,95.2400,tradingview
2026-09-24,ZQN29,94.9650,tradingview
2026-09-24,ZQQ27,95.2150,tradingview
2026-09-24,ZQQ28,95.1600,tradingview
2026-09-24,ZQQ29,94.8850,tradingview
2026-09-24,ZQU26,96.2525,tradingview
2026-09-24,ZQU27,95.2000,tradingview
2026-09-24,ZQU28,95.1600,tradingview
2026-09-24,ZQU29,94.8850,tradingview
2026-09-24,ZQV26,96.1050,tradingview
2026-09-24,ZQV27,95.1850,tradingview
2026-09-24,ZQV28,95.1550,tradingview
2026-09-24,ZQV29,94.8800,tradingview
2026-09-24,ZQX26,95.9500,tradingview
2026-09-24,ZQX27,95.1800,tradingview
2026-09-24,ZQX28,95.1350,tradingview
2026-09-24,ZQX29,94.8600,tradingview
2026-09-24,ZQZ26,95.8050,tradingview
2026-09-24,ZQZ27,95.1950,tradingview
2026-09-24,ZQZ28,95.1150,tradingview
2026-09-24,ZQZ29,94.8400,tradingview
